What is a shell, and what does the `|` (pipe) actually do?	A **shell** is the program that reads what you type and runs it, `zsh` or `bash` on macOS/Linux, PowerShell on Windows. It's essentially a REPL for your whole computer: you type a command, the OS runs a program, and it prints output. The `|` pipe takes the output of one program and feeds it in as the input of the next, so small, specialized tools compose into bigger jobs. In `ls -la | grep ".py" | wc -l`, `ls` lists files, `grep` filters to lines containing `.py`, and `wc -l` counts what's left, three dumb workers lined up on a conveyor belt.	00_1-setup-and-tooling
Why should you never `pip install` into the system Python? What does a virtual environment isolate?	The system Python is what the operating system depends on for its own internal tools, so installing packages into it or upgrading it can break the OS. It's also like one shared communal kitchen: if Project A needs version 1.0 of a library and Project B needs version 2.0, installing globally means they fight and one breaks. A **virtual environment** is a self-contained folder holding its own copy of Python and its own `site-packages`; activating it points `python` and `pip` inside that folder, isolating each project's dependencies like a private kitchen.	00_1-setup-and-tooling
What are the three "places" a file can live in git, and which command moves a change between each?	The three places are the **working directory** (the files you're actually editing), the **staging area/index** (a holding pen for changes you've marked with `git add`), and the **repository** (the committed history). `git add` moves a change from working directory to staging; `git commit` moves it from staging into the repository as a permanent snapshot. Think of it as a two-step airlock: you choose exactly what goes in the box (`git add`), then tape it shut and label it (`git commit -m "..."`).	00_1-setup-and-tooling
What's the difference between stdout and stderr, and why keep them separate?	**stdout** (stream 1) is a process's normal output; **stderr** (stream 2) is its error output, separate from **stdin** (stream 0), the input. Keeping them separate is why you can pipe or redirect a program's results somewhere else while its errors still show up on screen instead of getting silently swallowed. For example, `python script.py > out.txt 2> err.txt` sends normal output to `out.txt` and errors to `err.txt` independently.	00_1-setup-and-tooling
What does a breakpoint let you do that a print statement doesn't?	A breakpoint freezes the running program at a specific line and opens a panel showing every variable's current value, letting you step over a line, step into a function call, and resume at will. A print statement only shows you the one thing you thought to print, at the moment you thought to print it. It's like hitting pause on a movie to study a single frame, versus print, which only shows you the frames you singled out in advance.	00_1-setup-and-tooling
In one breath, what's the loop: editor → file → interpreter → output, and where does the terminal fit?	You type code into an **editor**, save it as a `.py` file, and use the **terminal** to tell the **Python interpreter** to run that file; the interpreter reads the instructions and prints results or errors back to you. The terminal is the doorway in the loop: it's where you launch the interpreter on your file and where the output comes back. Every other tool in the chapter, virtual environments, git, the debugger, exists to make this same loop smoother and safer.	00_1-setup-and-tooling
You get `ModuleNotFoundError` right after a successful `pip install`. What's your first hypothesis and the one command you'd run to check it? If any of those are fuzzy, reread that section. If they're solid, your environment is ready. Next you'll learn the language in [Chapter 0.2: Programming Fundamentals](00.2-programming-fundamentals.md), then how to think through problems in [Chapter 0.3](00.3-problem-solving.md), before heading to [Part 1: how computers represent everything](../01-Foundations/01.1-data-representation.md).	The first hypothesis is that the virtual environment wasn't active when you ran `pip install`, so the package landed in a different Python than the one running your code. The one command to check: look for `(.venv)` at the start of your prompt, or run `which python` and `which pip` to see whether they both point inside `.venv` or diverge. If they don't both point inside the project's venv, `source .venv/bin/activate` and reinstall.	00_1-setup-and-tooling
What's the difference between `=` and `==`? Between `/` and `//`?	`=` is **assignment**, an arrow pointing right to left that makes a name refer to a value; `==` is **comparison**, which checks equality and produces a `bool`. `/` is regular division and always returns a float, even `4 / 2` gives `2.0`; `//` is **floor division**, which drops the remainder and rounds down to a whole number, like splitting cookies among friends and keeping only the whole-cookie count. Confusing `=` with `==` inside an `if` is a classic beginner trap, though Python protects you by refusing `=` in a condition.	00_2-programming-fundamentals
Why is `input()`'s result always a string, and what do you do about it?	`input()` always hands back a **string**, even if the user types `42`, you get the text `"42"`, not the number. This matters because doing math on that result directly fails, `"25" + 1` raises a `TypeError`. The fix is to convert right away with `int()` or `float()`, for example `age = int(input("Age? "))`.	00_2-programming-fundamentals
Indexing starts at what number? What does slicing's "stop is exclusive" mean?	Indexing starts at **0**; the first character or element is 0 steps from the start. Slicing with `[start:stop]` grabs everything from `start` up to but not including `stop`, so `s[0:3]` returns indices 0, 1, and 2, never index 3. This "stop is exclusive" rule is consistent across strings, lists, and every sequential type in Python.	00_2-programming-fundamentals
When do you reach for a list vs a dict vs a set?	Reach for a **list** when you need an ordered, growable collection that can hold duplicates, an ordered row of items you'll add to or iterate over. Reach for a **dict** when you need to look things up by a key or name, mapping something like a person's name to their age with fast lookups. Reach for a **set** when you need unique items or fast "have I seen this?" membership checks, since sets automatically drop duplicates and test membership quickly. Ninety percent of everyday code is just lists and dicts.	00_2-programming-fundamentals
What does `return` do, and what does a function return if it has no `return`?	`return` hands a value back to whoever called the function and ends the function's work at that point. If a function has no `return` statement, it implicitly returns `None`, meaning it did something (like printing) but produced no value to hand back. This is why calling a function that only `print`s and assigning its result to a variable leaves that variable holding `None`.	00_2-programming-fundamentals
How do you read a traceback - which line do you look at first?	You read a traceback bottom-up: the **last line** first, since it names the error type (like `ZeroDivisionError`) and the message explaining what went wrong. The lines above show *where* it happened, the file and line number, along with the actual offending line of code. So the order is: what kind of error, what the message says, which line, then go look at that line with the message in mind.	00_2-programming-fundamentals
What does `if __name__ == "__main__":` accomplish? If any are fuzzy, reread that section and run the examples. Running beats rereading. ---	`if __name__ == "__main__":` makes a block only run when the file is executed directly, not when it's imported by another file. When you run a file directly, Python sets the hidden variable `__name__` to `"__main__"`; when another file imports it, `__name__` is set to the module's name instead. This lets you reuse a file's functions elsewhere without triggering its script logic (like calling `main()`) just from importing it.	00_2-programming-fundamentals
Name the four pillars of computational thinking and give a one-line example of each.	**Decomposition** is splitting a big, scary problem into small solvable ones, like breaking "build a to-do app" into add, list, complete, and remove. **Pattern recognition** is noticing a problem is a shape you've seen before, "count word frequency" and "count product sales" are both just tallying things into a dict. **Abstraction** is ignoring irrelevant detail and focusing on the essence, like realizing "find duplicates" only needs fast "have I seen this?" checks, a set problem regardless of whether the items are names or numbers. **Pseudocode/algorithms** means planning the precise steps in plain English before writing any Python, like sketching "find the largest number" as a loop before coding it.	00_3-problem-solving
Recite the six framework steps (UEBOCT). Why is "brute force before optimize"?	The six steps are **U**nderstand, **E**xamples, **B**rute force, **O**ptimize, **C**ode, **T**est. Brute force comes before optimize because a working slow solution beats a broken clever one, always, and it gives you something correct to compare against once you do optimize. It also shows progress (useful in interviews) and keeps you from prematurely chasing an elegant solution to a problem you haven't even solved yet.	00_3-problem-solving
Why work concrete examples *by hand* before coding? What do edge cases buy you?	Working concrete examples by hand confirms you actually understand the problem, and often the algorithm reveals itself: whatever you naturally do in your head to get the right answer is the algorithm. Edge cases, empty input, one element, duplicates, negatives, the biggest or smallest allowed, buy you correctness against the inputs that break naive solutions. The FizzBuzz walkthrough shows this directly: tracing 15 by hand exposes that the "divisible by both 3 and 5" case must be checked first, a trap you'd miss without hand-tracing.	00_3-problem-solving
What's the debugging mantra, and what does "bisect" mean in debugging?	The debugging mantra is **"don't guess, verify"**, meaning you check what a value actually is with a `print` or breakpoint instead of assuming. **Bisect** means checking the middle of a long pipeline to see whether the data is still correct halfway through, which tells you whether the bug is in the first half or the second half. Repeating that narrows a 1000-line program down to a single line in about ten steps.	00_3-problem-solving
What goes into a *good* question when you're stuck, the four parts?	A good question includes four parts: what you're trying to do (the goal), what you tried (the relevant code, kept minimal), what happened (the exact error or wrong output), and what you expected instead. Together these form a **minimal reproducible example**. Producing one is itself a form of debugging, since shrinking the problem down to its essentials often reveals the bug before you even post the question.	00_3-problem-solving
In two-sum, what was the wasted work in brute force, and what data structure removed it? If you can do these, you don't just *know* Python, you know how to *use* it to think. That's the difference that gets hired. ---	The brute-force two-sum solution wastes work by rescanning the whole list for every number to find its complement, checking nearly every pair of indices. Recognizing that "is this value present, and where?" is a repeated lookup problem points to a **dict** mapping value to index, built in a single pass. Walking the list once and checking `target - number` against the dict as you go, recording the current number only after checking it, turns the double loop into one pass, and it handles the duplicate-values edge case correctly because the check happens before the recording.	00_3-problem-solving
**Why is a cache miss to RAM such a big deal, in CPU terms?** Because RAM is ~100x slower than L1 cache and the CPU stalls while waiting. On the "1 cycle = 1 second" scale, an L1 hit is ~3 seconds while a RAM fetch is ~5 minutes. So a code path full of cache misses spends most of its time *waiting*, not computing, which is why locality (spatial + temporal) often dominates raw operation count.	RAM is roughly 100x slower than L1 cache, so on a cache miss the CPU simply stalls, waiting for data instead of computing. On the chapter's "1 cycle = 1 second" scale, an L1 hit feels like about 3 seconds while a RAM fetch feels like about 5 minutes. A code path riddled with cache misses spends most of its time waiting, not computing, which is why **locality**, both spatial and temporal, often matters more for real performance than the raw number of operations an algorithm does.	05_1-memory
**Draw the four main regions of a process's address space and say what each holds.** From high to low: **stack** (call frames/locals, grows down) → free space → **heap** (dynamic allocation, grows up) → **BSS** (zeroed globals) → **data** (initialized globals) → **text** (read-only code). Stack and heap grow toward each other through the shared free region.	From high addresses to low, a process's address space is laid out as **stack**, free space, **heap**, **BSS**, **data**, then **text**. The stack holds call frames and local variables and grows downward; the heap holds dynamically allocated memory and grows upward, toward the stack, through the shared free region in between. Below the heap, BSS holds zeroed, uninitialized globals, data holds initialized globals and statics, and text at the very bottom holds the read-only compiled instructions.	05_1-memory
**What *is* a stack overflow, mechanically?** The stack is a small fixed-size region. Each un-returned call keeps a frame on it. Recursing too deep (or with no base case) pushes frames past the end of the region into a guard page, and the OS kills the process. CPython adds a software recursion limit (~1000) so you get a clean `RecursionError` first.	The stack is a small, fixed-size region of memory, and every function call that hasn't returned yet keeps its stack frame sitting on it. Recursing too deep, or recursing with no base case, keeps pushing new frames until they run past the end of that region into a guard page, at which point the OS kills the process. CPython softens this by adding its own recursion limit (`sys.getrecursionlimit()`, around 1000), so you get a clean, catchable `RecursionError` before the real hardware stack actually blows.	05_1-memory
**Explain Python's "pass by object reference" using the mutate-vs-rebind distinction.** Python copies the *reference* (pointer), not the object. So **mutating** the passed object (`lst.append(...)`) reaches the shared object and the caller sees it; **rebinding** the parameter name (`lst = [...]`) only repoints the local copy of the arrow, so the caller doesn't see it. Slogan: *the reference is passed by value.*	Python copies the reference, not the object, when it passes an argument into a function. If the function **mutates** the object it received, such as `lst.append(...)`, that reaches the same shared object, so the caller sees the change. If the function instead **rebinds** the parameter name to something new, such as `lst = [...]`, it only repoints its own local copy of the reference, leaving the caller's binding untouched. The chapter's slogan for this is that the reference itself is passed by value.	05_1-memory
**Why does CPython need both reference counting and a tracing GC?** Refcounting frees objects promptly when their count hits 0, which handles the common case cheaply and incrementally, but it *cannot* reclaim reference cycles (objects that point at each other keep each other's counts above 0). The generational tracing collector exists specifically to find and free those unreachable cycles, exploiting that most objects die young to keep pauses small.	**Reference counting** frees an object the instant its count reaches zero, which is prompt and cheap for the common case, but it has a structural blind spot: two objects that reference each other keep each other's counts above zero even after nothing else points to either, a reference cycle. CPython's generational **tracing collector** exists specifically to catch that case, it walks from known roots to find everything actually reachable and frees whatever isn't, including orphaned cycles. It scans young objects frequently and old ones rarely, on the assumption that most objects die young, which keeps its pauses small. The two mechanisms are complementary: refcounting handles the bulk of objects cheaply, and tracing mops up what refcounting structurally cannot.	05_1-memory
**Can you leak memory in a garbage-collected language? Give an example.** Yes. The GC only frees what's *unreachable*; it can't free what you still (accidentally) hold a reference to. Classic leaks: an ever-growing global cache/list, never-unsubscribed event listeners, or a long-lived closure capturing a big object. These are *logical* leaks, the memory is still reachable, so the GC correctly leaves it alone.	Yes. The garbage collector only frees what's **unreachable**, it can't free memory you're still, even accidentally, holding a reference to. The chapter's examples are an ever-growing global cache or list that's never trimmed, event listeners that get registered but never unsubscribed, and a closure that captures a large object and stays alive. These are logical leaks: the memory is technically still reachable, so the GC is correctly leaving it alone even though the program no longer actually needs it.	05_1-memory
**State the concurrency-vs-parallelism distinction in one precise sentence each.** Concurrency is *structuring* a program as independently progressing tasks that may be interleaved (dealing with many things at once); parallelism is *executing* multiple tasks literally simultaneously on multiple cores (doing many things at once). You can have concurrency without parallelism (async on one core).	**Concurrency** is structuring a program as independently progressing tasks that may be interleaved, dealing with many things at once. **Parallelism** is executing multiple tasks literally at the same instant on multiple cores, doing many things at once. You can have concurrency without parallelism, the chapter's example is async running on a single core, where tasks take turns but only one is ever actually executing at any given moment.	05_2-concurrency
**Why is `count += 1` a race condition across threads, and how does a lock fix it?** `+=` is read-modify-write, three non-atomic steps; a context switch between read and write lets two threads both read the old value and both write the same increment, losing one. A lock makes the whole read-modify-write a critical section that only one thread enters at a time, serializing access.	`count += 1` looks like a single step but is really three non-atomic steps: read the value, add one, write it back. If a context switch lands between the read and the write, two threads can both read the same old value and both write back the same incremented result, silently losing one increment. A **lock** turns that whole read-modify-write sequence into a critical section that only one thread can be inside at a time, forcing the others to wait their turn and serializing access to the shared counter.	05_2-concurrency
**List the four Coffman conditions and name the most practical one to break.** Mutual exclusion, hold-and-wait, no-preemption, circular-wait, all four must hold for deadlock. The most practical to break is **circular wait**, via a global **lock-ordering** rule (always acquire locks in the same order).	The four **Coffman conditions** are mutual exclusion (a resource can only have one holder), hold-and-wait (a thread holds one resource while waiting for another), no preemption (resources can't be forcibly taken away), and circular wait (a cycle of threads each waiting on the next). All four have to hold simultaneously for deadlock to happen. The most practical one to break is circular wait, enforced with a global **lock-ordering** rule, always acquire locks in the same fixed order, which the chapter shows makes a cycle impossible to form.	05_2-concurrency
**What is the GIL and what does it imply for threads doing CPU-bound work?** The GIL is a single mutex in CPython that lets only one thread execute Python bytecode at a time (to keep refcounting thread-safe). So pure-Python CPU-bound work gets **no** parallelism from threads, it serializes (and may even slow down). CPU parallelism needs `multiprocessing` (separate interpreters, separate GILs).	The **GIL** (Global Interpreter Lock) is a single mutex in CPython that lets only one thread execute Python bytecode at a time, which is what keeps reference counting safe without locking every individual object. For pure-Python CPU-bound work this means threads give you no real parallelism, they just serialize through the interpreter, and contention can even make the threaded version slower than single-threaded code. Real CPU parallelism needs `multiprocessing`, since each process gets its own interpreter and its own GIL.	05_2-concurrency
**When do threads still help in CPython despite the GIL?** For **I/O-bound** work. A thread blocked on network/disk I/O *releases the GIL*, letting other threads run, so the waiting overlaps. Fetching many URLs, reading many files, threads shine because the bottleneck is waiting, not computing.	Threads still help for **I/O-bound** work. When a thread blocks on network or disk I/O, it releases the GIL, letting another thread run while it waits, so the waiting overlaps instead of adding up sequentially. For something like fetching many URLs or reading many files, this makes threads genuinely effective even though only one thread ever executes Python bytecode at a time, because the actual bottleneck is time spent waiting, not time spent computing.	05_2-concurrency
**How does the asyncio event loop achieve concurrency without threads or locks?** Coroutines run on one thread and **cooperatively yield** at `await` points (where they'd otherwise wait on I/O). The event loop runs ready tasks, parks ones that are waiting, and resumes them when their I/O completes. Because switches only happen at explicit `await`s, there's no mid-operation interleaving, so no locks are needed between coroutines. It wins for huge numbers of cheap, I/O-bound tasks; it's the wrong tool for CPU-bound work (a non-yielding coroutine starves the loop).	All coroutines run on a single thread and **cooperatively yield** control at `await` points, exactly where they'd otherwise block on I/O. The event loop runs whatever tasks are ready, parks the ones that are waiting, and resumes each one once its I/O completes. Because a switch only ever happens at an explicit `await`, code between two `await`s runs without interruption from other coroutines, so no locks are needed between them. This design wins for huge numbers of cheap, I/O-bound tasks, but it's the wrong tool for CPU-bound work, since a coroutine that never yields starves the entire loop.	05_2-concurrency
**What is the kernel/user-space boundary, and how does a program cross it?** User mode is unprivileged (can't touch hardware or other processes' memory); kernel mode is privileged. A program crosses *only* via a **system call**, a controlled trap that switches to kernel mode at a fixed entry point, where the kernel validates the request, does the privileged work, and returns. Every file/network/process operation bottoms out in syscalls (watchable with `strace`/`dtruss`).	**User mode** is unprivileged, a program running there can't directly touch hardware or another process's memory. **Kernel mode** is privileged and is where the OS core runs. The only sanctioned way to cross from user mode into kernel mode is a **system call**, a controlled trap that switches the CPU to kernel mode at a fixed entry point, where the kernel validates the request, performs the privileged work, and returns. Every file, network, or process operation eventually bottoms out in syscalls, which you can watch directly with tools like `strace` or `dtruss`.	05_3-operating-systems
**What does "preemptive scheduling" mean and what hardware makes it possible?** A periodic **timer interrupt** forcibly returns control to the kernel, so no process can monopolize the CPU; the scheduler then picks the next ready process (e.g., round-robin time slices). Without the timer interrupt, a buggy infinite loop could freeze the whole machine.	**Preemptive scheduling** means the OS can forcibly take the CPU back from a running process instead of waiting for that process to voluntarily give it up. This is made possible by a periodic **timer interrupt**, which fires and hands control back to the kernel so the scheduler can pick the next ready process, for example handing out round-robin time slices. Without that timer interrupt, a single buggy infinite loop could monopolize the CPU and freeze the entire machine.	05_3-operating-systems
**Why does virtual memory exist, and what is a page fault?** It gives each process an isolated, contiguous-looking address space (so processes can't address each other's RAM), lets virtual pages map to scattered physical frames, and allows over-commit via swap. A **page fault** is a trap when a process accesses a virtual page not in a physical frame; the kernel loads it from disk (major) or maps a fresh frame (minor). An access to an *unmapped* address is a segfault, the kernel kills the process.	**Virtual memory** gives every process its own isolated, contiguous-looking address space, so one process physically cannot address another's RAM, and it lets virtual pages map onto scattered physical frames while letting the system over-commit memory through swap. A **page fault** is a trap that fires when a process accesses a virtual page that isn't currently sitting in a physical frame, the kernel then either loads it from disk (a major fault) or just maps a fresh zeroed frame (a minor fault). If the address isn't mapped at all, that's a segfault, and the kernel kills the process instead of trying to load anything.	05_3-operating-systems
**What's in an inode, and what's NOT?** An inode holds a file's metadata (type, permissions, owner, size, timestamps, link count) and pointers to its data blocks. It does **not** hold the file's name, names live in directories, which map names → inode numbers. This separation is what makes hard links (multiple names, one inode) possible.	An **inode** holds a file's metadata, its type, permissions, owner, size, timestamps, and link count, plus pointers to the data blocks that hold the actual bytes. What it does not hold is the file's name. Names live in **directories**, which are just files that map names to inode numbers, and that separation is exactly what makes hard links possible: multiple names pointing at the same inode.	05_3-operating-systems
**Decode `chmod 750` and explain what `x` means on a directory.** `750` = owner `rwx` (7), group `r-x` (5), others `---` (0). On a *directory*, `x` means permission to traverse into it / access its entries; without `x` you can't `cd` into it even if you can read the listing.	`chmod 750` sets owner permissions to `rwx` (7), group permissions to `r-x` (5), and others to `---` (0), no access at all. On a **directory** specifically, the `x` bit means permission to traverse into it or access its entries, not permission to read its contents. Without `x` you can't `cd` into a directory even if the `r` bit still lets you list the names inside it.	05_3-operating-systems
**Why must `cd` be a shell builtin instead of an external command?** Because the shell runs external commands by `fork`+`exec` in a *child* process. A child's `chdir` would only change the child's working directory, which dies with the child, leaving the shell's directory unchanged. So `cd` must run in the shell process itself. (Same reasoning applies to `exit`, `export`, etc.)	The shell runs external commands by `fork`ing and then `exec`ing inside a separate child process. If `cd` were an external command, the child's `chdir` call would only change that child's own working directory, and that change disappears the moment the child exits, leaving the shell's directory unchanged. So `cd` has to run inside the shell process itself to actually take effect, and the same reasoning is why `exit` and `export` are also builtins.	05_3-operating-systems
Walk the critical rendering path from HTML bytes to on-screen pixels, naming each stage. At which stage does `display:none` exclude a node, and why?	The pipeline is: parse HTML into the **DOM**, parse CSS into the **CSSOM**, combine both into the **render tree**, run **layout** (compute the geometry of every box), **paint** (rasterize boxes into pixels on layers), then **composite** (combine layers respecting `z-index`/transforms/opacity and send to the screen). `display:none` is excluded at the render tree stage, since that tree only holds the *visible* nodes with their computed styles, so a `display:none` element never gets geometry, paint, or a layer at all.	08_1-frontend
Why is animating `transform` smooth but animating `width` janky? Tie your answer to the layout/paint/composite stages.	`width` changes an element's geometry, so every frame triggers a full **layout** (reflow) that can cascade to other elements, followed by **paint**, before finally compositing, three expensive steps per frame. `transform` (and `opacity`) can be resolved purely at the **composite** stage on the GPU, skipping layout and paint entirely, so the browser just recombines existing layers each frame, which is why it stays smooth.	08_1-frontend
Predict the output order of `console.log("a"); setTimeout(()=>log("b")); Promise.resolve().then(()=>log("c")); console.log("d");` and explain it via microtask vs. macrotask queues.	The output is `a`, `d`, `c`, `b`. Synchronous code on the call stack runs first and to completion, so `a` and `d` print immediately. Then the event loop drains the entire **microtask queue** (the resolved `Promise`'s `.then`, so `c`) before it ever touches the **macrotask queue**, and `setTimeout`'s callback is a macrotask, so `b` runs last.	08_1-frontend
Explain *why* the virtual DOM exists, connecting it to the cost of direct DOM mutation and the idea of reconciliation. What problem does the list `key` prop solve?	Direct DOM mutation is slow (each change can trigger reflow/repaint) and hand-computing the minimal set of updates when state changes is error-prone. React's fix is to have components return a **virtual DOM**, a lightweight JS object tree describing the desired UI; on a state change it re-renders to a new virtual tree and **diffs** it against the previous one (**reconciliation**), then applies only the minimal batched real-DOM operations. The `key` prop gives list items a stable identity so the diff can match elements across renders by identity rather than position, so reordering or inserting doesn't wrongly reuse a node's state or recreate every item.	08_1-frontend
For each of CSR, SSR, SSG, ISR, give a NYX page that fits and say why, citing freshness and SEO.	**CSR** fits a private, logged-in NYX portfolio dashboard: SEO doesn't matter behind a login, and the data is highly interactive and personal, so it's fine that first paint is slower. **SSR** fits a page needing fresh, per-request personalized data where SEO also matters, since it renders full HTML on the server for every request. **SSG** fits a public NYX marketing page or blog post: content rarely changes, so building it once at build time gives the fastest CDN delivery and best SEO. **ISR** fits something like a NYX "market movers" page that should refresh roughly every 60 seconds: it keeps SSG's static speed but rebuilds in the background on a `revalidate` interval for periodic freshness.	08_1-frontend
In the dashboard card, why do we store `data` and `error` in state but compute `total` inline instead of storing it? What bug does the `alive` cleanup flag prevent?	`data` and `error` are the actual results of the fetch and can't be derived from anything else, so they must live in state. `total` is a pure derived value (`data.reduce(...)`) that can always be recomputed from `data`, so storing it separately would risk it drifting out of sync with `data`, the rule is derive, don't store. The `alive` flag prevents the classic "set state after unmount" bug: if `endpoint` changes or the component unmounts while a fetch is still in flight, the cleanup sets `alive = false` so the stale response's `setState` call is skipped instead of overwriting newer state or warning on an unmounted component.	08_1-frontend
Why is `POST` not idempotent while `PUT` and `DELETE` are, and what concrete bug does an idempotency key prevent on a flaky network?	`POST` creates a new resource on each call, so calling it twice produces two resources, while `PUT` (replace) and `DELETE` (remove) have the same end effect no matter how many times you call them. This matters for retries: if a client times out and retries a `PUT`, no harm is done, but retrying a `POST` could double-charge a customer. An **idempotency key** (a unique `Idempotency-Key` header) fixes this: the server stores the result for that key on first execution and replays the same stored response on retry instead of re-running the create, so a flaky network retry can't create a duplicate order or double a charge.	08_2-backend-apis
A client sends valid JSON but with `price: -5`. Which status code should you return and why, and how does FastAPI/Pydantic produce it without you writing an `if`?	Return `422 Unprocessable Entity`: the JSON is well-formed, but a value violates a business rule. You get this for free by declaring the constraint on the Pydantic model, e.g. `price: float = Field(gt=0)`, and FastAPI validates every request against the model before your handler code ever runs, automatically rejecting `-5` with a `422` and a field-level error message. No manual `if price <= 0: raise ...` is needed.	08_2-backend-apis
Contrast offset and cursor pagination on a 10-million-row table: which is fast on page 5000 and why? Connect it to the index discussion in Chapter 7.2.	**Cursor (keyset) pagination** stays fast: `WHERE id > :cursor ORDER BY id LIMIT n` is an index seek, the B-tree jumps straight to the first key past the cursor and reads the next batch, so the work is O(log n) to locate plus a constant number of reads, independent of how deep the page is. **Offset pagination** (`OFFSET 100000 LIMIT 20`) still has to walk past all 100,000 preceding rows before returning the next 20, even with an index on `id`, so latency grows linearly with page depth, making page 5000 far slower than page 1, and it can also skip or duplicate rows if data changes mid-paging.	08_2-backend-apis
Explain GraphQL's N+1 problem with a concrete `users → orders → customer` example, and describe how DataLoader-style batching fixes it.	For a user with 100 orders, a naive GraphQL query `user { orders { customer { name } } }` runs 1 query to fetch the orders, then a *separate* query per order inside the `customer` resolver to fetch that order's customer, 101 round trips total (1 + N) for data that lives in two tables. The **DataLoader** pattern fixes this by having each resolver *register* the customer id it wants instead of fetching immediately; the loader collects all ids requested within one tick of the event loop and fires a single batched `WHERE id IN (...)` query, then hands each resolver its row, deduping shared ids and caching within the request. That turns the same query into 2 total round trips regardless of whether there are 10 orders or 10,000.	08_2-backend-apis
Give two situations where you'd choose GraphQL over REST and two where REST is the better call, citing caching.	Choose **GraphQL** when clients have diverse data needs (mobile wants less data, web wants more) and you want to avoid over-/under-fetching, or when a screen needs to aggregate many resources in one round trip instead of a waterfall of separate REST calls. Choose **REST** when the API is simple and resource-shaped, or when you want easy HTTP caching: REST responses are cacheable by URL, while GraphQL usually funnels everything through one `POST /graphql`, so URL-based caching doesn't apply and you lose that benefit.	08_2-backend-apis
In the FastAPI service, what three things does declaring a Pydantic `response_model` buy you, and why should an unhandled exception return a generic `500` instead of the stack trace?	Declaring `response_model=Item` buys you: (1) automatic **serialization** into exactly the declared shape, stripping any extra fields your handler returns, (2) **validation** that guarantees the response matches the promised contract, and (3) auto-generated **OpenAPI docs** (`/docs`, `/redoc`) built straight from the same type. An unhandled exception should return a generic `500` because leaking a stack trace, SQL, or connection details is a gift to an attacker (and on a HIPAA-aligned product like Anneava, a compliance problem); the right pattern is to log the full trace server-side and return something like `{"error": "internal_server_error"}` to the client.	08_2-backend-apis
Using the restaurant analogy, explain to a non-engineer what an API is and why a client "never enters the kitchen."	The menu is the set of endpoints, exactly what you're allowed to order, and you don't need to know how a dish is made to order it. The waiter is the API contract: you hand over a precise request and get back exactly the agreed shape, which is the promise that lets frontend and backend teams work independently. The kitchen is the backend logic, the database, business rules, and secrets, and the client (browser, app, another service) is never allowed behind the counter to grab a row directly or read the chef's recipes; everything passes through the menu and the waiter. That boundary is what keeps the system safe and swappable: the kitchen can replace its stove entirely, and as long as the salmon comes out the same, the customer never notices.	08_2-backend-apis
Walk through a raw HTTP request and response for creating an order, naming the request line, the status line, and three headers that matter.	The request starts with the **request line** `POST /v1/orders HTTP/1.1` (method, path, version), followed by headers and a blank line, then the JSON body. Three headers that matter: `Authorization: Bearer ...` carries the caller's identity on every request (since the server keeps no session, statelessness), `Idempotency-Key` ensures a retried `POST` can't create a duplicate order, and `Content-Type: application/json` tells the server how to parse the body. The response opens with the **status line** `HTTP/1.1 201 Created`, then headers including `Location: /v1/orders/1001` pointing at the newly created resource, then the JSON body of the created order.	08_2-backend-apis
Name four of the common API mistakes from the Common Mistakes box and give the right version of each.	**Verbs in URLs** (`POST /createOrder`) should instead be a noun path with the HTTP method as the verb (`POST /orders`). **Returning `200 OK` for errors** with a `{"success": false}` body should instead return the real status code (`404`, `422`, `409`) so the status line carries the truth. **Leaking stack traces** in a `500` response should instead log the trace server-side and return a generic `{"error": "internal_server_error"}`. **Offset pagination on huge tables** should instead use cursor/keyset pagination (`WHERE id > :cursor ORDER BY id LIMIT n`), which stays fast at any depth because it rides the index.	08_2-backend-apis
In the second mini-project, how did we keep a single error envelope across *both* HTTP errors and validation errors, and which two exception handlers made that work?	Every error response, regardless of cause, is shaped into the same envelope: `{"error": {"code", "message", "details"}}`. This is done by overriding two exception handlers: `@app.exception_handler(HTTPException)` reshapes explicit `raise HTTPException(...)` errors (like a `409` on a duplicate email) into the envelope, and `@app.exception_handler(RequestValidationError)` reshapes Pydantic's automatic `422` validation failures into the same envelope while preserving the field-level `details` from `exc.errors()`. Together, a `409 Conflict` and a `422` validation failure come back in an identical shape a client can handle with one error parser.	08_2-backend-apis
Distinguish AuthN from AuthZ, and map each to the `401` and `403` status codes with an Anneava example.	**Authentication (AuthN)** answers "who are you?", proving identity via a password or token; **authorization (AuthZ)** answers "what are you allowed to do?", checking permissions for that now-known identity, and it runs on every action, not just once at login. `401 Unauthorized` maps to an AuthN failure: an Anneava nurse whose request has no valid token at all. `403 Forbidden` maps to an AuthZ failure: that same nurse is logged in (authenticated) but tries to sign a prescription, an action reserved for clinicians, so the request is denied even though identity is known.	08_3-auth-and-permissions
Why is `SHA-256(password)` an unsafe way to store passwords? Explain what *salting* and a *slow/memory-hard* hash each defend against.	`SHA-256(password)` is unsafe for two separate reasons: it has no salt, so identical passwords hash identically, letting attackers use precomputed rainbow tables and letting one cracked hash crack every user who reused that password; and SHA-256 is a *fast* hash, designed for speed, so a GPU can compute billions of guesses per second and brute-force short passwords quickly. **Salting** (a unique random value per password) defends against rainbow tables and cross-user pattern leakage by making identical passwords hash differently, forcing each one to be attacked individually. A **slow, memory-hard hash** like bcrypt or Argon2 defends against brute force by making each individual guess expensive (e.g. ~250ms), invisible to a real login but devastating across billions of attempts, with a tunable cost factor you raise as hardware improves.	08_3-auth-and-permissions
A JWT's payload is Base64, anyone can read it. Why is that not a vulnerability, and what *would* be compromised if your HS256 secret leaked?	A JWT's payload is **signed, not encrypted**, so Base64-decoding it and reading the claims is expected and by design; the security model isn't "you can't read it," it's "you can't *change* it" without invalidating the signature, since the signature is an HMAC over the header and payload bytes. If the HS256 secret leaked, that whole guarantee breaks: because HS256 uses the same shared secret to both sign and verify, an attacker who has it can forge arbitrary claims (say, bump their own `role` to `admin`) and produce a signature the server will accept as authentic, giving them the ability to impersonate any user or escalate privileges.	08_3-auth-and-permissions
Walk through Authorization Code + PKCE and explain precisely what attack PKCE prevents that plain authorization-code flow doesn't, for a SPA.	The client first generates a random `code_verifier` and computes `code_challenge = SHA256(code_verifier)`, then redirects the user to the auth server's `/authorize` endpoint with that challenge. After the user authenticates and consents, the auth server redirects back with a short-lived authorization code, which the app's backend exchanges at `/token` by sending both the code and the original `code_verifier`; the server hashes the verifier and checks it matches the stored challenge before issuing tokens. This closes the **authorization code interception attack**: since a public client like a SPA can't keep a client secret, the code alone could otherwise be intercepted (e.g. via a malicious app or redirect) and exchanged for tokens by an attacker; PKCE binds the code to the client that started the flow, so an intercepted code is useless without the verifier that only the legitimate client holds.	08_3-auth-and-permissions
Compare RBAC and ABAC, and say which layer of Anneava's auth each handles in your design.	**RBAC** attaches permissions to roles and roles to users ("nurses can write notes, admins can delete"), simple and auditable, the default for most apps, but coarse when you need finer distinctions. **ABAC** computes decisions from attributes of the user, resource, action, and context ("allow if the user's tenant matches the resource's tenant and the clinician is assigned to this patient"), more expressive and dynamic, at the cost of being harder to reason about and audit. In Anneava's design, RBAC handles the broad-strokes role gating like "role = nurse" via the `require_role` dependency, while the ABAC-flavored check, tenant match plus patient assignment, is enforced down at the database layer via Postgres Row-Level Security.	08_3-auth-and-permissions
Show a `SELECT * FROM patients` (no WHERE) that still can't leak another tenant's rows, and explain *why* enforcing tenant isolation in Postgres RLS is safer than relying on the application to add the filter.	With Row-Level Security enabled and a policy like `CREATE POLICY tenant_isolation ON patients USING (tenant_id = current_setting('app.current_tenant')::bigint)`, and the app setting `SELECT set_config('app.current_tenant', :tenant_id, true)` right after authenticating a request, a plain `SELECT * FROM patients` with no `WHERE` clause at all still only returns the current tenant's rows, because Postgres silently rewrites the query to inject the policy predicate. This is safer than relying on the application because isolation no longer depends on every developer remembering `WHERE tenant_id = ?` on every query; a forgotten filter or even a SQL injection that strips the `WHERE` clause still can't cross tenants, since the database itself is the non-bypassable backstop, provided the app connects as a non-superuser and the table has `FORCE ROW LEVEL SECURITY` set.	08_3-auth-and-permissions
**Distinguish the three pillars by the question each answers, and describe the metric → trace → log debugging flow during an incident.**	Logs answer "what exactly happened in this request or at this moment?", discrete timestamped events, high volume and expensive. Metrics answer "how much, how often, how fast, over time?", numeric time series, cheap and low cardinality, good for trends and alerting. Traces answer "where did the time go, or where did it fail, across services?", a causal chain of spans, medium cost, usually sampled. During an incident you walk them in that order: a **metric** alert tells you something's wrong, a **trace** tells you which service or operation is slow, and **logs** tell you exactly what happened there, the error and the params.	13_1-observability
**Show a bad vs good version of the same log line, and explain what a correlation/request id (and a trace_id) buys you across a distributed request.**	Bad: `logging.info(f"User {user_id} failed to transfer {amount} to {dest}: insufficient funds")`, a prose sentence you can't query without regex misery, with fields that break if the wording changes. Good: structured JSON, `logger.info("transfer_failed", extra={"event": "transfer_failed", "reason": "insufficient_funds", "user_id": 42, "request_id": "req-abc123"})`, which lets you query `event:transfer_failed AND user_id:42` in Elasticsearch or Splunk and aggregate counts. A `request_id` on every log line for a request lets you reconstruct that request's whole journey, and a `trace_id` extends this across service boundaries; stamping the trace_id into logs is what lets you jump from a trace straight to its matching log lines, the logs-to-traces bridge.	13_1-observability
**Name the four metric types and pick the right one for: total requests, queue depth, request latency. Then state RED vs USE and when each applies.**	The four types are **counter** (monotonically increasing total, e.g. `http_requests_total`, read via `rate()`), **gauge** (a value that goes up and down, a snapshot like queue depth), **histogram** (buckets observations to compute distributions and quantiles server-side), and **summary** (like a histogram but computes quantiles client-side, harder to aggregate across instances). Total requests uses a counter, queue depth uses a gauge, request latency uses a histogram. **RED** (Rate, Errors, Duration) is the user-facing view for request-driven services like APIs; **USE** (Utilization, Saturation, Errors) is the infrastructure view for resources like CPU or disk; USE tells you a resource is the bottleneck, RED tells you the user impact.	13_1-observability
**Write the PromQL for p95 latency from a histogram and explain why `le` must stay in the `by()` and why you `rate()` before you `sum()`.**	`histogram_quantile(0.95, sum(rate(http_request_duration_seconds_bucket[5m])) by (le))`. The `le` label must stay in the `by()` clause because `histogram_quantile` needs the bucket boundaries to interpolate the quantile from; drop it and the function has nothing to interpolate over, giving nonsense. You `rate()` before you `sum()` because `rate()` is reset-aware per series and needs to see each counter's individual resets; `sum()` collapses series first and hides those resets, so `rate(sum(...))` produces wrong numbers on restarts. The correct order is always rate the per-series counters, then aggregate.	13_1-observability
**Explain how a single trace stays connected across three services - name the header and the inject/extract instrumentation - and why the trace_id belongs in your logs.**	Every span in a trace shares a `trace_id` and links via parent span ids into a causal tree; the W3C `traceparent` header (`version-trace_id-parent_span_id-flags`) carries that trace_id on each outbound HTTP call. The outbound client instrumentation (e.g. `HTTPXClientInstrumentor`) injects the header into calls leaving a service, and the receiving server instrumentation (e.g. `FastAPIInstrumentor`) extracts it and continues the same trace with a new child span rather than starting a fresh one, which is how the trace crosses process boundaries. The trace_id belongs in logs because it completes the metric-to-trace-to-log flow: an alert points you to a trace, and the trace_id lets you jump straight to that request's exact log lines across every service it touched.	13_1-observability
**Derive the error budget and allowed downtime for a 99.9% SLO over 30 days, then derive a 14.4× fast-burn alert and explain why multi-window/multi-burn beats a static threshold.**	error_budget_fraction = 1 - 0.999 = 0.001 (0.1%); over 30 days = 43,200 minutes, so allowed downtime = 43,200 × 0.001 = 43.2 minutes. Burn rate is defined as current error rate divided by (1 - SLO); a burn rate of 14.4 corresponds to an error rate of 0.0144 (1.44%), which would exhaust the 30-day budget in about 30/14.4 ≈ 2 days while consuming roughly 2% of the budget in a 1-hour window, urgent enough to page but not so twitchy it fires on a blip. A single static threshold either misses a fast burn (if the window is long) or flaps on harmless spikes (if the window is short); multi-window requires the burn to be high over both a long window (confirms it's real) and a short window (recovers fast once it stops) simultaneously, and multi-burn-rate runs several such alerts at different sensitivities, fast burn pages, slow burn tickets, so urgency matches the actual threat.	13_1-observability
**Why "alert on symptoms, not causes," and how does that connect to alert fatigue? Give a concrete example where a cause alert misleads.**	Symptom alerts page on what the user experiences, error rate up, latency up, the SLO burning, while cause alerts page on internal signals like high CPU or a full disk that may not even affect users; symptom alerts catch problems you didn't predict, cause alerts produce noise and miss novel failures. This connects to alert fatigue because too many non-actionable pages train people to ignore alerts, so the one real page gets missed, every alert must be actionable and urgent or it belongs on a dashboard, not a page. Concrete example: CPU at 90% while every request is still served fine is not an emergency, but CPU at 30% with errors spiking is the real problem, a CPU-threshold cause alert would mislead you in exactly that case.	13_1-observability
**Explain the SLI/SLO/SLA relationship and why the SLO is set below 100% and above the SLA - what decision does a healthy vs exhausted error budget drive?**	The **SLI** is the measured number, usually a ratio of good events to total events (e.g. successful requests / total requests). The **SLO** is the internal target for that SLI over a window (e.g. 99.9% over 30 days). The **SLA** is the customer-facing contract with penalties, set looser than the SLO (e.g. SLA 99.5% vs SLO 99.9%) so an SLO breach warns you internally before you ever breach the contract. The SLO sits below 100% because 100% is impossibly expensive and leaves no room to ship, and above the SLA to leave that buffer; a healthy error budget means you can ship fast and take risks, while an exhausted budget means you freeze risky changes and prioritize reliability work, turning "are we reliable?" into a spendable number instead of a feeling.	13_1-observability
**Derive the standard error `σ/√n` and explain why halving uncertainty costs 4× the data.** (Var of the mean = σ²/n via "variances of independent things add"; SE is its root; the √n means precision scales with the square root of sample size.)	The standard error is the standard deviation of the sample mean. Using "variances of independent things add," `Var(X̄) = Var((1/n)ΣXᵢ) = (1/n²)ΣVar(Xᵢ) = (1/n²)·nσ² = σ²/n`, and taking the square root gives `SE = σ/√n`. Because precision scales with the square root of `n`, cutting the SE in half requires quadrupling the sample size, not doubling it. That's why the jump from 100 to 10,000 users matters a lot but 10,000 to 10,100 barely moves the needle.	16_1-statistics-and-probability
**State the Central Limit Theorem and explain why it's the backbone of inference.** (Sample mean of *any* finite-variance distribution → normal with mean μ, variance σ²/n. It's the backbone because every t-test and CI assumes the sample mean is normal, the CLT grants that even for non-normal raw data.)	The Central Limit Theorem says the sample mean of *any* distribution with finite variance, however skewed or lumpy, approaches a normal distribution with mean `μ` and variance `σ²/n` as `n` grows. It's the backbone of inference because every confidence interval and t-test assumes the sample mean is approximately normal, and the CLT grants that assumption even when the raw data itself, exponential latencies, a bimodal mix, gas fees, is nothing like normal. Without it, you'd need to know the population's exact distribution before you could build any interval or test.	16_1-statistics-and-probability
**A colleague says "the 95% CI means there's a 95% chance the true value is in it." Correct them precisely.** (Frequentist μ is fixed, not random; "95%" is the long-run coverage of the *procedure* across repeated samples. The probability-about-the-parameter statement is a Bayesian credible interval and needs a prior.)	In the frequentist framework `μ` is a fixed, unknown constant, not a random variable, so once an interval is computed it either contains `μ` or it doesn't; there's no probability left to assign to it. What "95% confidence" actually means is that the *procedure* generating the interval traps the true value 95% of the time across repeated samples, the randomness lives in the interval, not the parameter. A direct probability statement about the parameter, "95% chance μ is in here," is a Bayesian credible interval, and that requires choosing a prior.	16_1-statistics-and-probability
**Define a p-value correctly and list two things it is NOT.** (P(data at least this extreme | H₀ true). NOT P(H₀ true); NOT the probability the result is due to chance; NOT a measure of effect size.)	A p-value is `P(test statistic at least as extreme as observed | H₀ is true)`, a conditional probability of the data given the null. It is NOT the probability that `H₀` is true, that would be the reversed conditional and requires Bayesian machinery, and it is NOT a measure of effect size, since a tiny, practically meaningless difference can hit `p < 0.001` with a large enough sample.	16_1-statistics-and-probability
**Walk through designing an A/B test for 80% power and explain why power matters.** (Pick α, the minimum detectable effect, and target power; solve for sample size *before* collecting data. Power = 1−β = chance of catching a real effect; underpowered tests yield uninformative "no effect" results, Type II errors.)	Designing for 80% power means picking `α` (usually 0.05), agreeing on the minimum detectable effect worth shipping, and setting a target power, then solving for the required sample size *before* collecting any data. Power, `1 − β`, is the probability of catching a real effect if one exists; underpowered tests produce Type II errors, a "no effect" result that really just means "not enough data to detect the effect that exists." That's the most common way real A/B programs go wrong, so power is computed up front rather than discovered after the fact.	16_1-statistics-and-probability
**Explain why correlation isn't causation and why randomized experiments fix it.** (Reverse causation, confounding, coincidence can all create correlation without causation. Randomization balances all confounders, known and unknown, across groups on average, isolating the treatment's effect. That's exactly what an A/B test is.)	Correlation can show up without causation through reverse causation (Y actually causes X), confounding (a third variable drives both, like summer heat driving both ice-cream sales and drownings), or plain coincidence. A randomized controlled experiment fixes this because randomly assigning units to treatment and control balances every confounder, known and unknown, across the two groups on average, isolating the treatment's own effect. That balancing act is exactly what an A/B test is, which is why it's the gold-standard way to establish causation from data.	16_1-statistics-and-probability
**Contrast frequentist and Bayesian inference, and say when you'd reach for each.** (Frequentist: fixed parameters, probability = long-run frequency, p-values/CIs. Bayesian: parameters are random, prior × likelihood → posterior, gives direct "P(B>A)" statements. Frequentist for cheap default reporting; Bayesian when you have real prior info or stakeholders keep misreading CIs/p-values.)	Frequentist inference treats parameters as fixed unknown constants and probability as long-run frequency, which is what produces p-values and confidence intervals whose meaning is about a procedure's behavior over repeated samples. Bayesian inference treats parameters as random variables with a distribution, combining a prior with the likelihood via Bayes' rule into a posterior, which lets you make a direct statement like `P(variant B > variant A) = 0.97`. Reach for frequentist methods as the cheap default reporting everyone already understands, and reach for Bayesian when you have real prior information to incorporate or stakeholders keep misreading CIs and p-values as probability statements about the parameter itself.	16_1-statistics-and-probability
**Why is a NumPy array faster than a Python list for numeric work?** (Contiguous typed memory - no per-element boxed objects - so it's cache-friendly; operations run once in compiled C instead of per-element in the interpreter; enables SIMD. List = pointers to scattered boxed ints.)	A NumPy array stores its elements as one contiguous block of a single type, so the CPU streams it through cache efficiently and can use SIMD, while a Python list is an array of pointers to separate boxed integer objects scattered across memory. Vectorized operations dispatch once into compiled C that walks the contiguous buffer, instead of paying Python's per-element interpreter tax, bytecode dispatch, boxing and unboxing, on every iteration. The chapter's timed proof shows this difference is routinely a 100-200x speedup for the same arithmetic.	16_2-data-wrangling-pandas-numpy
**State the broadcasting rules and work an example.** (Align shapes from the right; dims must be equal or one is 1; size-1 dims stretch without copying. E.g. `(4,3) - (3,)` works by treating the vector as `(1,3)` and stretching to 4 rows; `(4,3) - (4,)` fails until reshaped to `(4,1)`.)	Broadcasting aligns array shapes from the right, and two dimensions are compatible if they're equal or one of them is 1, in which case the size-1 dimension is virtually stretched to match without copying data. For a `(4,3)` matrix minus a `(3,)` vector, the vector is treated as `(1,3)` and stretched to 4 rows, so it broadcasts cleanly. A `(4,3)` matrix minus a `(4,)` vector fails instead, since aligned from the right that's `3` vs `4` with neither dimension equal to 1, and it only works once you reshape the vector to `(4,1)` with `keepdims=True`.	16_2-data-wrangling-pandas-numpy
**Settle `axis=0` vs `axis=1` once and explain the output shape.** (`axis` names the dimension that collapses: `axis=0` collapses rows → one value per column; `axis=1` collapses columns → one per row. Output shape drops the named axis.)	`axis` names the dimension that gets collapsed, not the one you keep. `axis=0` collapses the rows, leaving one value per column; `axis=1` collapses the columns, leaving one value per row. The output shape simply drops the axis you named, so summing a `(2,3)` array over `axis=0` gives shape `(3,)` and over `axis=1` gives shape `(2,)`.	16_2-data-wrangling-pandas-numpy
**Views vs. copies - give the rule and why it causes bugs.** (Basic slices are views sharing memory, so writes mutate the original; fancy/boolean indexing returns copies. Bugs: surprise mutations, or assignments that don't "stick" through a chained copy. `.copy()` when unsure; assign via one `.loc`.)	Basic slicing, like `a[2:5]`, returns a view that shares memory with the original array, so writing through the slice mutates the source; fancy indexing (an integer array) and boolean indexing both return copies instead. This causes two classic bugs: surprise mutations of data you assumed was independent, and chained assignments like `df[mask]['col'] = 0` that silently fail to "stick" because they write to a throwaway copy. The fix is to call `.copy()` explicitly when you need independence, and to assign through one `.loc[mask, 'col'] = ...` rather than chaining indexers.	16_2-data-wrangling-pandas-numpy
**Explain split-apply-combine and the difference between `agg` and `transform`.** (Split rows into groups by a key, apply a function per group, combine results. `agg` collapses each group to one row; `transform` returns a same-length result broadcast back to the original rows - used for "share of group total" without a join.)	`groupby` implements split-apply-combine: split the rows into groups by a key, apply a function to each group, then combine the results back into one structure. `agg` collapses each group down to a single row, like total volume per symbol, while `transform` returns a result the same length as the input, broadcast back onto the original rows, which is how you compute something like each row's share of its group's total without doing a separate join.	16_2-data-wrangling-pandas-numpy
**Walk through turning irregular time-series ticks into a leakage-free forecasting feature set.** (Sort by time; `resample` irregular ticks to a regular grid/OHLC; build past-only features with `rolling`/`ewm`/`shift(+k)`; build the target with `shift(-1)`; drop edge NaNs; scale on the chronological training split only. Leakage = any future info reaching past rows.)	Sort by time first, then `resample` the irregular ticks onto a regular grid or into OHLC bars, then build features using only past information: `rolling`/`ewm` windows and `shift(+k)` for lag features. The target is built with `shift(-1)` since it's the one thing allowed to reach into the future, then you drop the edge NaNs that rolling and shifting create, and finally scale using statistics fit only on the chronological training split. Leakage is any future information reaching a past row, whether from a centered window, global scaling across the whole series, or a random rather than chronological train/test split.	16_2-data-wrangling-pandas-numpy
**What is the curse of dimensionality and what three tools fight it?** (As features grow: data sparsifies exponentially, distances concentrate so neighbors lose meaning, and overfitting gets easier. Fight it with feature selection, dimensionality reduction (PCA), and strong regularization (L1) - all reduce the effective dimension.)	As the number of features grows, the data needed to cover the space at constant density grows exponentially so the data sparsifies, distances between the nearest and farthest points concentrate so distance-based methods like k-NN lose discriminative power, and overfitting gets easier since there are more ways to fit noise. Three tools fight it by all reducing the effective dimension: feature selection to drop useless columns, dimensionality reduction such as PCA, and strong regularization like L1/Lasso to zero out uninformative features.	16_2-data-wrangling-pandas-numpy
**State the Cleveland-McGill channel ranking and use it to justify "sorted bars beat a pie."** (Position > length > angle > area > color for magnitude. A pie asks for angle-judging (#4); a sorted bar upgrades the reader to length (#3) and adds a position-along-common-scale ordering. More accurate perception, same data.)	Cleveland and McGill's ranked list of how accurately people read magnitude off a channel runs, best to worst: position on a common scale, position on non-aligned scales, length, angle/slope, area, volume, and color. A pie chart asks the reader to judge angle, rank 4, while sorting the same numbers into a bar chart upgrades the reader to judging length, rank 3, along a common position baseline, so it's read more accurately even though it encodes the identical data.	16_3-data-visualization
**Explain the grammar of graphics and decompose a bubble chart and a pie chart into its parts.** (Data + aesthetics/encodings + geom + scales + stats + facets + coords. Bubble = `geom_point` with size mapped; pie = `geom_bar` + `coord_polar`. Charts are compositions, not menu items.)	The grammar of graphics builds a chart from independent layers: data (a tidy table), aesthetics mapping columns to channels, geometries (the marks, like point, line, bar, area), scales, statistical transforms, facets, and a coordinate system. A bubble chart is `geom_point` with a `size` aesthetic mapped to a variable; a pie chart is `geom_bar` wrapped in polar coordinates, `coord_polar`, which is why swapping that one layer back to Cartesian turns a pie into a stacked bar. Charts are compositions of these layers, not items picked off a menu.	16_3-data-visualization
**Walk through D3's enter/update/exit on a whiteboard and explain the key function.** (Join data array against current DOM selection → enter = create, update = modify, exit = remove. The key `d => d.id` makes the join track *identity* not index, so elements transition smoothly and don't teleport.)	D3's data-join answers one question by joining a data array against the DOM elements currently on screen: which data points have no matching element yet and need to be created (enter), which already have a matching element and need modifying (update), and which elements have no data left and should be removed (exit). The key function, like `d => d.id`, makes the join track identity rather than array index, so a given element keeps its identity across updates and animates smoothly to its new value, instead of teleporting whatever data lands at the same index onto it.	16_3-data-visualization
**When do you pick Chart.js vs Recharts vs D3, and why?** (Highest-level tool that expresses the chart. Chart.js = quick vanilla canvas; Recharts = declarative SVG in React, wired to app state (NYX); D3 = bespoke/novel/custom, the only tool deep enough for the unusual. Canvas = fast/many points; SVG = stylable/interactive/fewer elements.)	The rule is to use the highest-level tool that can express the chart. Chart.js is the quick option for a standard chart in plain JS rendered to canvas, fast with lots of points but not stylable per-element; Recharts is declarative SVG built as React components, so each chart piece takes props and re-renders with app state, which is why it's the default for a React dashboard. D3 is the low-level tool reserved for anything truly bespoke or novel, a custom network layout or a pixel-perfect interaction, the only one deep enough for the unusual case, but it costs the most effort since it draws nothing for you by default.	16_3-data-visualization
**Contrast PCA, t-SNE, and UMAP for visualizing high-dimensional data, including what each *lies* about.** (PCA: linear, fast, global distances meaningful, only linear structure. t-SNE: nonlinear, great clusters, but global distances/gaps meaningless and stochastic. UMAP: nonlinear, faster, keeps more global structure, modern default. Always caption which you used.)	PCA is linear, fast, and deterministic, with global distances that are actually meaningful, but it can only capture linear structure and leaves a curled-up manifold curled up. t-SNE is nonlinear and excellent at revealing clusters, but it lies about global distances, cluster gaps and sizes carry no real meaning, and it's stochastic, so a different seed gives a different picture. UMAP is also nonlinear, runs faster than t-SNE, and preserves more global structure, making it the modern default; whichever you use, always caption which one, since each tells a different lie about the data.	16_3-data-visualization
**Give three ways to make a chart honest and three to make it accessible.** (Honest: zero baseline for bars, no dual axes, Lie Factor ≈ 1 / no area-for-1D. Accessible: never color alone (add shape/label), colorblind-safe palette like viridis, real alt/title/ARIA text and sufficient contrast.)	To make a chart honest: start bar charts at a zero baseline since bar length is the encoding, avoid dual y-axes which let you manufacture correlations by sliding scales independently, and keep the Lie Factor, size of effect shown divided by size of effect in the data, close to 1, never encoding a one-dimensional quantity as area. To make it accessible: never encode meaning by color alone, pair it with shape or a direct label since roughly 8% of men have color vision deficiency, use a colorblind-safe, perceptually uniform palette like `viridis` instead of rainbow/`jet`, and give the chart real `alt`, title, and ARIA text with sufficient contrast.	16_3-data-visualization
**State the optimization workflow and explain why "measure first" is non-negotiable.** (Target → baseline → profile to find the hot path → hypothesize the cause → cheapest fix → re-measure → repeat until target. Humans guess the bottleneck wrong almost always; the profiler is ground truth, and Amdahl says effort off the hot path is capped.)	The workflow is: set a target, measure a baseline, profile to find the actual hot path, form a hypothesis for why it's slow, apply the cheapest fix, then re-measure and repeat until you hit the target. Measuring first is non-negotiable because humans are consistently wrong about where a program spends its time, the slow part is almost never where you'd guess, and Amdahl's law means any effort spent off the true hot path is capped in how much it can possibly help.	16_4-performance-optimization
**Derive Amdahl's law and state the ceiling for a 90%-parallel program.** (`Speedup = 1/((1-p)+p/s)`; as `s→∞` it's `1/(1-p)`. For p=0.9, max speedup = 10×, even with infinite cores, the serial 10% is a wall.)	If a fraction `p` of the runtime can be sped up by factor `s` and the rest, `(1-p)`, is inherently serial, the new time relative to an original time of 1 is `(1-p) + p/s`, so `Speedup = 1 / ((1-p) + p/s)`. Taking `s` to infinity, the ceiling is `1/(1-p)`, a hard wall set entirely by the serial fraction. For a program that's 90% parallel (`p = 0.9`), the maximum possible speedup is `1/0.1 = 10x`, no matter how many cores you add, because the serial 10% can never be sped up.	16_4-performance-optimization
**Contrast algorithmic vs micro optimization, and state the order.** (Algorithmic changes the big-O, O(n²)→O(n log n), and dominates for large n; micro speeds up the constant factor, vectorize, cache, native. Always fix the algorithm first, then the constant factor.)	Algorithmic optimization changes the complexity class, like turning an O(n²) loop into O(n log n) or an O(n) linear scan into an O(1) set lookup, and it dominates as `n` grows large. Micro optimization keeps the same algorithm but speeds up the constant factor, through vectorizing, caching, or dropping to native code. The order matters: always exhaust algorithmic wins first, since no amount of micro-tuning saves a quadratic algorithm on a million-item input, and only chase the constant factor once the big-O is already right.	16_4-performance-optimization
**Walk the Python profiling toolbox from coarse to surgical.** (cProfile = function-level map, `tottime` is self-time; line_profiler = which line; py-spy = sample a *running* process with no code change; tracemalloc/memray = memory. snakeviz visualizes the call tree.)	cProfile is the first tool to run on a slow script, giving a function-level map where `tottime` is time spent inside the function itself and `cumtime` includes everything it calls. `line_profiler` narrows that down further to the exact slow line inside a function, and `py-spy` is a sampling profiler that can attach to an already-running process, including production, with no code changes and low overhead. `tracemalloc` and `memray` do the equivalent job for memory instead of time, and `snakeviz` visualizes a cProfile output as a call tree so the hot path is obvious at a glance.	16_4-performance-optimization
**Explain I/O-bound vs CPU-bound and the right tool for each, including the GIL's role.** (I/O-bound waits on network/disk, use asyncio/threads, GIL released during the wait. CPU-bound is busy computing, the GIL blocks parallel Python threads, so use multiprocessing or native code that releases the GIL.)	I/O-bound work spends its time waiting on network or disk, so the CPU sits idle during that wait; `asyncio` or threads work well here because a thread blocked on I/O releases the GIL, letting other work run in the gap. CPU-bound work keeps the CPU busy computing, and the GIL means Python threads can't execute bytecode in parallel, so threading gives essentially no speedup there. The right tool for CPU-bound work is `multiprocessing`, separate processes with separate interpreters, or native code such as NumPy, Numba, or Cython that releases the GIL.	16_4-performance-optimization
**When do you actually need HPC, and what's the order of escalation?** (Only when the problem truly doesn't fit a single beefy machine, large model training, simulation, terabyte data. Escalate: vectorize/SIMD → multi-core → GPU → multi-machine (Slurm/MPI/Dask). Scale *up* before *out*; distributed adds network + coordination overhead with its own Amdahl tax.)	You actually need HPC only when a problem truly doesn't fit on a single beefy machine, large-scale model training, scientific simulation, or terabyte-scale data; most "slow" problems are solved by Amdahl's law plus a profiler plus vectorization plus one good index, not a cluster. The order of escalation is to scale up before scaling out: vectorize with SIMD first, then use multiple cores, then a GPU, and only then reach for multi-machine tools like Slurm, MPI, or Dask. Distributed compute has its own Amdahl tax, network communication and coordination overhead, so it's the last resort, not the first.	16_4-performance-optimization
**State the six questions for reading any new language fast, and why this beats memorizing syntax.** (Declare variables/functions? loop/branch? collections? error handling? memory management? how to run? Answering these maps the language onto concepts you already own, syntax is lookup-able, concepts are universal.)	The six questions are: how do you declare a variable and a function, how do you loop and branch, what are the collection types, how are errors handled, how is memory managed, and how do you run the code, interpreted, compiled, or a build step. This beats memorizing syntax because variables, loops, dicts, and error handling are universal concepts every language just spells differently, so answering these six maps a new language onto ideas you already own, and the syntax itself is just something you look up as needed.	16_5-beyond-python-languages
**Explain Go's goroutines-and-channels model and contrast it with Python threads.** (Goroutines = cheap, runtime-scheduled concurrent functions; channels pass messages, "share memory by communicating." They run in parallel across cores; Python threads are serialized by the GIL for CPU work.)	A goroutine is a cheap, runtime-scheduled concurrent function, you can spin up hundreds of thousands of them, and goroutines coordinate by passing messages over channels instead of sharing memory and locking: "don't communicate by sharing memory, share memory by communicating." Because the Go runtime multiplexes goroutines across multiple OS threads with no global lock, CPU-bound goroutines actually run in parallel across cores, whereas Python threads are serialized by the GIL for CPU-bound work and get no parallelism at all.	16_5-beyond-python-languages
**Explain Node's event loop: why it's great for I/O and bad for CPU.** (Single thread, non-blocking, registers callbacks on I/O and serves other work during the wait, so thousands of concurrent connections; but CPU-heavy work blocks the one thread and freezes everything. async/await over Promises.)	Node runs JavaScript on a single thread with an event loop: when it hits an I/O operation it registers a callback and moves on to serve other work rather than blocking, then comes back when the I/O completes, so one thread can juggle thousands of concurrent connections. That makes it great for I/O-bound web work but bad for CPU-bound work, because a heavy computation runs on that same single thread and never yields, freezing every other request until it finishes. The modern syntax for this model is async/await built on top of Promises.	16_5-beyond-python-languages
**What is RAII in C++, and what does it buy you over a garbage collector?** (Resource lifetime tied to object scope; the destructor frees it automatically at end of scope. Deterministic, immediate cleanup with no GC pauses and no forgotten `delete`, `unique_ptr`/`shared_ptr` implement it.)	RAII, Resource Acquisition Is Initialization, ties a resource's lifetime to an object's scope, so its destructor frees the resource automatically the instant the object goes out of scope. That buys deterministic, immediate cleanup with no garbage-collector pauses and no forgotten `delete`; `std::unique_ptr` and `std::shared_ptr` implement it, which is why modern C++ code rarely needs raw `new`/`delete` at all.	16_5-beyond-python-languages
**Why is R so good for data work, name two language-level reasons.** (Everything is a vector so operations vectorize with no loops; the data frame and formula/stats syntax (`lm(y ~ x)`) plus the tidyverse/ggplot2 make modeling and grammar-of-graphics plots native, not bolt-ons. Plus first-class `NA` for missing data.)	In R there are no scalars, every value is a vector, so arithmetic operators apply element-wise across vectors with no explicit loop, `c(1,2,3) * 2` just works. R also has the data frame and formula/stats syntax like `lm(y ~ x)` plus the tidyverse and ggplot2 built into the language rather than bolted on as a library, making modeling and grammar-of-graphics plotting native. A first-class `NA` for missing data is a third reason it handles messy real-world data so well.	16_5-beyond-python-languages
**Give the decision framework for picking a language, and the "start high, drop down" rule.** (Match the *shape* of the problem: data→Python, stats→R, fast service/CLI→Go, max perf→C++, full-stack web→Node. Start in the highest-level language that fits, and drop to a lower one only where measurement proves a bottleneck, plus weigh team and ecosystem.)	Match the language to the shape of the problem: Python for data analysis, ML, and glue work; R for heavy statistics and modeling; Go for a small fast network service or CLI; C++ for maximum performance and control; Node/TypeScript for a full-stack web app where I/O concurrency matters more than raw CPU. The "start high, drop down" rule says to begin in the highest-level language that fits, usually Python, and only drop to a lower-level one where measurement proves a real bottleneck, while also weighing what your team and its ecosystem can actually maintain.	16_5-beyond-python-languages
**Why a theory of computation exists:** to answer, *permanently*, "what kinds of problems can a machine with this much memory solve?", and the Chomsky hierarchy ranks machines by power, from finite automata (no memory) to Turing machines (everything).	A theory of computation exists to answer, permanently, what problems a machine with a given amount of memory can solve, not a question of a fast machine versus a slow one, but a hard limit: a finite automaton, no matter how many states it has, physically cannot check whether `(((...)))` is balanced, because that requires counting to an unbounded depth. The **Chomsky hierarchy** orders machines by memory and power: finite automata (no memory beyond their states) recognize regular languages, pushdown automata (one stack) recognize context-free languages, and Turing machines (an unbounded tape) capture everything computable. Each rung is a proven theorem, the way physics proves no engine beats the Carnot limit, not an engineering shortfall that better hardware could fix.	23_1-automata-and-languages
**DFA (5-tuple `(Q, Σ, δ, q₀, F)`):** finite states, a deterministic transition `δ`, run by applying δ symbol-by-symbol and checking if you end in `F`. Recognizes exactly the **regular languages**.	A DFA is the 5-tuple `M = (Q, Σ, δ, q₀, F)`: a finite set of states `Q`, an alphabet `Σ`, a transition function `δ: Q × Σ → Q` that returns exactly one next state, a start state `q₀`, and accept states `F`. It runs by starting in `q₀` and applying `δ` to each input symbol in turn, extended to whole strings as `δ̂`, and it accepts `w` iff `δ̂(q₀, w) ∈ F`. The set of languages recognizable this way is exactly the **regular languages**; the "even number of 1s" DFA needs only two states because parity of 1s seen so far is the only fact about the prefix that matters.	23_1-automata-and-languages
**NFA = DFA in power, not just convenience:** nondeterminism + ε-moves mean "explore all paths at once / accept if some path works." The **subset construction** determinizes any NFA (DFA states = sets of NFA states), at up to exponential blowup.	An NFA adds nondeterminism (`δ` can return a set of states) and ε-transitions that consume no input, and it accepts a string if some path through the machine, exploring all branches at once, ends in an accept state. This makes NFAs much easier to design, you can "guess" where a suffix like `01` starts, but it adds no recognizing power: the **subset construction** converts any NFA into an equivalent DFA by making each DFA state a set of NFA states, with the start state `ε-closure({q₀})` and accept states being any set that contains an NFA accept state. The cost is that the resulting DFA can blow up to `2^|Q|` states in the worst case, though usually only the subsets actually reachable from the start end up mattering.	23_1-automata-and-languages
**Kleene's theorem:** DFA ≡ NFA ≡ regex, three notations for the regular languages. **Thompson's construction** builds an NFA from a regex with ε-glue; that's how real regex engines and lexers work.	Kleene's theorem says DFAs, NFAs, and regular expressions all describe exactly the same class of languages, the regular languages, three notations for one idea built from union, concatenation, and Kleene star. **Thompson's construction** is the constructive proof of the regex-to-NFA direction: it builds an NFA recursively from the structure of the regex, gluing fragments with ε-transitions, concatenation links one fragment's accept state to the next's start, union branches from a new start into both fragments and merges their accepts, star loops the fragment back on itself and offers a zero-copy skip. This is literally how real regex engines and lexers compile a pattern: regex → parse → Thompson's construction → NFA → simulate or determinize → match.	23_1-automata-and-languages
**Closure properties:** regular languages survive union, concat, star, complement (swap accept states of a complete DFA), and intersection (product construction).	Regular languages are closed under union, concatenation, and Kleene star, each built directly from Thompson's construction on the matching regex operator. They're also closed under complement, take a complete DFA and swap accept and non-accept states, which only works cleanly for a DFA because each input follows exactly one path, and under intersection via the **product construction**, running two DFAs in lockstep on state pairs `(state₁, state₂)` and accepting only when both accept. These closures aren't just bookkeeping, a tool that matches "this pattern but not that one" is leaning on complement and intersection under the hood.	23_1-automata-and-languages
**Pumping lemma:** finite memory ⇒ long strings force a state-repeat ⇒ a pumpable loop. Used to *prove non-regularity* (e.g. `aⁿbⁿ`) by the adversarial xyz argument. The limit: finite automata can't count unboundedly.	Because a DFA has only finitely many states, say `p`, any accepted string longer than `p` must revisit some state by the pigeonhole principle, and the input read between the two visits forms a loop that can be repeated any number of times while the string stays accepted. Formally, for a regular `L` there is a pumping length `p` such that every `s ∈ L` with `|s| ≥ p` splits as `s = xyz` with `|y| ≥ 1`, `|xy| ≤ p`, and `xyⁱz ∈ L` for all `i ≥ 0`. It's used adversarially to prove non-regularity: for `L = {aⁿbⁿ}`, choosing `s = aᵖbᵖ` forces the pumped piece `y` to lie entirely inside the a-block, so pumping it (`i = 2`) breaks the a-count against the b-count, a contradiction that proves no finite automaton can count unboundedly.	23_1-automata-and-languages
**CFGs/CFLs (rung 2):** add a stack (PDA). Grammars with productions/derivations/parse trees describe nesting (`aⁿbⁿ`, balanced parens, arithmetic). Watch for **ambiguity**; fix it with precedence layering. CFGs power parsers, straight into [compilers](../24-Compilers/24.1-lexing-parsing-asts.md).	To recognize `{aⁿbⁿ}`, which needs unbounded counting, you add one stack, giving a **pushdown automaton**, and the languages PDAs recognize are the **context-free languages**, usually described by a **context-free grammar** `(V, Σ, R, S)` with productions like `S → aSb | ε`, whose recursive depth stands in for the count a DFA couldn't track. Derivations build **parse trees**, and a grammar where some string has more than one parse tree is **ambiguous**, for example `num + num * num` under a flat `E → E+E | E*E` grammar; the fix is layering precedence into separate nonterminals (`E → E+T | T`, `T → T*F | F`) so each string gets a unique tree. CFGs are the front end of every compiler, feeding straight into parsing real programming languages.	23_1-automata-and-languages
**The mini-project:** you compiled a regex to an NFA to a DFA and matched lines with it, *you built the core of grep*, and you understand why DFA engines are immune to the catastrophic backtracking that bites PCRE. Next: lift the ceiling entirely. Give the machine an unbounded tape, and you get the **Turing machine**, and the questions become "what can be computed *at all*?" and "what's *efficiently* computable?" That's [Chapter 23.2](23.2-computability-and-complexity.md).	The mini-project wired the regex parser, Thompson's construction, the NFA simulator, and the subset construction into one pipeline: compile a pattern to an NFA, determinize it to a DFA, then match by running the DFA over the text, effectively building the core of `grep`. Because this engine is DFA-based, Thompson/Pike-style like Go's `regexp` and RE2, it runs in linear time per character and is immune to the **catastrophic backtracking** that afflicts PCRE-style engines (Python's `re`, Perl, JS) on adversarial patterns like `(a+)+$`, since those support extra features like backreferences by backtracking instead of simulating states. The next step lifts the ceiling entirely: give the machine an unbounded tape and you get the **Turing machine**, where the questions become what's computable at all and what's efficiently computable.	23_1-automata-and-languages
**Turing machine** `(Q, Σ, Γ, δ, q₀, q_acc, q_rej)`: finite control + infinite read/write tape + a head that moves L/R. That tape is the unbounded memory that makes it strictly more powerful than a PDA: it can compute `aⁿbⁿ`, arithmetic, *anything computable*.	A Turing machine is the 7-tuple `(Q, Σ, Γ, δ, q₀, q_accept, q_reject)`: finite states `Q`, input alphabet `Σ`, tape alphabet `Γ` (including a blank symbol), and a transition function `δ: Q × Γ → Q × Γ × {L,R}` that reads a symbol, writes a symbol, and moves the head left or right, plus a start state and two halting states. The unbounded read/write tape is what makes it strictly more powerful than a PDA's single stack, it can store and revisit intermediate results, so it computes `aⁿbⁿ` (by crossing off matched a's and b's), binary arithmetic (ripple-carry increment), and, per the Church-Turing thesis, anything computable at all.	23_2-computability-and-complexity
**Church-Turing thesis:** "computable" = "Turing-computable"; every reasonable model is Turing-equivalent. **Universal TM:** one machine simulates any machine (the stored-program idea, your CPU and your Python interpreter).	The Church-Turing thesis states that "computable" means "Turing-computable": every reasonable model of mechanical computation, lambda calculus, register machines, your programming language, has been shown Turing-equivalent, computing exactly the same class of functions. It isn't a provable theorem, since "effective procedure" is informal, but it holds up because every proposed upgrade to a TM (multiple tapes, a two-way-infinite tape, nondeterminism) adds zero computability power, only speed. A **universal Turing machine** takes a description of any machine `M` plus an input `w` and simulates `M` on `w`, the theoretical seed of the stored-program computer: your CPU and the Python interpreter are both universal machines running other machines as data.	23_2-computability-and-complexity
**Decidable** (halts always, right answer) vs **recognizable** (accepts yes-instances, may loop on no-instances). The gap is where undecidability lives; a counting argument (countably many programs, uncountably many languages) guarantees undecidable problems exist.	A TM **decides** a language if it halts on every input and answers correctly, the everyday sense of "algorithm." It **recognizes** a language if it accepts every yes-instance eventually but may reject or loop forever on no-instances. Every decidable language is recognizable, but not every recognizable language is decidable, and that gap, halts always versus might run forever, is exactly where undecidability lives. A counting argument guarantees undecidable problems exist independent of any specific example: programs are finite strings, so there are only countably many of them, but languages are arbitrary subsets of `Σ*`, which are uncountably many, so most languages cannot be decided by any program at all.	23_2-computability-and-complexity
**Halting problem is undecidable**, proved by **diagonalization**: assume an oracle `H`, build a contrarian `D` that does the opposite of `H`'s prediction about itself; `D(⟨D⟩)` makes `H` wrong → contradiction.	The halting problem, `HALT = {⟨M,w⟩ : M halts on w}`, is undecidable, no TM `H` can always correctly decide it. The proof assumes such an `H` exists and builds a contrarian machine `D` that, on input `⟨M⟩`, asks `H` whether `M` halts on `⟨M⟩` and then does the opposite, loops if `H` says halt, halts if `H` says loop; running `D` on its own description `⟨D⟩` forces `H` to be wrong about `D(⟨D⟩)` either way, a contradiction, so no correct `H` can exist. This is **diagonalization**, the same shape as "this sentence is false": `D` is engineered to disagree with the oracle's prediction about itself, and `HALT` turns out to be recognizable (just simulate `M` on `w`) while its complement, machines that loop, is not even recognizable.	23_2-computability-and-complexity
**Reductions** (`A ≤ B`: "B is at least as hard as A") spread undecidability; **Rice's theorem** says *every non-trivial semantic property of programs is undecidable*, which is why perfect program analyzers can't exist.	A mapping reduction `A ≤_m B` is a computable translation from instances of `A` to instances of `B` that preserves membership, so if `A` is undecidable and `A ≤_m B`, then `B` must be undecidable too, a decider for `B` would give you one for `A`. This lets undecidability spread without redoing diagonalization each time, for example reducing `HALT` to "does this machine accept nothing?" by wrapping the halting question inside a machine. **Rice's theorem** generalizes this into a big hammer: every non-trivial semantic property of what a program computes (does it ever output 42, do two programs compute the same function) is undecidable, which is why no tool can be a perfect, general program analyzer, compilers and linters must approximate instead.	23_2-computability-and-complexity
**P** = solvable in poly time; **NP** = *verifiable* in poly time (certificate/witness). P ⊆ NP. **NP-complete** = in NP and everything in NP reduces to it; **SAT** is the founding one (Cook-Levin); reductions like **3-SAT → Vertex Cover** chart the rest.	**P** is the class of decision problems solvable by a deterministic TM in polynomial time. **NP** is the class where a proposed solution, a certificate or witness, can be *verified* in polynomial time even if finding one seems hard, and `P ⊆ NP` trivially since solving fast implies verifying fast (just ignore the certificate and solve). **NP-complete** means a problem is in NP and every other NP problem reduces to it in polynomial time, so an efficient algorithm for one would solve all of NP; **SAT** is the founding NP-complete problem via the Cook-Levin theorem, which encodes an NP machine's accepting computation as one giant Boolean formula, and reductions like **3-SAT → Vertex Cover** (via variable gadgets and clause-triangle gadgets) chart the rest of the NP-complete landscape.	23_2-computability-and-complexity
**P vs NP**: does easy-to-check ⟹ easy-to-solve? Open, believed *no*. It's the bedrock under cryptography and the wall around exact optimization. **NP-hard ⊇ NP-complete** (NP-hard need not be in NP, e.g. halting).	P vs NP asks whether every problem that's easy to check is also easy to solve, whether `P = NP`; it's open, and almost everyone believes the answer is no. It's the bedrock under modern cryptography, since RSA and ECC rest on problems easy to verify but believed hard to solve (factoring, discrete log), so `P = NP` would collapse them, and it's the wall around exact optimization for problems like scheduling, routing, and chip layout. **NP-hard** is the broader class of "everything in NP reduces to this" without requiring membership in NP, so `NP-hard ⊇ NP-complete`: the halting problem is NP-hard in that sense but not in NP at all, since it's undecidable.	23_2-computability-and-complexity
**Coping with NP-hardness:** approximation (2-approx Vertex Cover), heuristics, SAT/ILP solvers, restricted inputs, exponential-but-pruned (DPLL/branch-and-bound). And in code you **built a TM simulator, a brute-force and a DPLL SAT solver, and solved coloring / vertex-cover by reducing them to SAT**, the real-world face of this whole theory. That closes the theory-of-computation arc: [23.1](23.1-automata-and-languages.md) mapped the machines weaker than a computer; this chapter reached the universal machine, found the cliff edge of the uncomputable, and then surveyed what's *efficiently* computable on this side of it. From here, the front end of a real compiler ([Part 24](../24-Compilers/24.1-lexing-parsing-asts.md)) is just these automata and grammars put to work.	Since NP-hard problems are believed intractable to solve exactly and fast, engineers cope with several tools: approximation algorithms with provable guarantees (a greedy 2-approximation for Vertex Cover), heuristics with no guarantee but strong practical performance, SAT/ILP solvers, restricting the input to special structure like trees or bounded treewidth, and exponential-but-pruned search such as DPLL or branch-and-bound. In code, this meant building a TM simulator, a brute-force SAT solver, and a DPLL solver with unit propagation, then solving graph coloring and vertex cover by reducing them to SAT and handing them to that generic solver, the real-world face of the theory: encode your problem as SAT and let a solver rip. This closes the theory-of-computation arc, from the machines weaker than a computer in 23.1, through the universal machine and the cliff edge of the uncomputable, to what's efficiently computable on this side of it.	23_2-computability-and-complexity
Why is "code is read far more than it's written" the root justification for every clean-code rule?	You write code once but read it a hundred times, so the real cost of software is *understanding* it well enough to change it safely, not typing it out. Every clean-code rule, naming, small functions, comments, is really a rule about future reading and future changing. The chapter's own framing is code as a letter to a colleague who happens to be a computer: the computer runs anything syntactically valid, but the human colleague needs names that mean things and structure that matches how they think, so clean code serves the colleague without lying to the computer.	27_1-clean-code-and-design-patterns
What does "a function does one thing" mean, and how do *levels of abstraction* relate to it?	A function should do one thing, do it well, and do it at one level of abstraction, if you have to scroll to read it, or you catch yourself mentally inserting "...and then...", it's too big. Levels of abstraction is the companion idea: in the `process_order` example, the coordinator talks in business steps (`validate_order`, `order_total_with_tax`, `charge_card`, `send_receipt`) while each helper talks in one specific concern like HTTP or SMTP. The original messy version mixed validation, computation, HTTP, and SMTP in a single function at three different abstraction levels at once, which is exactly what "does one thing" rules out.	27_1-clean-code-and-design-patterns
State each SOLID letter in one sentence and give the smell each one cures.	**S**ingle Responsibility: a class should have one reason to change, owned by one actor, cures divergent change (multiple unrelated teams editing the same class). **O**pen/Closed: entities should be open for extension but closed for modification, cures "switch on type" (a growing if/elif chain that every new case forces you to edit). **L**iskov Substitution: subtypes must be substitutable for their base type without breaking the program's behavioral contract, cures false IS-A relationships like `Square` extending `Rectangle`. **I**nterface Segregation: don't force clients to depend on methods they don't use, cures fat interfaces that make classes fake-implement methods with `NotImplementedError`. **D**ependency Inversion: high- and low-level modules should both depend on abstractions, cures a high-level class being welded to a concrete low-level detail (like `OrderService` hard-coding `PostgresOrderRepo`) so it can't be tested or swapped.	27_1-clean-code-and-design-patterns
Why is Singleton usually a bad idea, and what's the better default?	Singleton is "a global variable wearing a costume": it hides dependencies (callers reach for the global instead of receiving it), makes tests order-dependent and hard to isolate since shared mutable state leaks between tests, and fights the Dependency Inversion Principle because you can't inject a fake in its place. The better default is to create one instance at your composition root and inject it, getting the "one instance" benefit without the global-state pain. The rule to remember: prefer "one instance, injected" over "one instance, globally reachable."	27_1-clean-code-and-design-patterns
Explain composition over inheritance, when is inheritance actually the right call?	Inheritance models IS-A and shares implementation down a hierarchy, but it's the tightest coupling there is (a subclass depends on the parent's internals), it's fixed at class-definition time, and deep hierarchies get rigid, as the `FileLoggerWithTimestampAndJson` combinatorial-explosion example shows. Composition models HAS-A, assembling behavior from small interchangeable parts (like `Logger` composed with a `Sink`) that can be mixed and matched at runtime with no class explosion. Inheritance is the right call only for a genuine IS-A relationship with true substitutability (Liskov holds); if you catch yourself subclassing just to reuse a method, that's the tell to compose instead.	27_1-clean-code-and-design-patterns
Pick three patterns (one creational, one structural, one behavioral) and explain *when* you'd use each and one way each is abused.	**Factory** (creational): use when the type to create is data- or config-driven, like `make_notifier(channel)` mapping a string to a `Notifier` subclass; abused when the factory only ever makes one class, which is pure ceremony over just calling the constructor. **Decorator** (structural): use for cross-cutting concerns like timing, caching, retry, or auth that you want to add and remove independently, stacking `@timed`/`@retry` around a function; abused when you stack five decorators on one function, making it hard to debug, so keep the stack shallow. **Strategy** (behavioral): use when you have multiple interchangeable algorithms chosen at runtime, like pluggable discount rules passed into `final_price`; abused as a "golden hammer", making everything a Strategy class when a plain function or dict lookup would do.	27_1-clean-code-and-design-patterns
Which GoF patterns are largely subsumed by Python's own features, and by what features?	**Iterator** is subsumed by `__iter__`/`__next__` and generators, a generator using `yield` (like the `fibonacci()` example) *is* the Iterator pattern, so you almost never implement it by hand. **Decorator** the pattern is directly implemented by Python's `@decorator` syntax itself, function decorators like `@timed` are literal instances of the Decorator pattern (Python's syntax is even named after it). More broadly, `typing.Protocol` and duck typing give you structural typing that does Interface Segregation "by default" without needing a formal interface hierarchy.	27_1-clean-code-and-design-patterns
Give the precise definition of refactoring. Why is "without changing behavior" the load-bearing clause?	Refactoring (Fowler's definition) is changing the internal structure of code to make it easier to understand and cheaper to modify, **without changing its observable behavior**. That clause is load-bearing because it's what separates refactoring from rewriting or adding features, if behavior is allowed to change, a red test no longer tells you whether you broke something or intentionally changed something, so the tests can't function as a safety net. Preserving behavior is exactly what lets you "improve the code and provably didn't break it."	27_1-clean-code-and-design-patterns
What are the four disciplines that make refactoring safe?	(1) Have tests first, tests are the safety net that prove behavior didn't change, and if there are none you write characterization tests before touching anything. (2) Take small steps, extract one function, run the tests, rename one variable, run the tests, so if something goes red you know exactly which tiny step caused it. (3) Separate refactoring from feature work, wear the "refactoring hat" (structure changes, tests stay green) or the "feature hat" (behavior changes, new tests go red then green), never both at once. (4) Commit often, each green step is a commit point you can reset to instead of falling back into the swamp.	27_1-clean-code-and-design-patterns
Name three code smells and the refactoring that cures each. If you can teach those to an intern with a runnable example for each, and, just as importantly, talk them *out* of over-engineering, you own this chapter. Next up (27.2): how we *prove* code works and *structure* whole systems, testing deeply, architecture, and the engineering practices that hold a team together.	**Long function** (scrolling to read it) is cured by **Extract Function**, the most common refactoring. **Long parameter list** (4+ args) is cured by **Introduce Parameter Object**, bundling the clump of arguments that always travel together (like `origin`, `destination`, `depart_date`) into a single named type. **Switch on type** (an `if kind == "a" ... elif kind == "b"` chain repeated across the code) is cured by **Replace Conditional with Polymorphism**, turning it into a class hierarchy where each type owns its own behavior, which is also Open/Closed in action.	27_1-clean-code-and-design-patterns
Draw the test pyramid and explain why the shape is what it is. What's the ice-cream-cone anti-pattern?	The pyramid (Mike Cohn) has many fast, isolated **unit tests** at the base (milliseconds, one unit at a time, pinpoint exactly what broke), some slower **integration tests** in the middle (real collaborators like a DB or HTTP route, catch wiring bugs units miss), and few slow **E2E tests** at the top (drive the whole system, slowest and most brittle, so reserved for critical user journeys like login or checkout). The shape follows directly from cost and speed: cheap, fast, precise tests should dominate, and expensive, slow, flaky ones should be rare. The **ice-cream-cone** anti-pattern is the inverted shape, mostly slow E2E tests and few units, which makes the suite take an hour, be flaky, and give you no idea where a failure actually is.	27_2-testing-and-architecture
What does FIRST stand for, and why is each property necessary?	**F**ast (milliseconds, no network or sleeps, otherwise it's not really a unit test), because a slow suite is a suite people skip. **I**solated/Independent (no test depends on another's state or order), because shared mutable state between tests is a top source of flakiness. **R**epeatable/Deterministic (same result every run, no dependence on clock, network, randomness, or timezone), because flaky tests are worse than no test, they train the team to ignore red. **S**elf-validating (the test asserts pass/fail itself, not a human reading output), so results don't require manual judgment. **T**imely (written close to, ideally before, the code), because tests bolted on months later miss edge cases you've already forgotten.	27_2-testing-and-architecture
Walk through red-green-refactor on a small example. What does TDD give you *besides* tests?	Using the `BankAccount` example: **Red**, write `test_new_account_starts_at_zero` before `BankAccount` even exists and watch it fail (a `NameError`). **Green**, write the simplest code that passes, just `self.balance = 0` in `__init__`. **Refactor**, once green and safe, clean up, for example extracting the shared `_require_positive` guard used by both `deposit` and `withdraw`, with the tests staying green as proof behavior didn't change. Besides tests, TDD gives **design pressure**: writing the test first means you experience your API as a caller before you build it, which is what pushed edge cases like negative deposits and overdraft to get specified as tests before the code existed, rather than discovered in production.	27_2-testing-and-architecture
Name the four test doubles and the one distinction that separates them into two groups.	The four (Gerard Meszaros's taxonomy) are **Stub** (provides canned answers), **Mock** (pre-programmed with expectations, verifies interactions), **Fake** (a working but lightweight implementation), and **Spy** (records calls for later assertion). The distinction: **stubs and fakes feed the unit data** and you assert on the result, state verification, while **mocks and spies record interactions** and you assert on the calls made, behavior verification.	27_2-testing-and-architecture
What is over-mocking and how do you avoid it?	Over-mocking is when a test mocks everything, so it ends up testing that your code calls the mocks the way you told the mocks to expect, a tautology that passes even when the real integration is broken and breaks on every refactor. You avoid it by mocking only at the boundaries, network, DB, time, external services, and using real objects for your own domain logic. The chapter's guidance is to prefer fakes over mocks when you can, since fakes are more realistic and less brittle; a test that's all mocks is usually testing the wrong thing.	27_2-testing-and-architecture
State the Dependency Rule. How do hexagonal/clean architecture enforce it, and what does it buy you?	The Dependency Rule: source-code dependencies point *inward*, toward the domain, and inner layers know nothing about outer layers. Hexagonal (ports & adapters) and Clean Architecture enforce it by putting the domain at the center depending on nothing, defining **ports** (interfaces like `OrderRepository`) that the application needs, and pushing concrete **adapters** (a Postgres repo, a Stripe gateway, a FastAPI controller) to the outer ring, so the database implements the domain's interface rather than the domain importing the database. This buys business logic that's testable with zero infrastructure by injecting fakes for the ports, and lets you swap Postgres for DynamoDB or FastAPI for a CLI by writing a new adapter while the core never changes.	27_2-testing-and-architecture
Explain dependency injection vs dependency inversion, and what a "composition root" is.	Dependency Inversion is the *principle*: depend on abstractions, not concrete details. Dependency Injection is the *technique* for achieving it: a component receives its dependencies from outside, usually through the constructor, instead of constructing them itself, as with `TokenIssuer` receiving a `Clock` port rather than calling `time.time()` directly. A **composition root** is the single place in the app, the app factory or `main.py`, where all the concrete adapters get wired to the abstractions, production code builds `TokenIssuer(SystemClock())` there while tests build `TokenIssuer(FixedClock(...))`; the rule is construct nothing deep inside, receive everything, wire only at the edge.	27_2-testing-and-architecture
Monolith vs modular monolith vs microservices, give the tradeoff and your default, with reasons.	A **monolith** is simplest to build, deploy, and debug, one transaction and fast local dev, but its boundaries erode into a "big ball of mud" over time. A **modular monolith** is still one deployable but with strong internal module boundaries (each module owns its data, talks through interfaces), giving the monolith's simplicity plus enforced boundaries you can later split. **Microservices** give independent scaling, deploy, and fault isolation, but cost real distributed-systems pain: network failures, eventual consistency, distributed transactions, and harder debugging. The chapter's default is to start with a well-structured modular monolith and only move to microservices when there's a real scaling or organizational reason plus the ops maturity to handle it, since premature microservices are called out as the most expensive over-engineering there is.	27_2-testing-and-architecture
What's in an ADR, and why is it worth writing?	An ADR (Architecture Decision Record) is a short markdown doc capturing a significant decision through four parts: the **context**, the **decision**, the **alternatives considered**, and the **consequences**. It's worth writing because it answers the question that haunts every codebase, "why did we do it this way?", so six months later a team doesn't relitigate a settled decision or, worse, reverse it without knowing why it was made in the first place. They're cheap to write and, per the chapter, enormously valuable.	27_2-testing-and-architecture
Define technical debt (prudent vs reckless) and how the boy-scout rule pays it down.	Technical debt is the implied cost of future rework caused by choosing an easy-now solution over a better-but-slower one, Ward Cunningham's financial metaphor: you borrow speed now and pay interest later in slower changes and more bugs. **Prudent** debt is deliberate, "we'll ship the hack to hit the deadline and fix it next sprint," and it's fine if you actually pay it back; **reckless** debt is inadvertent, like not knowing what layering is. The **boy-scout rule**, leaving code cleaner than you found it through small opportunistic refactors as you pass through, pays debt down continuously, especially when applied to the high-churn, high-risk areas where the friction (interest) actually hurts, rather than everywhere.	27_2-testing-and-architecture
You join a team and inherit a large untested codebase. What's your playbook for changing it safely? If you can teach those, and *demonstrate* them by building a real feature TDD-style in clean layers with a proper test pyramid and an ADR, you've crossed from "writes code that works" to "engineers software a team can live with." That's the difference that gets you trusted, promoted, and relied on.	Read the tests first, since they're an executable spec of intended behavior; change one small thing and run the tests to learn the feedback loop; trace one request end to end to learn the layers. Don't rewrite what you don't understand, Chesterton's Fence, don't remove a thing until you know why it's there. Before changing untested code, add a characterization test to pin its current behavior so you have a safety net (the same move used on the smelly `legacy_report` module in 27.1). Ask "why" before "this is wrong," respecting that the people before you had context you don't.	27_2-testing-and-architecture
**Why does two's complement make the top bit have weight −2^(n−1), and why does that let one adder handle both signed and unsigned addition?** (Hint: everything is mod 2^n; negation is `2^n − x`.)	In an n-bit two's complement system the top bit is defined to carry weight -2^(n-1) instead of +2^(n-1); that single sign flip is the whole design. Because all arithmetic is done mod 2^n, negation of x is just `2^n - x`, and adding x and -x produces 2^n, which is congruent to 0 mod 2^n (the carry simply falls off the register). Since the same binary addition circuit produces correct results whether you interpret the bits as unsigned or as two's complement signed, hardware needs only one adder for both; overflow detection differs but the addition itself never changes.	01_1-data-representation
**Convert `0xB4` to binary and to decimal in your head, and explain the binary↔hex nibble shortcut.**	`0xB4` in binary is `1011 0100`: B=1011, 4=0100. In decimal that's 11×16 + 4 = 176 + 4 = 180. The shortcut works because 16 = 2^4, so each hex digit maps to exactly one nibble (4 bits); converting hex to binary is just writing out each digit's 4-bit pattern side by side, no arithmetic needed, and converting back is grouping bits into fours from the right.	01_1-data-representation
**Walk through, bit by bit, why `0.1 + 0.2 != 0.3`**, what is the implied leading 1, what does the exponent bias do, and why is 0.1 not exactly representable?	IEEE 754 doubles store a value as `(-1)^sign × 1.fraction × 2^(exponent-1023)`. The implied leading 1 means normalized binary scientific notation always starts with a `1.` before the point, so that bit is never stored, giving 53 bits of precision from 52 stored mantissa bits. The exponent bias (1023) lets an 11-bit field represent both positive and negative exponents while still sorting correctly under a plain unsigned compare. `0.1` in binary is a repeating fraction (like 1/3 in decimal) because its denominator (10) has a prime factor of 5, not just 2, so it must be rounded to fit 52 bits; the same happens to 0.2. Those two independent roundings don't cancel, and the sum lands on a double that isn't the same double as the literal `0.3`.	01_1-data-representation
**Encode `€` (U+20AC) into UTF-8 bytes by hand**, and explain how a decoder knows a byte is a continuation byte.	`€` is U+20AC = `0010 0000 1010 1100`, which falls in the 3-byte UTF-8 range (`U+0800`-`U+FFFF`), pattern `1110xxxx 10xxxxxx 10xxxxxx`. Splitting the 16 code-point bits into 4+6+6 gives `1110 0010`, `1000 0010`, `1010 1100`, i.e. bytes `E2 82 AC`. A decoder recognizes a continuation byte because it always starts with the bit pattern `10`, which never appears as a lead byte (lead bytes start `0`, `110`, `1110`, or `11110`), so the decoder can always resync even if it drops into the middle of a stream.	01_1-data-representation
**Give three real, deliberate uses of bitwise operators** (not tricks for tricks' sake) and explain `x & (x-1)`.	Three deliberate uses: packing multiple boolean flags into one integer (Unix file permissions, feature flags), using `|=`/`&`/`&= ~`/`^=` to set, test, clear, and toggle bits; masking to extract fields, like pulling RGBA channels out of a packed pixel with `(x >> 8) & 0xFF`; and fast multiply/divide by powers of two with `<<`/`>>` in performance-sensitive code. `x & (x-1)` clears the lowest set bit: subtracting 1 flips that lowest 1 to 0 and flips every 0 below it to 1, so ANDing with the original x wipes out exactly that one bit and leaves everything else unchanged, which is why looping `x &= x-1` counts set bits in one iteration per 1-bit.	01_1-data-representation
**What is endianness, when does it actually matter, and how do you force a byte order when reading a binary file in Python?** If you can teach all six cleanly, you own this chapter.	Endianness is the byte order used to store a multi-byte value in memory: big-endian puts the most significant byte first (network byte order), little-endian puts the least significant byte first (x86/ARM). It only matters at boundaries, reading binary files, network packets, or sharing memory across machines; within a single machine it's invisible. In Python you force byte order with `struct`'s format characters, `>` for big-endian and `<` for little-endian, e.g. `struct.pack(">I", n)` versus `struct.pack("<I", n)`.	01_1-data-representation
**Why is NAND functionally complete?** Build NOT, AND, and OR from NAND on a whiteboard and explain why that proves completeness.	NAND is functionally complete because NOT, AND, and OR can all be built from it alone: `NOT A = NAND(A,A)`, `AND(A,B) = NOT(NAND(A,B))`, and `OR(A,B) = NAND(NOT A, NOT B)` (by De Morgan). Since `{AND, OR, NOT}` is already complete (any truth table can be written in sum-of-products form) and each of those three is expressible using only NAND, NAND itself must be able to build any Boolean function. That's why chip fabs can build an entire computer by mass-producing one gate type and tiling it billions of times.	01_2-boolean-logic
**Derive the half-adder** (sum = a⊕b, carry = a∧b) straight from the 2-bit addition truth table, then extend to the full-adder's two equations.	From the 2-bit addition truth table, the output column for the low bit is 1 exactly when the inputs differ (that's XOR), and the carry column is 1 exactly when both inputs are 1 (that's AND); so `sum = a⊕b` and `carry = a∧b` is the half-adder, read straight off the table. Extending to a full-adder that also accepts a carry-in: `sum = a⊕b⊕cin` (the sum bit is 1 when an odd number of the three inputs are 1) and `cout = (a∧b) ∨ (cin∧(a⊕b))` (a carry out happens if both a and b are 1, or if exactly one of them is 1 and a carry came in).	01_2-boolean-logic
**State De Morgan's two laws and give the intuition**, then describe how you'd *prove* an equivalence with truth tables (and how the `equivalent()` helper automates it).	De Morgan's laws are `¬(A∧B) = ¬A∨¬B` ("not both" means "at least one is missing") and `¬(A∨B) = ¬A∧¬B` ("not either" means "both are missing"). You prove an equivalence by building both expressions' truth tables over every input combination and checking the output columns match row for row; exhaustive checking works because there are only finitely many cases. The `equivalent()` helper automates this by looping `itertools.product((0,1), repeat=arity)` over all input combinations and returning False the moment the two functions disagree on any one.	01_2-boolean-logic
**Explain how a ripple-carry adder works and where overflow "comes from."** What is the carry-out and what happens if you drop it?	A ripple-carry adder chains n full-adders so the carry-out of bit i feeds directly into the carry-in of bit i+1, exactly like carrying left in grade-school addition; the carry "ripples" from least significant to most significant bit. The carry-out of the final bit is a 5th bit beyond the register width; keeping it gives the true sum, but dropping it (because the register is fixed-width) is exactly what overflow is, the result wraps around mod 2^n with no separate error signal.	01_2-boolean-logic
**How does an ALU do subtraction without a subtractor circuit?** (Two's complement: invert b, carry-in 1, tie it back to Chapter 1.1.)	The ALU computes `a - b` as `a + (¬b) + 1`, reusing the same adder: invert every bit of b and feed the carry-in as 1. This works because two's complement defines `-b` as `¬b + 1` (Chapter 1.1's invert-and-add-1 trick), so `a - b = a + (-b) = a + ¬b + 1`. No separate subtractor hardware is needed; subtraction is just addition with the second operand negated first.	01_2-boolean-logic
**Sketch the path from a single NAND gate to "a CPU that computes."** Where do muxes, the opcode, and status flags fit in? Nail these and you've built a computer's arithmetic from first principles.	A single NAND gate builds NOT/AND/OR (functional completeness), which combine into half-adders and full-adders, which chain into a ripple-carry adder that does real arithmetic. Bitwise gate arrays computing AND/OR/XOR run in parallel alongside the adder, and a multiplexer, itself built from AND/OR/NOT, selects among these candidate results based on the opcode; that selection plus the arithmetic is the ALU. The ALU also emits status flags (zero, carry, negative, overflow) that control logic and branch instructions read, and with a register file for storage and a control unit driving the opcode/operand wires each cycle, you have the spine of a processor, nothing hidden beyond gates.	01_2-boolean-logic
**Write a full induction proof** that `1+2+…+n = n(n+1)/2`, and explain why proving a recursive function correct is "the same shape" as induction.	Base case n=1: LHS=1, RHS=1·2/2=1, they match. Inductive step: assume `1+...+k = k(k+1)/2`, then `1+...+k+(k+1) = k(k+1)/2 + (k+1) = (k+1)(k/2+1) = (k+1)(k+2)/2`, exactly the formula for n=k+1, so by induction it holds for all n≥1. Proving a recursive function correct has the same shape because the base case of induction mirrors the function's base case, and the inductive step (assume P(k), derive P(k+1)) mirrors the recursive call assuming the smaller call is correct and building the next result from it; recursion is induction made executable.	01_3-discrete-math
**State and apply Bayes' theorem** to the 1%-disease / 99%-test problem, and explain *why* the answer is only 50%.	Bayes' theorem is `P(A|B) = P(B|A)P(A)/P(B)`. With P(disease)=0.01, P(+|disease)=0.99, and P(+|no disease)=0.01 (false positive rate), the law of total probability gives P(+) = 0.99×0.01 + 0.01×0.99 = 0.0198, so P(disease|+) = 0.0099/0.0198 = 0.5. The answer is only 50% because the disease is rare: out of 10,000 people, 100 have it and 99 test positive, but among the 9,900 healthy people 1% (99 people) also test positive, so true positives and false positives are roughly equal even though the test is "99% accurate." Base rates dominate when the condition is rare.	01_3-discrete-math
**Derive `C(n,r)` from `P(n,r)`** (why divide by r!?) and state Pascal's identity with its "pick one element" intuition.	`C(n,r) = P(n,r)/r!` because every unordered combination of r items corresponds to exactly r! different ordered arrangements (permutations) of those same r items, so dividing the ordered count by r! collapses all those equivalent orderings into one. Pascal's identity is `C(n,r) = C(n-1,r-1) + C(n-1,r)`: pick one specific element; either it's in your chosen group (then choose r-1 more from the remaining n-1) or it isn't (choose all r from the remaining n-1), and these two mutually exclusive cases add up.	01_3-discrete-math
**Explain the difference between ∀ and ∃**, how to negate each, and why this means testing inputs can disprove but not prove a "for all" claim.	`∀x P(x)` means "for all x, P holds" and is disproved by a single counterexample; `∃x P(x)` means "there exists an x with P" and is proved by a single witness. Negating flips the quantifier: `¬(∀x P(x)) ≡ ∃x ¬P(x)` ("not all" means "some don't") and `¬(∃x P(x)) ≡ ∀x ¬P(x)` ("none exist" means "all fail"). Because a "for all" claim requires every case to hold, testing a finite set of inputs can never establish it, but finding one input that fails immediately disproves it; that asymmetry is why tests can catch bugs but never prove correctness.	01_3-discrete-math
**What is `a ≡ b (mod n)`**, why can you reduce mod n at each step of a computation, and where does this show up in hashing and crypto?	`a ≡ b (mod n)` means a and b have the same remainder when divided by n, equivalently n divides `a - b`; it's clock arithmetic on a circle of size n. You can reduce mod n at each step because modular arithmetic distributes over addition and multiplication: `(a+b) mod n = ((a mod n)+(b mod n)) mod n` and similarly for multiplication, so intermediate values never need to grow unbounded, which is essential for big-number crypto to stay fast. It shows up in hashing (`hash(key) mod table_size` picks a bucket) and in crypto (RSA and Diffie-Hellman live entirely in modular exponentiation, `a^b mod n`).	01_3-discrete-math
**Define a graph and a tree precisely**, state the handshake lemma and "tree on n vertices has n−1 edges," and give the intuition for each.	A graph `G = (V, E)` is a set of vertices and a set of edges connecting them; a tree is a connected, acyclic undirected graph. The handshake lemma states `Σ deg(v) = 2|E|`, because each edge contributes to exactly two vertices' degree counts, so summing everyone's degree double-counts every edge. A tree on n vertices has exactly n-1 edges: every vertex except the root has exactly one edge connecting it to its parent, so n vertices need n-1 such links, and this fact plus connectivity is a clean, executable test for "is this a tree."	01_3-discrete-math
**Explain why the Monty Hall simulation and the analytic 2/3 agree** (name the theorem). Own these and the rest of the book has solid ground under it.	They agree because of the law of large numbers, which says the empirical frequency of an event converges to its true probability as the number of trials grows. The Monty Hall simulation literally samples the sample space many times and the proportion of wins estimates P(win) directly, so as trials increase the simulated result converges toward the analytic 2/3 (your initial pick is right 1/3 of the time, and the host's reveal concentrates the remaining 2/3 onto the one other unopened door). The simulation and the proof validate each other: the simulation catches errors in reasoning, and the proof confirms the simulation isn't a fluke.	01_3-discrete-math
State the formal definition of `f = O(g)` (the c, n₀ version) and prove `3n²+5n+2 = O(n²)` by exhibiting a specific c and n₀.	`f(n) = O(g(n))` iff there exist constants c>0 and n₀>0 such that `0 ≤ f(n) ≤ c·g(n)` for all n≥n₀. For all n≥1, `5n ≤ 5n²` and `2 ≤ 2n²`, so `3n²+5n+2 ≤ 3n²+5n²+2n² = 10n²`; taking c=10 and n₀=1 satisfies the definition, so `3n²+5n+2 = O(n²)`.	01_4-complexity-and-big-o
Explain the difference between O, Ω, Θ, and little-o. When is `n = O(n²)` true but `n = Θ(n²)` false, and why is `n = o(n²)` but `n ≠ o(n)`?	O is an upper bound (grows no faster than), Ω is a lower bound (grows at least as fast), Θ is a tight bound (both O and Ω), and little-o is a strict upper bound (grows strictly slower, ratio goes to 0). `n = O(n²)` is true because `n ≤ 1·n²` for n≥1, but `n = Θ(n²)` is false because n is not also `Ω(n²)`, it doesn't grow as fast as n². `n = o(n²)` holds because `n/n² → 0`, but `n ≠ o(n)` because `n/n → 1 ≠ 0`; little-o requires the ratio to vanish, and a function is never strictly smaller than itself.	01_4-complexity-and-big-o
Solve `T(n) = 2T(n/2) + n` three ways (unroll, recursion tree, Master Theorem) and get Θ(n log n) each time.	Recursion tree: each of the log n levels contributes cn total work (the subproblem sizes at each level sum back to n), and there are log₂n+1 levels, so total work is `cn(log₂n+1) = Θ(n log n)`. Unrolling gives the same result by expanding the recurrence level by level and summing. Master Theorem: a=2, b=2, f(n)=n, so `c_crit = log₂2 = 1` and `f(n) = Θ(n^1)` matches c_crit, landing in Case 2, giving `Θ(n^c_crit · log n) = Θ(n log n)`. All three methods agree because they're the same computation viewed differently, mergesort's exact recurrence.	01_4-complexity-and-big-o
State the Master Theorem's three cases and apply it to binary search and mergesort, identifying a, b, f(n), and c_crit.	For `T(n) = aT(n/b) + f(n)`, let `c_crit = log_b(a)`. Case 1: `f(n) = O(n^(c_crit-ε))` gives `Θ(n^c_crit)` (branching dominates). Case 2: `f(n) = Θ(n^c_crit)` gives `Θ(n^c_crit · log n)` (balanced, every level costs the same). Case 3: `f(n) = Ω(n^(c_crit+ε))` gives `Θ(f(n))` (per-call work dominates). Binary search: a=1, b=2, f(n)=O(1), c_crit=log₂1=0, matches Case 2, giving Θ(log n). Mergesort: a=2, b=2, f(n)=n, c_crit=log₂2=1, matches Case 2, giving Θ(n log n).	01_4-complexity-and-big-o
Give the dynamic-array doubling argument for why `append` is amortized O(1), and name the geometric series that makes it work.	When a dynamic array doubles capacity on resize, resizes happen at sizes 1, 2, 4, 8, ..., n, and copying at each costs the current size, so total copy cost over n appends is `1+2+4+...+n = 2n-1`, a geometric series, which is O(n) total. Spreading that O(n) total cost over n appends gives O(1) amortized per append, even though any single append that triggers a resize costs O(n) in isolation. Growing by a fixed amount instead gives an arithmetic series costing O(n²) total, which is why real dynamic arrays multiply capacity rather than add a constant.	01_4-complexity-and-big-o
Distinguish worst/best/average case from Big-O, and explain why quicksort is "O(n log n) average but O(n²) worst" and still preferred.	Worst/best/average case describe which input you're analyzing; Big-O/Ω/Θ bound the running-time function once you've picked that input, so the two are orthogonal. Quicksort is O(n log n) on average (over random pivots/inputs) but O(n²) in the worst case (already-sorted input with a naive pivot); it's still preferred because the worst case is rare with good pivot selection (random or median-of-three) and its constant factors and in-place behavior make it faster than guaranteed-O(n log n) alternatives like mergesort on typical data.	01_4-complexity-and-big-o
Describe how the empirical checker classifies complexity (the log-log slope trick) and why you still derive the answer analytically afterward. If you can teach all seven, you can look at any piece of code and predict, and justify, how it scales. This closes out the Foundations; everything from data structures onward leans on these four chapters: [data representation](01.1-data-representation.md), [boolean logic](01.2-boolean-logic.md), [discrete math](01.3-discrete-math.md), and complexity.	The checker times a function across growing input sizes and fits a line to log(time) versus log(n); if `T = c·n^p`, then `log T = log c + p·log n`, a straight line whose slope is the exponent p, so the fitted slope classifies the polynomial degree. You still derive the answer analytically afterward because a log factor (like n log n) isn't a clean power law, it shows up only as slight curvature that's easy to miss by eyeballing a noisy slope, and measurement can be confounded by constants, hardware, and noise where proof cannot; measurement proposes a classification, proof disposes of it for certain.	01_4-complexity-and-big-o
Why is a SQL table technically a *bag* and not a true relation, and name one practical consequence of that gap.	A true relation is a set: no duplicate tuples and no inherent ordering. SQL tables are actually bags (multisets), they can contain duplicate rows unless you add a constraint, and the engine returns rows in whatever order it likes unless you specify `ORDER BY`. The practical consequence: assuming "the first row" means something without an explicit `ORDER BY` is a bug, the engine is free to return rows in a different order after an index change or a vacuum, so any query that cares about order must say so explicitly.	07_1-relational-and-sql
Rewrite `A INNER JOIN B ON A.x = B.y` in terms of relational algebra operators, and explain why a LEFT JOIN can't be expressed with just product + selection.	`A INNER JOIN B ON A.x = B.y` is `σ(A.x = B.y)(A × B)`, a Cartesian product followed by a selection that keeps only matching rows. A LEFT JOIN can't be expressed with just product and selection because those two operators only ever keep or drop existing rows, they can't manufacture new rows with NULLs for the unmatched side; LEFT JOIN needs to keep every row from A regardless of a match and pad in NULLs for B's columns, which is an operation beyond basic relational algebra.	07_1-relational-and-sql
The query `WHERE total_spent > 100` fails when `total_spent` is a `SELECT` alias, but `ORDER BY total_spent` works. Explain why, using the logical evaluation order.	SQL's logical evaluation order is `FROM → WHERE → GROUP BY → HAVING → SELECT → DISTINCT → ORDER BY → LIMIT`. Because `WHERE` runs before `SELECT`, the alias `total_spent` doesn't exist yet when `WHERE` is evaluated, it hasn't been computed. `ORDER BY` runs after `SELECT`, so by that point the alias is available and can be referenced directly.	07_1-relational-and-sql
You need "the highest-paying customer in each country" *and* you want to keep every customer's row visible for a separate report. Which tool, `GROUP BY` or a window function, fits each, and why?	`GROUP BY` fits "the highest-paying customer in each country" because it collapses rows into one summary row per group, exactly what you need for a single answer per country. A window function fits "keep every customer's row visible" because it computes a value (like a rank) across a partition without collapsing the rows, so you can filter to `rn=1` per country while still seeing every customer's row if you want. The two combine in the "GROUP BY then window-rank then filter rn=1" pattern for top-N-per-group.	07_1-relational-and-sql
Why does `WHERE ended_at = NULL` return zero rows, and what's the correct predicate? What is NULL's three-valued-logic value when compared with `=`?	`WHERE ended_at = NULL` returns zero rows because NULL means "unknown," and any comparison with `=` against NULL evaluates to unknown, not true, so `WHERE` (which only keeps rows evaluating to true) filters everything out. The correct predicate is `WHERE ended_at IS NULL`. In three-valued logic, comparisons with `=`, `<`, `<>` against NULL always yield "unknown," a third truth value alongside true and false.	07_1-relational-and-sql
Give a concrete case where `UNION ALL` is both correct and meaningfully faster than `UNION`.	`UNION` deduplicates (costing a sort or hash) while `UNION ALL` just concatenates results, so `UNION ALL` is correct and faster whenever you know the two queries can't produce overlapping rows. For example, combining `orders WHERE status='paid'` user IDs with `events WHERE event_type='login'` user IDs when you know the sets are disjoint by construction, or stacking monthly partitions that can't share rows by definition, `UNION ALL` gives the same result as `UNION` without paying for a dedupe you don't need.	07_1-relational-and-sql
Give a concrete table that satisfies 2NF but violates 3NF, name the offending dependency, and show the fix.	`employees(emp_id PK, emp_name, dept_id, dept_name, dept_budget)` satisfies 2NF (the key is a single column, so no partial dependency is possible) but violates 3NF because of the transitive dependency `emp_id → dept_id → dept_name, dept_budget`: the department attributes depend on `dept_id`, a non-key column, not directly on `emp_id`. The fix is to split into `employees(emp_id PK, emp_name, dept_id FK)` and `departments(dept_id PK, dept_name, dept_budget)`.	07_2-design-indexing-transactions
Explain in your own words why a B-tree lookup is O(log n) and connect the *fan-out* of a node to the *number of disk reads* for a billion-row table.	A B-tree is a balanced multi-way tree where each node holds many sorted keys sized to a disk page, so its height is `log_b(n)` where b is the fan-out (often ~250 keys per node). With fan-out ~250 and a billion rows, that's `log_250(10^9) ≈ 4` levels, meaning about 4 disk reads to find one row among a billion instead of scanning the whole table. Higher fan-out means a shallower tree and fewer disk reads per lookup, which is the entire O(log n) guarantee made concrete.	07_2-design-indexing-transactions
You add an index and a `SELECT` gets faster but the table's bulk `INSERT` job gets slower. Why? What's the underlying trade?	An index is a second, separately sorted data structure, so every INSERT that touches an indexed column must also update the index (rebalance nodes, possibly split them), which is real extra write work. The trade is fundamental: indexes buy read speed at the cost of write speed and disk space, so a write-heavy table pays a "tax" on every index it carries while a read-heavy table benefits from more of them.	07_2-design-indexing-transactions
You have `CREATE INDEX ON orders (user_id, created_at)`. Which of these queries can use it, and which can't: (a) `WHERE user_id=5`, (b) `WHERE created_at > '...'`, (c) `WHERE user_id=5 AND created_at > '...'`? State the rule.	The leftmost-prefix rule governs this: an index on `(user_id, created_at)` is sorted by `user_id` first, so it serves (a) `WHERE user_id=5` (leading column) and (c) `WHERE user_id=5 AND created_at > '...'` (equality on the leading column plus a range on the second), but not (b) `WHERE created_at > '...'` alone, since the index isn't globally sorted by `created_at`. The rule: a composite index only helps queries that constrain a left prefix of its columns.	07_2-design-indexing-transactions
Walk through the money-transfer example and say which ACID letter each part guarantees, including what role the WAL plays.	Wrapping the two balance updates in `BEGIN...COMMIT` guarantees atomicity (both updates happen or neither does, a mid-transaction failure rolls back everything). The `CHECK (balance >= 0)` constraint enforces consistency (the database never persists a state violating its own rules). Isolation ensures concurrent transfers don't step on each other, to the degree the isolation level promises. Durability means once committed, the transfer survives a crash, and Postgres achieves this by writing changes to the write-ahead log on disk before acknowledging the commit, so a crash can replay the log to recover.	07_2-design-indexing-transactions
Describe a non-repeatable read with two concrete transactions, and name the lowest isolation level that prevents it. Then explain how MVCC lets a reader avoid blocking on a concurrent writer.	T1 reads a row, T2 updates and commits a change to that row, then T1 reads the row again within the same transaction and gets a different value, that's a non-repeatable read. The lowest isolation level that prevents it is Repeatable Read, which gives a transaction a stable snapshot taken at its start so both reads see the same value regardless of what other transactions commit. MVCC lets a reader avoid blocking: instead of overwriting a row, an UPDATE writes a new version and marks the old one dead, so each transaction reads from a consistent snapshot without ever needing to wait on a writer's lock.	07_2-design-indexing-transactions
CAP forces a choice only *during a partition*. Explain why P isn't really optional, and what an AP vs. a CP system does when nodes can't talk.	In a real distributed system, network partitions will happen, so partition tolerance isn't a design choice, it's a fact of operating over a network. That means the actual trade-off only bites during a partition, when two nodes can't talk: a CP system refuses to answer (or blocks) on the side that can't confirm it has the latest data, sacrificing availability to stay consistent, while an AP system answers from whatever node you reached even if the data might be stale, sacrificing consistency to stay available. When there's no partition, a system can have both.	07_3-nosql-dynamodb-sqlite
What does PACELC add that CAP misses, and why does strong consistency cost latency even with a healthy network?	CAP only describes behavior during a partition; PACELC adds that even during normal operation you trade latency against consistency ("if Partition, trade Availability/Consistency; Else, trade Latency/Consistency"). Strong consistency costs latency even with a healthy network because guaranteeing every read sees the latest write requires coordination, waiting for replicas to agree, and that coordination round-trip takes time regardless of whether anything is partitioned.	07_3-nosql-dynamodb-sqlite
In DynamoDB, what's the difference between a partition key and a sort key, and how does single-table design use them to avoid JOINs?	The partition key (hash key) determines which physical partition an item lives on, controlling data distribution; the sort key orders items within a partition and enables range queries and storing many related items under one partition key. Single-table design co-locates multiple entity types (like a user and all their orders) under the same partition key, so a single `Query(PK="USER#42")` returns the whole related object graph in one round trip, pre-joining data at write time instead of needing a JOIN at read time, which DynamoDB doesn't have.	07_3-nosql-dynamodb-sqlite
What is a hot partition, what causes it, and how do you avoid one when choosing a partition key?	A hot partition is a physical partition that receives a disproportionate share of traffic, saturating its capacity while other partitions sit idle; it's caused by a low-cardinality or skewed partition key, like keying by today's date so all of today's writes land on one partition. You avoid it by choosing a high-cardinality, evenly-distributed partition key (like `user_id` or `order_id`), or by sharding a naturally-skewed key across N suffixes and querying all shards when needed.	07_3-nosql-dynamodb-sqlite
Give two workloads where you'd choose SQLite and two where you'd refuse it, citing its concurrency model.	SQLite fits local app storage, mobile/desktop apps, CLI tools, and test fixtures, or any single-writer, embedded workload where running a server is overkill. Refuse it for high write concurrency from many processes (SQLite uses file-level write locking, only one writer at a time) or client-server access over a network, both of which fight its embedded, single-file design.	07_3-nosql-dynamodb-sqlite
You modeled an app in DynamoDB and the product team asks for "all orders over $100 last month." Why is this hard, and what are your two options?	This is hard because DynamoDB queries only work efficiently against a partition key (or an index built ahead of time); "all orders over $100 last month" filters on an attribute you likely didn't design a key around, so it either requires a full-table Scan (reads and bills for everything, ruinous at scale) or a GSI you planned in advance keyed by something like month and sorted by amount. The two options are: build a Global Secondary Index with a key shaped for this query before you need it, or accept it's a rare analytics query and run it off-hours via a Scan or export the data to a system built for ad-hoc queries.	07_3-nosql-dynamodb-sqlite
Contrast vertical and horizontal scaling, and name the specific guarantees you risk losing the moment you scale out.	Vertical scaling means a bigger single machine (more CPU/RAM/disk), simple with no app changes but with a hard ceiling and a single point of failure. Horizontal scaling means more machines working together, effectively unlimited but requiring the data to be distributed. The moment you scale out you risk losing cheap JOINs, easy cross-row transactions, and strong consistency, guarantees a single relational box gives you almost for free but that become expensive or disappear once data lives on multiple servers.	07_4-sharding-partitioning-replication
You shard by `hash(key) % N`. Walk through what happens to existing keys when you grow from 8 to 9 shards, and quantify roughly how bad it is.	Growing from 8 to 9 shards under `hash(key) % N` changes the modulus, so a key only stays on the same shard if `hash % 8 == hash % 9`, which is rare, roughly `N/(N+1)` of keys move, about 89% here. That means almost every key gets remapped and needs to physically move to a different shard, a near-total reshuffle that's effectively an outage-causing event for a live system.	07_4-sharding-partitioning-replication
Derive consistent hashing from that problem: how does mapping nodes and keys onto a ring limit how many keys move when a node joins? What do virtual nodes fix?	Consistent hashing maps both nodes and keys onto the same circular hash space (a ring) instead of onto node indices directly, and assigns each key to the next node clockwise from its position. Adding a new node only steals the keys in the arc between it and the previous node clockwise, roughly `1/(N+1)` of all keys, because every other key's nearest clockwise node is unchanged. A single physical node at only one ring position can get an unfairly large or small arc; virtual nodes (placing each physical node at many ring positions, e.g. ~150) smooth the distribution and spread a departing node's keys across many neighbors instead of dumping them all on one.	07_4-sharding-partitioning-replication
Give three properties of a good shard key and one example of a bad one for a real workload, explaining the failure mode.	A good shard key is high cardinality (many distinct values so data spreads), evenly distributed (no single value dominates), and aligned with access patterns (queries should ideally target one shard). A bad example is sharding an e-commerce `orders` table by `order_status` (only ~4 values), which fails on cardinality and distribution: most orders pile into one or two statuses creating a hot shard, and a row would have to physically migrate shards every time its status changes.	07_4-sharding-partitioning-replication
Contrast synchronous and asynchronous replication in terms of latency, durability on leader failure, and where each sits on the PACELC trade.	Synchronous replication makes the leader wait for a follower to confirm before acking the client, guaranteeing no data loss if the leader then dies, at the cost of higher write latency and stalling if a follower is slow. Asynchronous replication acks immediately and ships changes in the background, fast, but a leader crash before replication completes loses that write and followers can serve stale reads. On the PACELC trade, sync leans toward consistency at the cost of latency/availability, while async leans toward latency/availability at the cost of consistency.	07_4-sharding-partitioning-replication
What is replication lag, what user-visible bug does it cause, and name two ways to give a user read-your-own-writes consistency despite it?	Replication lag is the delay between a write committing on the leader and its becoming visible on an async follower. It causes a read-after-write anomaly: a user updates their profile, gets routed to a lagging replica for the very next read, and sees stale data, looking like the save failed. Two fixes: route that user's reads to the leader for a short window after their write (read-your-writes routing), or track a logical write position (an LSN) and only read from a replica that's caught up past it.	07_4-sharding-partitioning-replication
**Why does encryption alone (e.g., AES-CBC) not protect integrity, and what primitive fixes it?** (Hint: bit-flipping; AEAD/GCM with its auth tag.)	Plain encryption like AES-CBC only gives confidentiality, an attacker can flip ciphertext bits without ever reading the plaintext, and the receiver has no way to detect the tampering. The fix is authenticated encryption (AEAD), like AES-GCM, which simultaneously computes an authentication tag over the ciphertext; if the tag doesn't verify at decrypt time, decryption fails closed instead of silently returning tampered data.	12_1-cryptography
**Walk the Diffie-Hellman exchange with `p=23, g=5, a=4, b=3`. What's the shared secret, and what hard problem stops an eavesdropper?** (Compute it; discrete log.)	`A = 5^4 mod 23 = 625 mod 23 = 4` and `B = 5^3 mod 23 = 125 mod 23 = 10`. The shared secret is `B^a mod 23 = 10^4 mod 23 = 18`, which matches `A^b mod 23 = 4^3 mod 23 = 18`. An eavesdropper sees p, g, A, and B but to recover the shared secret would need to compute the exponent a or b from `A = g^a mod p`, the discrete logarithm problem, believed hard for large primes.	12_1-cryptography
**Derive why RSA decryption recovers the message** - which theorem makes `m^{ed} ≡ m (mod n)` work, and why is `d` hard to find without `p, q`?	Encrypt as `c = m^e mod n`; decrypt as `c^d = m^(ed) mod n`. Because `e·d ≡ 1 (mod φ(n))`, we can write `ed = 1 + k·φ(n)`, so `m^(ed) = m·(m^φ(n))^k`, and Euler's theorem says `m^φ(n) ≡ 1 (mod n)` when gcd(m,n)=1, making the whole expression collapse to `m·1^k = m`. Finding d without knowing p and q is hard because d requires computing `φ(n) = (p-1)(q-1)`, and getting φ(n) requires factoring n, believed computationally infeasible for large moduli.	12_1-cryptography
**Why must password hashing be slow and salted, while a file-integrity hash should be fast?** Name the right tool for each.	Password hashing must be slow because an attacker with a leaked database can otherwise try billions of guesses per second on a GPU against a fast hash; salting (a unique random value per password) defeats precomputed rainbow tables and ensures identical passwords hash differently. A file-integrity check just needs to detect accidental corruption or tampering quickly, and there's no adversary trying to reverse a specific value cheaply, so speed is a feature there, not a liability. Use Argon2id or bcrypt for passwords, and SHA-256 for file integrity.	12_1-cryptography
**What's the one rule you must never break with AES-GCM, and what catastrophe happens if you do?** (Nonce reuse → keystream + auth-key recovery.)	Never reuse a (key, nonce) pair with AES-GCM. Reusing a nonce under the same key recovers the XOR of the two keystreams (breaking confidentiality for both messages) and also recovers the GHASH authentication key, which lets an attacker forge valid authentication tags on arbitrary messages, breaking both confidentiality and integrity at once.	12_1-cryptography
**In the vault project, what three things does passing the header as AAD actually protect against?**	Passing the header (magic bytes, version, salt, nonce) as associated data (AAD) authenticates it without encrypting it, and it protects against three things: an attacker swapping the salt (which would silently derive the wrong key), downgrading the version to exploit weaker parameters, or splicing a header from one vault file onto ciphertext from another. Because AAD is bound into the authentication tag, any tampering with the header causes decryption to fail closed, just like tampering with the ciphertext itself.	12_1-cryptography
**Why is "default-deny" strictly better than "block known-bad," and how does it relate to least privilege?**	Default-deny denies everything and explicitly allows only what's needed, while "block known-bad" tries to enumerate every bad thing, which is impossible since you can never list every attack in advance. Default-deny means a service you forgot about isn't exposed by default; you have to consciously open each port. This is least privilege applied to the network: every path gets the minimum access it needs, nothing more, so a mistake or oversight fails safe instead of failing open.	12_2-network-security
**Explain stateful vs stateless firewalls - what does tracking connection state let you avoid writing, and why is egress filtering worth the hassle?**	A stateless firewall inspects each packet in isolation and can't tell a legitimate reply from an unsolicited packet, forcing you to write rules for both directions of every connection. A stateful firewall tracks the TCP handshake and established connections in a state table, so you only write rules for new inbound connections; replies to your own outbound traffic are automatically allowed back in. Egress filtering is worth the hassle because if a server is compromised, it limits what an attacker can do, exfiltrate data, pull a second-stage payload, or beacon to a command-and-control server, all require an outbound path that a locked-down egress policy denies.	12_2-network-security
**A user reports the site's cert "works in my browser but not on their phone." What misconfiguration is the prime suspect, and how do you verify it with `openssl`?**	The prime suspect is a missing intermediate certificate, the server sent only the leaf cert, which "worked" in the first browser because it had already cached the intermediate from another site, but fails elsewhere. Verify with `openssl s_client -connect host:443 -servername host -showcerts`, and look at the certificate chain: if only entry 0 (the leaf) appears and entry 1 (the intermediate) is missing, along with a `Verify return code: 20 (unable to get local issuer certificate)`, that confirms it; the fix is to serve the full chain (`fullchain.pem`).	12_2-network-security
**Walk the TLS 1.3 handshake step by step, and explain what `CertificateVerify` proves that simply presenting the certificate does not.**	ClientHello (proposes versions/ciphers, sends SNI and an ephemeral ECDHE key_share) → ServerHello (picks version/cipher, sends its own key_share, both sides derive the shared secret) → messages from here on are encrypted → Certificate (server sends its leaf plus intermediate chain) → CertificateVerify (server signs the handshake transcript with its private key) → Finished (a MAC over the whole transcript) on both sides → application data flows under an AEAD cipher. `CertificateVerify` proves the server actually holds the private key matching the certificate's public key; merely presenting a certificate file only proves you have a copy of it, while signing the transcript proves possession of the corresponding private key, defeating an attacker who just replays a stolen certificate.	12_2-network-security
**What property does DNSSEC provide, what property does DoH provide, and why are they different?**	DNSSEC provides authenticity and integrity, it signs DNS records so a resolver can verify a response wasn't forged, defending against cache poisoning and spoofing. DoH (DNS over HTTPS) provides confidentiality, it encrypts the query between client and resolver so an on-path observer can't see or alter your lookups. They're different properties because one proves the data is genuine while the other hides the data from eavesdroppers; you may want both.	12_2-network-security
**Where should secrets live (and not live), and how do you rotate a signing key with zero downtime?**	Secrets should live in a secrets manager (Vault, AWS Secrets Manager, GCP Secret Manager) and be injected at runtime, never hardcoded in source, committed `.env` files, baked into Docker image layers, or echoed in CI logs. Rotating a signing key with zero downtime uses overlap-then-revoke: generate the new key, publish both public keys (a JWKS with two `kid`s) so verifiers accept either, start signing new tokens with the new key while still verifying old ones, then once all old tokens have expired, revoke the old key.	12_2-network-security
**Classify a SYN flood vs an HTTP login-flood by OSI layer, and give the right mitigation for each (tie one to rate limiting).**	A SYN flood is a protocol-layer (L4) attack, half-open TCP connections exhaust the connection table; it's mitigated with SYN cookies and connection limits. An HTTP login-flood is an application-layer (L7) attack, it looks like real traffic hammering an expensive endpoint; the right mitigation is rate limiting per IP/account plus caching and autoscaling, since the flood can't be distinguished from legitimate traffic by packet inspection alone.	12_2-network-security
**Walk the defense-in-depth layers a single NYX Finance login request passes through, and for each say what failing open would expose - what does "blast radius" mean if the web server is compromised?**	A login request passes through CDN/WAF (absorbs floods, blocks obvious bad patterns) → TLS termination (confidentiality/integrity in transit) → rate limiter (throttles credential stuffing) → app authentication/authorization (server-side checks) → the app server in a private subnet reachable only from the load balancer → a least-privilege DB user on an isolated data tier with no internet route → encryption at rest → audit logging. Failing open at any single layer is contained by the others, e.g. if TLS were misconfigured the DB still has no public IP. "Blast radius" means how far a single compromise can reach: if the web server is compromised, least privilege and network segmentation should mean the attacker still can't reach the database directly, containing the damage to that one layer.	12_2-network-security
**SQL injection: show the malicious `username` that bypasses a login built with an f-string query, and explain why parameterized queries defeat it (data vs code).**	With `q = f"SELECT * FROM users WHERE name='{username}' AND pw='{pw}'"`, the username `admin' --` produces `...WHERE name='admin' --' AND pw=...`, and the `--` comments out the rest of the query, logging in as admin with no valid password needed. Parameterized queries defeat this because the query structure is sent to the database separately from the data values, the driver binds the data as literal values and never interprets it as SQL syntax, so the injected `'` and `--` are just characters inside a string, not query-breaking code.	12_3-web-app-security
**What's IDOR, and why is a database-level RLS policy a stronger defense than an app-level ownership check alone?**	IDOR (Insecure Direct Object Reference) is when a user can access another user's object just by changing an ID in the request, because the server fetches by ID without checking ownership. A database-level RLS policy is stronger than an app-level check alone because it's a second, independent wall: even if a developer forgets or bugs out the app-level `WHERE owner_id = ?` check, the database itself physically cannot return another tenant's rows, defense in depth rather than relying on one place to get it right every time.	12_3-web-app-security
**Compare stored, reflected, and DOM XSS. What's the *primary* defense (point-of-use), and what does CSP add on top?**	Stored XSS saves malicious script server-side (like a comment) and serves it to every viewer; reflected XSS bounces script off a URL parameter back into the response; DOM-based XSS happens client-side when JS writes untrusted data unsafely into the DOM (like `innerHTML = location.hash`). The primary defense for all three is context-aware output encoding at the point of use (escaping HTML special characters, keeping template autoescape on), which stops injected markup from being interpreted as executable script. CSP adds a second layer by restricting where scripts can load from and blocking inline script, so even if encoding is missed somewhere, an injected script often still can't execute.	12_3-web-app-security
**Why is a token-auth API using `Authorization: Bearer` inherently more CSRF-resistant than cookie sessions, and what two defenses protect cookie sessions?**	A Bearer-token API is inherently more CSRF-resistant because browsers don't auto-attach `Authorization` headers to cross-site requests the way they auto-attach cookies, so a malicious site can't forge a request carrying the victim's token. Cookie sessions need two explicit defenses: `SameSite=Strict/Lax` cookies (blocking the cookie from being sent on cross-site requests in the common case), and a synchronizer anti-CSRF token that the server requires in a header or field on state-changing requests, which a cross-origin attacker can't read due to the same-origin policy.	12_3-web-app-security
**Explain SSRF: why can the server reach things the attacker can't, and what's the canonical high-value target on a cloud VM?**	SSRF happens when the app fetches a URL the attacker controls, and the server has network access the attacker doesn't, it's inside the perimeter, able to reach internal-only services and cloud infrastructure that aren't exposed to the public internet. The canonical high-value target is the cloud metadata endpoint `169.254.169.254`, which on many cloud VMs serves IAM credentials to anything running locally; hitting it via SSRF can hand an attacker the server's own cloud permissions.	12_3-web-app-security
**`allow_origins=["*"]` with `allow_credentials=True`, why is this dangerous, and what does it effectively undo?**	This combination is dangerous (and disallowed by the CORS spec) because it would let any website read authenticated responses from your API on behalf of a logged-in victim, since credentials (cookies or auth headers) would be sent along with a request from literally any origin. It effectively undoes the browser's Same-Origin Policy, the core protection that a page can't read responses from a different origin; the fix is an explicit allowlist of trusted origins.	12_3-web-app-security
**Why is testing only against a self-owned local target (and using a signed scope for anything else) non-negotiable, and what makes Juice Shop in Docker the right practice target?**	Testing a system you don't own or have explicit written authorization to test can be a crime under laws like the US Computer Fraud and Abuse Act, even if nothing was technically "broken," so the only safe and legal targets are ones you own or have signed scope for. OWASP Juice Shop in Docker is the right practice target because it runs entirely on your own machine, you own it outright, there's no other person's data or system involved, and it's deliberately built with realistic vulnerabilities to practice recognizing and fixing.	12_4-burp-suite
**Why does intercepting HTTPS require installing Burp's CA cert, which trust store does each browser use, and what real-world defense (in your own apps) makes this kind of interception hard for an actual attacker?**	To intercept HTTPS, Burp has to decrypt the TLS in transit, which means acting as a consented, local man-in-the-middle, and browsers only trust certificates signed by a CA in their trust store, so you must install Burp's CA cert to make the browser accept its on-the-fly certificates. Firefox uses its own internal trust store (Settings → Certificates → Authorities), while Chrome, Edge, and Safari use the OS trust store (macOS Keychain, Windows Trusted Root store, Linux's `update-ca-certificates`). In your own apps, the real defense that makes this kind of interception hard for an actual attacker is that they'd need to already control the victim's device or trick them into installing their own CA; HSTS and certificate pinning further resist downgrade and substitution attacks.	12_4-burp-suite
**Client-side form validation looks fine in the browser, but an intercepting proxy bypasses it. What does this prove about where security must be enforced?**	This proves that security must be enforced on the server, never trusted from the client alone. Client-side JavaScript validation is UX, not security, since it's fully under the attacker's control; an intercepting proxy sends the server whatever raw HTTP a malicious client would send, bypassing the browser's checks entirely, so if the server still accepts an invalid or malicious value, the "protection" was never real.	12_4-burp-suite
**Walk the Proxy→Repeater→Decoder→Comparer pipeline on the Juice Shop login/basket flow, and for each tool name the 12.3 defense the observation pointed to.**	Proxy captured the raw `POST /rest/user/login` and showed the token comes back in the response body with no visible rate limit, pointing to A07 (add rate limiting/lockout on auth). Repeater replayed the login with edits, resending it rapidly with no throttle confirmed the missing rate limit, again A07. Decoder Base64-decoded the JWT's middle segment and showed readable claims including `role`, pointing to A02/A07 (verify the signature server-side, never trust a client-changed role claim). Comparer diffed an authorized basket response against a tampered-ID basket response and the difference proved cross-user data access, pointing to A01 broken access control (fix with server-side ownership scoping plus RLS).	12_4-burp-suite
**Walk the Repeater workflow for confirming an IDOR, and state the exact server-side fix (and the defense-in-depth DB control).**	Log in as user A, capture the request that loads A's own basket, send it to Repeater and confirm a baseline 200 with A's data, then change the basket ID in the path to a neighboring value while keeping A's token, and resend. If the server returns a different basket that isn't A's, that's confirmed IDOR. The exact fix is scoping the query server-side to the authenticated owner, `WHERE id = :basket_id AND owner_id = :current_user`, returning 404 otherwise, with Postgres Row-Level Security as the defense-in-depth database control that makes cross-tenant reads physically impossible even if the app-level check has a bug.	12_4-burp-suite
**How would you turn your manual Burp checks into an automated, unattended guarantee, what runs in CI, and what stays interactive, and why?**	You turn manual checks into automated regressions by scripting them: hit your own app directly with `httpx`/pytest to assert 401 on missing auth, 404 on IDOR attempts, presence of security headers like CSP and HSTS, and that CORS doesn't reflect an arbitrary Origin, or write a mitmproxy addon that asserts the same properties over real HTTP traffic. What runs in CI is that pytest/mitmproxy assertion suite, wired to fail the build the moment a security regression appears. What stays interactive is exploratory testing in Burp itself, manually probing new features or unusual inputs, because that's where you discover the checks worth automating in the first place.	12_4-burp-suite
**You decode an auth token and can read a `role: user` claim. Why is that fine *if* one thing is true server-side, and what's the dangerous assumption that turns it into a vulnerability?**	A readable `role: user` claim is fine as long as the server actually verifies the JWT's signature before trusting any claim in it, since JWTs are signed, not encrypted, so being readable doesn't by itself compromise anything. The dangerous assumption that turns it into a vulnerability is the server trusting a client-supplied or client-tampered `role` claim without checking the signature, or accepting an `alg: none` token, which lets an attacker rewrite `role` to `admin`, re-encode it, and get treated as an administrator with no valid signature required.	12_4-burp-suite
**Derive the derivative of `x²` from the limit definition**, explaining why the `0/0` resolves.	`f'(x) = lim_{h→0} ((x+h)² - x²)/h`. Expanding gives `(x² + 2xh + h² - x²)/h = (2xh + h²)/h`, and factoring h from the numerator and canceling (legal because h≠0 while approaching, not equal to it) leaves `2x + h`. Only now, with no h in the denominator, can you safely let h→0, getting `f'(x) = 2x`. The `0/0` resolves because the limit only cares about what the ratio approaches as h sneaks toward 0, not what happens exactly at h=0; algebraic cancellation removes the problematic h from the denominator before you ever plug in 0.	18_1-calculus-for-cs
**State the chain rule and explain why it *is* backpropagation**, rates multiply along the chain; a deep net is a deep composition.	The chain rule is `d/dx f(g(x)) = f'(g(x))·g'(x)`, rates multiply along a chain: if u depends on x and y depends on u, then `dy/dx = (dy/du)·(du/dx)`. A neural network is a deeply nested composition, loss of activation of weights of activation of weights of ... input, so finding how the loss changes with respect to a weight buried many layers deep means applying the chain rule once per layer, multiplying local derivatives together. Backpropagation is exactly this, organized so each local derivative is computed once and reused (dynamic programming on the computation graph), which is also why sigmoid's small derivative (≤0.25) compounding across many layers causes vanishing gradients while ReLU's derivative of 1 on the active path doesn't.	18_1-calculus-for-cs
**Explain why the gradient points in the direction of steepest ascent**, using the dot-product/cosine argument.	To first order, stepping a unit distance v from point x changes f by `Δf ≈ ∇f · v = ‖∇f‖‖v‖cosθ = ‖∇f‖cosθ`, where θ is the angle between the step direction and the gradient. This change is maximized when `cosθ = 1`, i.e. θ=0, meaning v points exactly along ∇f, so among all possible step directions the gradient is the one that increases f the most. Stepping the opposite way (θ=180°, cosθ=-1) decreases f the most, that's gradient descent.	18_1-calculus-for-cs
**Write the gradient-descent update rule** and explain the role of the minus sign and the learning rate, in terms of the foggy hillside.	The update rule is `x_{t+1} = x_t - η·f'(x_t)`, where η is the learning rate. The minus sign matters because f'(x) points uphill (toward increasing f), and since you want to decrease f, you step in the opposite direction, exactly the foggy hillside picture: feel the slope under your feet and step downhill against it. The learning rate η controls the step size: too small and convergence crawls, too large and you overshoot the valley and oscillate or diverge entirely.	18_1-calculus-for-cs
**State the Fundamental Theorem of Calculus** and give the "area-so-far function has the curve as its derivative" intuition for why differentiation and integration are inverses.	The Fundamental Theorem states `∫ₐᵇ f(x)dx = F(b) - F(a)` where `F' = f`: to find accumulated area under a rate, find an antiderivative and subtract its endpoints. The intuition: let F(x) be the accumulated area from a up to x; pushing the right edge x rightward by a tiny amount dx adds a sliver of area with height f(x) and width dx, so `dF ≈ f(x)dx`, meaning `dF/dx = f(x)`. The area-so-far function's derivative is the original function itself, which is exactly why differentiation and integration are inverse operations, accumulating and rate-of-change are two sides of one coin.	18_1-calculus-for-cs
**Explain convex vs. non-convex** and why it's the line between "optimization solved" and "optimization is an art", tying linear regression vs. deep nets.	A function is convex if `f''(x) ≥ 0` everywhere (curves up like a cup); convexity guarantees exactly one minimum, and any local minimum is automatically the global minimum, so gradient descent is guaranteed to find the best answer. Non-convex functions can have many local minima and saddle points, so gradient descent might get stuck somewhere that isn't globally optimal. Linear and logistic regression have convex losses and train reliably to a unique optimum, while deep neural nets have wildly non-convex losses full of local minima and saddles, needing momentum, careful initialization, and learning-rate schedules to navigate, convex vs non-convex is literally the dividing line between "optimization is solved" and "optimization is an art."	18_1-calculus-for-cs
**Implement, from scratch, numerical differentiation (central difference), gradient descent on a 2D function, and the trapezoid rule**, then check each against SymPy's exact answer. Cross-links: complexity of these iterations (01.4), the discrete-sum foundations behind integration-as-summation (01.3), the statistics where integrals become probabilities (16.1), the linear algebra that makes gradients into vectors and the Hessian into a matrix (18.2), and the full backpropagation derivation this chapter sets up (14.2).	Central difference approximates a derivative as `(f(x+h) - f(x-h))/(2h)`, more accurate than the forward difference because its error is O(h²) instead of O(h), and it's the standard way to sanity-check an analytic gradient by comparing it to this numerical estimate. A 2D gradient-descent loop computes the gradient at the current point, steps against it scaled by a learning rate, and repeats until convergence, exactly the loop used to train a linear regression by minimizing MSE. The trapezoid rule approximates a definite integral by summing trapezoids under the curve (`h·(0.5·y₀ + 0.5·y_n + Σ interior y)`), and all three should be checked against SymPy's exact symbolic results (`sp.diff`, `sp.integrate`) to confirm the numerical approximations converge to the same answer.	18_1-calculus-for-cs
**Explain what a matrix *does* to space**, columns are where the basis vectors land; it rotates/scales/shears/projects. Draw the cat-on-graph-paper.	A matrix isn't just a grid of numbers, it's a function that transforms vectors, rotating, scaling, shearing, projecting, or flipping the space they live in. The key fact: a matrix's columns are exactly where the basis vectors (î and ĵ in 2D) land after the transformation, so applying the matrix to any vector `[x,y]` is a weighted sum of the columns, `x·(column 1) + y·(column 2)`. Picture graph paper with a cat drawn on it: the matrix is an operation on the whole sheet; spinning, stretching, or shearing the paper drags the cat's outline, and every vector on the sheet, along with it.	18_2-linear-algebra-and-eigenvalues
**Derive matrix multiplication as composition**, `AB` means "do `B`, then `A`," which is why it's non-commutative and why dimensions must match.	`AB` means "do B first, then A," you're finding a single matrix C such that `Cv = A(Bv)` for all v. Because column j of C is where basis vector j lands after applying B and then A, working that out entry by entry gives the familiar rule `C_ij = Σ_k A_ik B_kj`, row i of A dotted with column j of B. It's non-commutative because "rotate then shear" is a genuinely different transformation from "shear then rotate," order matters; dimensions must match (A is m×n, B is n×p) because B's output has to be a valid input for A.	18_2-linear-algebra-and-eigenvalues
**Explain the dot product two ways** (sum of products *and* `‖a‖‖b‖cos θ`) and why it's a similarity score, connecting to cosine similarity and embeddings.	The dot product is `a·b = Σ aᵢbᵢ` (sum of products) and also `‖a‖‖b‖cosθ` (magnitude times the cosine of the angle between them); the two formulas are equal, which is what makes the dot product a similarity score: same direction gives a large positive value, perpendicular gives zero, opposite gives a large negative value. Cosine similarity is just the dot product normalized by both vectors' lengths, isolating the angle and ignoring magnitude, which is exactly why embeddings (words, documents, images) are compared by cosine similarity, two embeddings pointing the same way mean similar content regardless of vector length.	18_2-linear-algebra-and-eigenvalues
**Explain the determinant as area scaling** and why `det = 0` ⟺ non-invertible (a destroyed dimension can't be recovered).	The determinant answers "by what factor does this transformation scale area (or volume)?" `det=2` doubles all areas, `det=1` preserves area (rotations), `det=0` collapses space onto a lower dimension, squashing area to zero. A destroyed dimension can't be recovered: if det=0, infinitely many different inputs map to the same output, so there's no way to reverse the transformation, which is exactly why `det(A)≠0` is equivalent to A being invertible.	18_2-linear-algebra-and-eigenvalues
**Derive eigenvalues** from `Av = λv` → `(A−λI)v = 0` → `det(A−λI) = 0`, and explain what an eigenvector *means* (an invariant direction the transform only scales).	Rearranging `Av = λv` gives `(A - λI)v = 0`, which says the nonzero vector v gets mapped to zero by `(A - λI)`; a matrix can only crush a nonzero vector to zero if it's singular, so `det(A - λI) = 0`, the characteristic equation. Expanding this determinant gives a polynomial whose roots are the eigenvalues; solving `(A - λI)v = 0` for each root gives the corresponding eigenvector. An eigenvector is an invariant direction, a direction the transformation only stretches or shrinks (by the eigenvalue λ) without rotating off its own line, the axes the transformation is "built around."	18_2-linear-algebra-and-eigenvalues
**Implement power iteration** and explain why it finds the dominant eigenvector, connect to PageRank.	Power iteration repeatedly applies A to a random vector and renormalizes each step: `v ← Av/‖Av‖`. It converges to the dominant eigenvector because writing the starting vector in the eigenvector basis, each application of A scales each component by its own eigenvalue, so after k applications the component along the largest-magnitude eigenvector dominates while every other component's relative contribution shrinks as `(λᵢ/λ₁)^k → 0`. This is literally how Google's original PageRank works: the web is a giant link matrix, and the dominant eigenvector of that matrix is the stationary distribution of a random surfer, i.e. PageRank.	18_2-linear-algebra-and-eigenvalues
**State SVD** (`A = UΣVᵀ` = rotate-scale-rotate) and why truncating it gives optimal compression, connect to image compression and recommenders.	SVD factors any matrix as `A = UΣVᵀ`, meaning every linear transformation is a rotation, then a scaling along axes (the singular values, sorted largest first), then another rotation. Truncating to the top k singular values gives the best possible rank-k approximation of A (the Eckart-Young theorem), because the singular values measure how much "energy" or variance lives along each direction, and the small ones discarded carry little information. This is why image compression works (an image is a matrix; keep the top singular values and most of the visual structure survives) and why recommender systems work (a user×item ratings matrix is approximately low-rank, a few latent "taste" factors explain most ratings).	18_2-linear-algebra-and-eigenvalues
**Derive PCA as the eigendecomposition of the covariance matrix** via the maximum-variance / Lagrange-multiplier argument, and implement it from scratch. Cross-links: the dot products and gradients of 18.1 (the steepest-ascent proof was a dot product; the Hessian is a matrix), the covariance and variance of 16.1 (PCA is built on the covariance matrix), the complexity of these operations, matrix multiply is `O(n³)` naïvely (01.4), the discrete structures underneath (01.3), and the embeddings and PCA used throughout ML (14.1) and as inputs to neural nets (14.2). Together, 18.1 and 18.2 are the mathematical bedrock the entire ML stack stands on, gradients to optimize, vectors and matrices to compute, eigenvalues to find the structure in data. No more black boxes.	PCA finds the unit direction w that maximizes the variance of the projected, centered data, `Var(Xw) = wᵀCw` subject to `‖w‖=1`, where C is the covariance matrix. Setting the gradient of the Lagrangian `wᵀCw - λ(wᵀw - 1)` to zero gives `Cw = λw`, exactly the eigenvector equation, so the direction of maximum variance is the eigenvector of the covariance matrix with the largest eigenvalue, and that eigenvalue equals the variance captured along it. Implementing it from scratch means: center the data, compute the covariance matrix, eigendecompose it (`np.linalg.eigh` since C is symmetric), sort eigenvectors by eigenvalue descending, and project onto the top k eigenvectors, matching scikit-learn's PCA exactly (up to a sign flip).	18_2-linear-algebra-and-eigenvalues
**What is a rational agent, and why is "rational" different from "successful" and from "omniscient"?**	A rational agent, for each possible percept sequence, selects an action expected to maximize its performance measure, given its built-in knowledge and what it has perceived so far. It's different from "successful" because rationality is about making the best decision given available information, not about guaranteeing a good outcome, a rational poker player can play perfectly and still lose a hand. It's different from "omniscient" because you can only be rational about what you could have known; an agent that couldn't have foreseen an outcome wasn't irrational for not avoiding it.	20_1-artificial-intelligence
**Frame "find the cheapest route" as a search problem** (all five components). Which uninformed search is optimal, and under what condition?	The five components are: initial state (starting location), actions (legal moves from a location), a transition model/result function (where an action leads), a goal test (is this the destination), and a step cost (the price of each move, e.g. distance). Uniform-Cost Search (Dijkstra-style, ordering the frontier by accumulated path cost) is optimal for any non-negative step costs, always expanding the cheapest path so far. BFS is only optimal under the special condition that every step cost is equal, since it finds the shallowest goal, which equals cheapest only when depth is proportional to cost.	20_1-artificial-intelligence
**Why is A\* optimal?** State admissibility and consistency, and give the one-line argument for each.	A* is optimal because with an admissible heuristic, any node n still on the optimal path always has `f(n) = g(n)+h(n) ≤ C*` (the optimal cost), while a suboptimal goal G₂ has `f(G₂) = g(G₂) > C*`, so A* always expands the optimal-path node before it could return the suboptimal goal. Admissibility means the heuristic never overestimates the true cost-to-go (`h(n) ≤ h*(n)`), it's optimistic. Consistency is the stronger triangle-inequality property (`h(n) ≤ cost(n,a,n') + h(n')`) that guarantees f never decreases along any path, so a state is never re-expanded once popped.	20_1-artificial-intelligence
**Why does a "more informed" admissible heuristic never hurt**, and where do good heuristics come from?	A more-informed (larger but still admissible) heuristic dominates a weaker one, meaning it expands no more nodes, because a tighter, still-optimistic estimate lets A* prune more aggressively without ever risking overestimating and missing the optimal solution. Good heuristics usually come from relaxing the problem: solving an easier version where some constraint is removed (like letting 8-puzzle tiles pass through each other, giving Manhattan distance) gives a cost that's always an admissible estimate for the real, harder problem.	20_1-artificial-intelligence
**Walk through minimax**, then explain what alpha-beta prunes and why the answer is *unchanged*.	Minimax assumes a perfect opponent: at a MAX node it takes the maximum of children's backed-up values, at a MIN node the minimum, all the way down to terminal states whose true utility is known, then backs those values up through alternating min/max layers so the root picks the move leading to the best guaranteed outcome. Alpha-beta pruning carries two bounds down the recursion, α (the best MAX can already guarantee) and β (the best MIN can already guarantee), and prunes any subtree where `α ≥ β` because that branch can no longer influence the final decision. The answer is unchanged because pruning never discards a branch that could actually change the backed-up value at the root, it's a pure efficiency optimization, not an approximation.	20_1-artificial-intelligence
**Why is tic-tac-toe with optimal play always a draw**, but chess engines use evaluation functions instead of searching to the end?	Tic-tac-toe with optimal play always draws because minimax exhaustively proves that neither player can force a win against a perfect opponent, the game tree is small enough to search completely to terminal states. Chess engines use evaluation functions instead because chess's game tree (~10^40 states) is far too deep to search to terminal states in any reasonable time, so engines cut off the search at a depth limit and estimate who's winning with a hand-crafted or learned evaluation function rather than knowing the true outcome.	20_1-artificial-intelligence
**What is a CSP**, and what do AC-3 and MRV each buy you?	A CSP is variables with domains of allowed values, plus constraints restricting which value combinations are legal, like Sudoku, map coloring, or scheduling. AC-3 (arc consistency propagation) buys you pruning: it deletes values that can't possibly participate in any solution before or during search, often solving easy instances with zero backtracking. MRV (Minimum Remaining Values, assign the most-constrained variable next) buys you failing fast: if a variable is about to run out of legal values, you discover that immediately instead of many levels deeper into a doomed branch.	20_1-artificial-intelligence
**What's entailment vs. inference**, and how does resolution prove something by refutation?	Entailment (`KB ⊨ α`) means α is true in every world where the knowledge base is true; inference is the mechanical process of actually deriving entailed sentences from the KB. Resolution proves entailment by refutation: to show `KB ⊨ α`, you add `¬α` to the KB and repeatedly apply the resolution rule (from `(A∨B)` and `(¬A∨C)` infer `(B∨C)`) until you derive the empty clause, a contradiction, which proves the KB together with the negated query is unsatisfiable, meaning the original query must be entailed.	20_1-artificial-intelligence
**Why did learning beat hand-coding** for perception, and where is hand-coded/symbolic AI still the *right* choice? ---	Learning beat hand-coding for perception because problems like vision and speech defied rule-writing, nobody can articulate the rules for "is this a cat," while statistical/deep learning infers those rules from data instead of demanding humans state them, and it degrades gracefully on noisy or off-distribution input where symbolic systems fail brittle and total. Hand-coded/symbolic AI is still the right choice for crisp, well-defined problems needing guarantees, chess, Sudoku, scheduling, theorem proving, constraint solvers running logistics or chip verification, anywhere correctness and transparency matter more than handling messy perceptual input.	20_1-artificial-intelligence
**Why is a production ML system fundamentally harder to operate than ordinary software?** (Silent failure, data dependence, decay.)	Three things make it harder: production ML systems fail silently, a model that's quietly become less accurate throws nothing, no 500, no page, it just keeps returning confident wrong answers until a business metric tanks. They depend on data, not just code, so "reproducible" now means version-pinning data too, and a bug can live entirely in the data pipeline while the code stays untouched. And they rot: even a perfect model decays as the world drifts away from its training data, so a model isn't a deliverable you ship once, it's a service you keep alive with monitoring and retraining.	20_2-ml-engineering-and-mlops
**What is data leakage?** Name three forms and the discipline that prevents each.	Data leakage is when information that wouldn't be available at prediction time sneaks into training, inflating the offline score in a way that collapses in production. Target leakage is a feature that's a proxy for the label itself (like `account_closed_date` when predicting churn), prevented by auditing each feature for "is this knowable at prediction time?" Train/test contamination is fitting a scaler or encoder on the full dataset before splitting, prevented by always using a `Pipeline` so preprocessing re-fits on train only, inside each CV fold. Temporal leakage is using future information to predict the past, prevented by splitting time-series data by time (`TimeSeriesSplit`), never randomly.	20_2-ml-engineering-and-mlops
**Why is accuracy usually the wrong metric**, and what do you use instead for imbalanced problems? Why PR-AUC over ROC-AUC?	Accuracy is misleading on imbalanced data because a trivial "always predict the majority class" model can score extremely high (99.5% accurate on 0.5% fraud) while being useless. Instead use precision, recall, and F1, and choose the operating threshold from the business cost asymmetry rather than the default 0.5. PR-AUC is preferred over ROC-AUC on rare-positive problems because ROC-AUC can look great while the model is actually useless on the rare class (dominated by the huge number of true negatives), while PR-AUC directly reflects performance on the positives you actually care about.	20_2-ml-engineering-and-mlops
**What is slicing and why is it non-negotiable** for both quality and fairness?	Slicing means evaluating model performance separately on meaningful subgroups (new users, a region, a device type) instead of just one global average metric. It's non-negotiable for quality because a model can be 95% accurate overall but 60% accurate on a subgroup that matters, and a global metric averages that failure away, hiding it until it costs the business. It's non-negotiable for fairness because the same averaging can hide discriminatory behavior against a demographic or protected group, and you can't fix or even see a problem you never measured.	20_2-ml-engineering-and-mlops
**Explain gradient boosting as "gradient descent in function space."** What does each tree fit, and what does XGBoost add?	Gradient boosting builds an additive model stage by stage, and at each stage the new tree is fit to the negative gradient of the loss with respect to the current predictions, the direction that would most reduce the loss; for squared error that negative gradient is exactly the residual, so each tree predicts the current errors and gets added in to nudge predictions toward the truth, one small step downhill on the loss surface, with the learning rate as step size. XGBoost adds a second-order Taylor expansion of the loss (using the Hessian, not just the gradient, for better steps), explicit regularization on tree complexity to resist overfitting, and fast, sparsity-aware split-finding.	20_2-ml-engineering-and-mlops
**Data drift vs. concept drift**, which can you detect *without* labels, and how (PSI)?	Data drift (covariate shift) is when the input distribution `P(X)` changes, the model was trained on a world that no longer exists; concept drift is when the relationship `P(Y|X)` changes, the same inputs now mean a different outcome, more dangerous and usually needing labels (eventually) to detect. Data drift can be detected in real time without labels by comparing the live feature distribution to the training distribution, using the Population Stability Index (PSI); a rule of thumb is PSI under 0.1 is stable, 0.1-0.25 is moderate shift, and above 0.25 is significant drift worth investigating.	20_2-ml-engineering-and-mlops
**Walk shadow → canary → A/B.** What does each one buy you, and why do ML models especially need careful rollout?	Shadow deployment runs the new model on real production traffic in parallel without acting on its output, just logging and comparing, buying zero-risk validation that it behaves sanely and meets latency budgets. Canary routes a small, growing slice of traffic to the new model with automatic rollback if metrics degrade, buying limited blast radius. A/B testing deliberately splits traffic to measure the actual business metric with statistical significance, buying the ground-truth online evaluation that an offline metric can't provide. ML models especially need careful rollout because they fail silently, a model that looks better offline can be worse online in ways the offline metric never showed.	20_2-ml-engineering-and-mlops
**What is CT (continuous training)**, and what *extra* things does an ML CI pipeline test beyond code?	CT (Continuous Training) is the automated pipeline that retrains, re-evaluates, and re-deploys a model on a trigger, the full lifecycle running as a self-sustaining loop rather than a manual notebook run. Beyond testing code, an ML CI pipeline also validates data (schema checks, distribution checks, no unexpected nulls) and runs model tests: does the new model beat a baseline on a frozen eval set, does it pass behavioral invariance tests, and does it hold up on every slice, so a model that improves overall but tanks a protected slice fails the pipeline.	20_2-ml-engineering-and-mlops
**What four things must you version** to make a model reproducible, and why is data the one people miss?	You must version code (a git SHA), data (a version or hash, what tools like DVC handle), environment (pinned dependencies or a Docker image), and config/hyperparameters (tracked per run); pin all four and any model is rebuildable byte-for-byte. Data is the one people miss because `git` naturally tracks code but not the datasets a model was trained on, and "works on my machine" is fatal in ML precisely because the model depends on data you can't see in your code repository, miss that one piece and nobody can reproduce or debug the model months later.	20_2-ml-engineering-and-mlops
**What goes in a model card vs. a runbook**, and why is "how to roll back" the most important runbook section? ---	A model card documents intended use and out-of-scope uses, the training data and its known limitations/biases, evaluation metrics including the sliced breakdown, the chosen threshold and why, and known failure modes, aimed at understanding what the model is and isn't good for. A runbook is operational: how to tell if the model is healthy, what each alert means and the first things to check, how to trigger a retrain, and who owns it. "How to roll back" is the most important runbook section because a model without a documented, fast rollback path isn't production-ready, it's a liability with a confidence score, since it's the one action that bounds the worst-case damage when something goes wrong at 3 a.m.	20_2-ml-engineering-and-mlops
**One sentence:** an LLM is a next-token predictor; doing that well over all of text forces it to learn structure, and generation is just prediction run in a loop.	An LLM is a next-token predictor, trained to assign a probability distribution over what token comes next given everything before it; doing that well across the entire span of human text forces the model to internalize grammar, facts, and reasoning patterns as a side effect of the prediction objective, and generation is just that prediction run repeatedly in a loop, each output token appended and fed back in.	20_3-generative-ai-and-llms
**Tokenization:** text → subword tokens via BPE (merge frequent adjacent pairs); the model never sees characters (hence spelling errors), and cost/context are measured in tokens (~4 chars each).	Text is converted to subword tokens via Byte-Pair Encoding, which starts with every character as its own token and repeatedly merges the most frequent adjacent pair, so common words become single tokens while rare words get split into pieces. Because the model operates on token IDs, not characters, it never truly "sees" individual letters, which is why it can miscount the r's in "strawberry." Cost and context windows are measured in tokens, not words, roughly ~4 characters or ~1.3 tokens per English word, so a prompt looks shorter in words than it actually costs in tokens.	20_3-generative-ai-and-llms
**Embeddings:** tokens → vectors where meaning is direction; similarity = cosine of the angle (ties to 18.2's dot product).	Each token maps to a learned vector in a high-dimensional embedding space, and meaning becomes geometry: tokens used in similar ways end up pointing in similar directions. Similarity between two vectors is measured as the cosine of the angle between them, the dot product normalized by both lengths (ties directly to 18.2's `a·b = ‖a‖‖b‖cosθ`), which isolates direction and ignores magnitude, exactly what semantic search and RAG retrieval rank by.	20_3-generative-ai-and-llms
**Attention:** `softmax(QKᵀ/√dₖ)V`, each token's query matches every key to weight a blend of values; `√dₖ` prevents gradient saturation; causal masking forbids looking ahead; multi-head = several lenses in parallel; positional encoding restores word order.	Attention computes `softmax(QKᵀ/√dₖ)V`: each token's query is dotted against every token's key to get relevance scores, softmax turns those into weights summing to 1, and the output is a weighted blend of all tokens' values, so a token gathers context from wherever it's relevant. Dividing by `√dₖ` prevents the dot products from growing large enough to saturate softmax and kill gradients. Causal masking zeroes out future positions so a token predicting the next word can't peek ahead. Multi-head attention runs several of these in parallel with different learned projections, each head potentially tracking a different kind of relationship, and since attention itself is order-blind, positional encoding is added to restore word order.	20_3-generative-ai-and-llms
**Training:** pretraining (next-token, huge scale) → SFT (instruction demos) → RLHF/DPO (human preferences). Scaling laws make bigger runs predictably better.	Pretraining trains a decoder-only network on next-token prediction over a massive corpus, giving a base model with broad knowledge and fluency but no assistant behavior. Supervised fine-tuning (SFT) then fine-tunes on curated (prompt, ideal response) pairs, turning a text-completer into an instruction-follower. RLHF or DPO aligns the model to human preferences by ranking multiple responses and optimizing toward the ones humans prefer, teaching tone, refusals, and formatting that's cheaper to scale than hand-writing perfect answers for everything. Scaling laws describe loss falling predictably as model size, data, and compute increase together, which is why bigger, well-balanced runs reliably buy better capabilities.	20_3-generative-ai-and-llms
**Decoding:** greedy vs sampling; temperature (randomness), top-k/top-p (candidate set). Low temp for JSON/facts.	Greedy decoding always picks the highest-probability token, deterministic but repetitive; sampling draws randomly from the distribution, more diverse but riskier. Temperature rescales logits before softmax: low temperature sharpens the distribution toward argmax (deterministic, focused), high temperature flattens it (more random, more creative and error-prone). Top-k keeps only the k most probable tokens before sampling; top-p (nucleus) keeps the smallest set of tokens whose cumulative probability reaches p, adapting the candidate pool to the model's confidence. For anything that must be correct or parseable, like JSON output, use low temperature since randomness adds noise, not knowledge.	20_3-generative-ai-and-llms
**Hallucinations:** the objective rewards plausibility, knowledge is frozen/lossy, and the model doesn't know what it doesn't know, mitigate with RAG, low temp, validation, and "say I don't know."	Hallucinations happen because the training objective rewards plausible-sounding text, not verified truth, so a fabricated-but-plausible citation is exactly the kind of thing that "should" come next to the model. Training data has a cutoff and is lossily compressed into weights, and the model doesn't reliably know the boundary of its own knowledge, so it fills gaps with a confident best guess rather than admitting uncertainty. Mitigations: RAG (grounding in real source text is the biggest lever), lower temperature for factual tasks, instructing the model to cite sources or say "I don't know," and structured output with schema validation so malformed or implausible answers get caught before they're trusted.	20_3-generative-ai-and-llms
**Prompting:** system prompt, few-shot (in-context learning), chain-of-thought, structured JSON + validate + retry (your NYX pattern).	The system prompt is a persistent instruction framing the model's role, constraints, and output format for the whole conversation. Few-shot prompting includes input→output examples so the model pattern-matches the demonstrated format through in-context learning, no weight updates needed. Chain-of-thought asks the model to reason step by step before answering, which measurably improves accuracy on multi-step problems because each reasoning token becomes context for the next. The structured JSON pattern specifies an exact schema, gives one or two valid examples, uses the provider's JSON mode if available, and validates the result against a schema like Pydantic, retrying with the error fed back if it fails.	20_3-generative-ai-and-llms
**RAG:** chunk → embed → vector index → cosine retrieve top-k → stuff context → grounded generate. Grounding is the biggest hallucination lever.	RAG (Retrieval-Augmented Generation) grounds an LLM in external data it wasn't trained on: split documents into overlapping chunks, embed each chunk into a vector, store them in a vector index for fast nearest-neighbor search, then at query time embed the question and retrieve the top-k most similar chunks by cosine similarity, stuff those chunks into the prompt, and instruct the model to answer only from that context. Grounding is the biggest hallucination lever because it gives the model actual source text to answer from instead of relying on its frozen, lossy internal knowledge.	20_3-generative-ai-and-llms
**When to use what:** prompt first; RAG for knowledge; fine-tune for behavior at scale, and they compose. ---	Start with prompting, it's cheapest and fastest to iterate, and most problems are actually prompt problems. Reach for RAG when the issue is knowledge, the model lacks facts or hallucinates, since RAG injects truth while fine-tuning generally doesn't reliably teach new facts. Reach for fine-tuning when the issue is behavior at scale, a very specific output style or format needed consistently, or thousands of examples that prompting can't fit. These aren't rivals, they compose: a fine-tuned model with RAG and a good system prompt is common in production.	20_3-generative-ai-and-llms
**Agent = LLM + tools + loop.** Perceive → reason → act → observe → repeat, with autonomy over *when* to act, *which* tool, and *when done*. Add autonomy only where the task needs it; a fixed workflow is often better.	An agent is an LLM placed in a control loop where it can choose actions (tool calls) based on observations while pursuing a goal, cycling through perceive (read the goal and situation), reason (decide what's needed next), act (call a tool), observe (read the result), and repeat until done. The autonomy is specifically over when to act, which tool to use, and when the task is complete, that's what distinguishes an agent from a single LLM call. Autonomy should only be added where the task genuinely needs open-ended decision-making; a fixed workflow with the LLM filling in narrow pieces is often more reliable, cheaper, and easier to debug.	20_4-agentic-ai
**ReAct:** interleave Thought (reasoning) and Action (tool call), read the Observation, loop, bounded by max-steps. Externalize what the model is bad at (math, fresh facts, side effects) to tools.	ReAct interleaves a Thought (chain-of-thought reasoning about what's needed next) with an Action (a tool call), reads the resulting Observation, and loops back to reasoning armed with that new information, continuing until the model produces a Final Answer, bounded by a max-steps guard so a confused agent can't loop forever. The key move is externalizing what the model is bad at, exact arithmetic, fresh facts, real-world side effects, to tools, while keeping the part it's good at, deciding what to do next, inside the model itself.	20_4-agentic-ai
**Function calling:** describe tools as JSON Schema → model picks a tool & args → **validate** → execute → feed result back. The schema/description is the contract; treat model output as untrusted.	You describe each tool to the model as JSON Schema (name, description, typed parameters); the model, fine-tuned to recognize when a tool is appropriate, emits a structured tool-call choosing a tool and filling in arguments based on matching the tool's description to the need. The runtime then validates those arguments against the schema before ever executing, since model output is untrusted input, executes the tool in your own code, and feeds the result back to the model as an observation so it can continue. The schema and description are the contract that determines whether the model picks the right tool with valid arguments; write them carefully.	20_4-agentic-ai
**MCP:** Anthropic's 2024 standard (de-facto by 2026) that turns the M×N tool-integration mess into M+N, one JSON-Schema protocol for tools/resources/prompts across vendors. Write tools once, use everywhere.	MCP (Model Context Protocol), introduced by Anthropic in 2024 and the de-facto standard by 2026, is a single JSON-Schema-based protocol for connecting models to tools, data resources, and reusable prompt templates. Before MCP every tool integration was bespoke glue code per model and per app, an M×N problem; MCP turns that into M+N because you write a tool once as an MCP server and any MCP-capable client or model can call it, no rewrites needed across frameworks or vendors.	20_4-agentic-ai
**Memory:** short-term (context) + long-term (vector store / RAG over history) + summarization to stay within the window.	Short-term memory is the current transcript kept in the context window, fast but bounded and ephemeral. Long-term memory persists facts outside the context in a database or vector store and retrieves them when relevant, essentially RAG applied to the agent's own history, letting it "remember" things like a user's stated preferences across sessions. Summarization compacts older turns into a condensed note once the transcript grows too long, keeping the agent within its context budget while preserving the gist, though you have to watch for detail loss and keep critical facts verbatim.	20_4-agentic-ai
**Planning:** decomposition, task graphs (DAGs, parallelism, dependencies, LangGraph), reflection/self-critique. More power, more cost, match to the task. RAG becomes a tool the agent calls when it decides it needs to.	Decomposition breaks a big goal into sub-tasks up front rather than deciding one step at a time. Task graphs represent those sub-tasks as a DAG so independent branches can run in parallel and dependencies are explicit, exactly what LangGraph models as state transitions. Reflection has the agent critique and revise its own output ("does this answer the question? is it grounded?"), which measurably improves quality on hard tasks at the cost of more tokens and latency. More planning and reflection means better results but more cost, so match the machinery to the task's actual difficulty. RAG becomes just one tool the agent can call when it decides it needs to look something up, rather than something always statically stuffed into context.	20_4-agentic-ai
**Multi-agent:** roles + orchestration (supervisor / conversational / pipeline). Helps for separable, parallel, specialized work; hurts on simple or tightly-coupled tasks (cost × N, compounding errors). Start single-agent.	Multi-agent systems assign distinct roles (researcher, analyst, writer, critic) coordinated by an orchestration pattern, supervisor/worker delegation, conversational back-and-forth, or a fixed pipeline hand-off. They help when sub-tasks are genuinely separable, parallelizable, or benefit from role-specific prompts and tools, and when a critic agent catches errors a single agent would miss. They hurt on simple tasks (pure orchestration overhead) or tightly-coupled steps (agents pass garbled context and compound each other's errors), and cost multiplies by N agents while errors can compound rather than cancel. The default should be starting single-agent and only splitting into roles when you can name the specific benefit.	20_4-agentic-ai
**2026 frameworks:** LangGraph (explicit state, high control) → CrewAI (pre-assembled orchestration, fast) on the control spectrum; Claude Agent SDK (production, Anthropic-native), AutoGen (conversational), LlamaIndex (RAG-first), Pydantic AI (type-safe + FastAPI). All speak MCP.	LangGraph sits at the high-control end, you explicitly define nodes and edges as a state graph, verbose but fully inspectable and debuggable, while CrewAI sits at the fast-prototyping end, pre-assembling role-based orchestration so you declare who and what and the framework handles the loop. The Claude Agent SDK is Anthropic-native and production-focused with the agent loop and MCP handled for you; AutoGen is built for conversational multi-agent patterns; LlamaIndex is RAG-first, best when the agent's core job is querying your data; Pydantic AI gives type-safe, FastAPI-style ergonomics. All of them speak MCP, so the tool layer you build is portable across whichever framework you choose.	20_4-agentic-ai
**Production:** evaluation (trajectory + success rate on golden tasks), guardrails (input/action/output), cost & runaway control (max steps, budgets, loop detection, timeouts), observability/tracing (13.1), security (prompt injection, sandboxing, least privilege, 12-Security), human-in-the-loop for consequential actions. ---	Evaluating an agent means measuring task success rate on a golden set, trajectory quality (did it use the right tools efficiently or wander), and cost/latency per task, since an agent is a whole trajectory, not one output. Guardrails constrain input (reject malicious/off-topic requests), action (allow-list tools, require approval for dangerous ones, cap argument ranges), and output (validate schema, filter unsafe content). Cost and runaway control means hard limits: max steps, token/dollar budgets, loop detection, and timeouts. Observability/tracing means recording every thought, tool call, and observation so a failed run can be replayed and debugged. Security means treating prompt injection as the top threat, sandboxing any code execution, and applying least privilege so an agent only has the minimum tools and permissions its job needs. Human-in-the-loop puts a person in the approval path for consequential or irreversible actions, like anything that moves money or sends external communication, as the pragmatic safety net while autonomy matures.	20_4-agentic-ai
Derive why `a[i]` is O(1). Write the address formula, name every term (`base`, `i`, `stride`), and explain why the cost doesn't depend on `i` or on `n`. What property of the array makes this formula possible in the first place?	The formula is `address(a[i]) = base_address + i * stride`, where `base_address` is where element 0 starts, `i` is the index, and `stride` is the number of bytes one element occupies. To read `a[i]` the CPU does one multiplication and one addition, then one memory fetch, a fixed handful of operations regardless of how large `i` or `n` is, so it qualifies as O(1) by definition (a cost that doesn't grow with input size). This is only possible because the array is **contiguous**: every element is the same size and laid end to end, so any element's address is a closed-form arithmetic expression rather than something you have to search for.	02_1-arrays
A dynamic array is "a lie maintained on top of a fixed buffer." Explain the lie. What two numbers must the structure track, and what happens, step by step, when `append` is called and `size == capacity`?	The lie is that a dynamic array looks infinitely growable, but underneath it is still a fixed-size contiguous block of memory; growth is faked by secretly swapping in a bigger buffer when needed. The structure tracks **capacity** (how big the underlying buffer actually is) and **size** (how many slots are currently filled). When `append` is called and `size == capacity`, `_resize` fires: a new, bigger buffer is allocated (`2 * capacity`, geometric growth), every existing element is copied into it, the old buffer is discarded, then the new value is written at `buffer[size]` and `size` is incremented.	02_1-arrays
Prove that `append` is amortized O(1) using the aggregate method: show that the total copying cost over `n` appends with doubling sums to a geometric series, evaluate it to `≈ 2n`, and conclude the per-append cost. Then redo the proof with the accounting method (how many credits per append, and why does the bank never go negative?).	Aggregate method: every append does one cheap write (n writes total), plus resizes happen at sizes 1, 2, 4, 8, ..., so the copying totals `1 + 2 + 4 + ... + n ≈ 2n - 1 < 2n` (in a doubling series the last term beats everything before it combined). Total work is `≤ n + 2n = 3n`, so average cost per append is `3n / n = 3 = O(1)`. Accounting method: charge each `append` 3 credits, 1 to pay for the write and 2 banked with the element; right after a resize from `k` to `2k` the buffer is half full, so the next `k` appends deposit `2k` credits, exactly enough to pay for copying the `2k` elements at the next resize, meaning the bank never runs dry and the flat charge of 3 is always sufficient.	02_1-arrays
Suppose you changed the growth strategy from "double the capacity" to "add 10 slots each time it fills." What does the amortized cost of `append` become, and why? Show the sum. (This is the question that proves you understand why doubling matters, not just that it's used.)	The amortized cost degrades to O(n), and the total cost over `n` appends becomes O(n²). With additive growth by 10, resizes happen roughly every 10 appends, copying sizes `10 + 20 + 30 + ... + n`, which is an arithmetic series summing to about `n²/20`. Because each resize copies a growing amount and resizes don't get rarer relative to the copy size the way doubling's gaps do, the total is quadratic in `n`, so per-append cost is O(n) rather than O(1); the chapter's own example (growing by 1 slot each time) makes this explicit as `1 + 2 + ... + n = n(n+1)/2 = O(n²)`.	02_1-arrays
Why are `insert(0, x)` and `delete(0)` both O(n) while `append` and `pop()` from the end are O(1)? Tie your answer directly to the contiguity invariant: what does contiguity force us to do when we open or close a gap in the middle?	Contiguity means there are no gaps in the buffer, so opening a hole at index 0 for `insert` forces every element from `i` onward to physically slide one slot right, and closing a hole after `delete` forces every element after `i` to slide one slot left; at the front that's `n` (or `n-1`) shifts, hence O(n). `append` and `pop()` operate at the end where nobody is in the way, so no shifting is needed, just one write (or a decrement of `size`), which is O(1). The array is fast to read anywhere but fast to modify only at the end, exactly because contiguity has no slack for insertions except at the boundary.	02_1-arrays
Python's `list` is a dynamic array. Using only what's in this chapter, predict the Big-O of: `lst[500]`, `lst.append(x)`, `lst.insert(0, x)`, `lst.pop()`, `lst.pop(0)`, and `x in lst`. For each, name the one-line reason. If you wanted fast inserts at the front, what should you reach for instead, and why?	`lst[500]` is O(1): direct offset arithmetic, `base + i*stride`. `lst.append(x)` is O(1) amortized: geometric doubling makes resize copies sum to `< 2n` over `n` appends. `lst.insert(0, x)` is O(n): every element must shift right to open the gap at the front. `lst.pop()` is O(1): shrinking from the end just decrements `size`, no shifting. `lst.pop(0)` is O(n): every remaining element shifts left to close the gap. `x in lst` is O(n): unsorted, so it must scan linearly with no structure to exploit. For fast front inserts, reach for `collections.deque`, which is O(1) at both ends, unlike a contiguous array whose only cheap end is the back.	02_1-arrays
**The mental model.** Sketch `3 → 7 → 9 → None` as nodes-with-pointers and explain, referencing the C++ `struct Node { int data; Node* next; };`, why `cur = cur->next` walks the list and why the nodes need not be adjacent in memory.	Each node is `struct Node { int data; Node* next; }`, so the chain is three boxes: `{3, ●}→{7, ●}→{9, nullptr}`, where head points at the `3` node and each `●` is the address stored in `next`. `cur = cur->next` means "replace your hand-position with the address the current node is pointing at," so repeating it walks 3, then 7, then 9, stopping when `next` is `nullptr`. Because `next` stores an address rather than requiring physical placement, node `7` could live at `0x1000` and node `9` at `0x40`; the only thing linking them is that `7`'s `next` field literally holds `9`'s address, so the nodes never need to be adjacent in memory.	02_2-linked-lists
**Derive the trade-off.** From first principles (not the table), prove why front-insertion is O(1) for a linked list but O(n) for an array, and why index access is the reverse. Then explain why, despite this, iterating an array is usually faster in practice - use the words "cache line" and "pointer chase."	Front-insertion on a linked list is three pointer writes, new node's `next` set to the old head, then `head` reassigned, none of which depends on `n`, so it's O(1); on an array, contiguity means inserting at index 0 forces every one of the `n` existing elements to shift right, so it's O(n). Index access flips: an array computes `base + i*stride` directly, O(1), while a linked list has no arithmetic shortcut and must follow `next` from `head` exactly `i` times, O(n). Despite the list's O(1) front insert, arrays usually win in practice because the CPU pulls a whole **cache line** (about 64 bytes) at a time and an array's contiguous layout lets the prefetcher stream through those lines with near-zero misses, whereas walking a list is a **pointer chase** where each node is scattered on the heap and the next address isn't known until the current node is read, so nearly every hop risks a costly cache miss.	02_2-linked-lists
**Reverse it.** Walk through reversing `1→2→3` with the three pointers `prev/cur/nxt`. Why must you stash `nxt = cur.next` before doing `cur.next = prev`? State the loop invariant and why it proves correctness.	Starting `prev=None, cur=1`: save `nxt=cur.next` (2), flip `cur.next=prev` (1→None), advance `prev=1, cur=2`. Repeat: save `nxt=3`, flip `2.next=1`, advance `prev=2, cur=3`. Repeat: save `nxt=None`, flip `3.next=2`, advance `prev=3, cur=None`, loop ends with `head=prev=3`, giving `3→2→1→None`. You must stash `nxt` first because doing `cur.next = prev` before saving it destroys your only link to the rest of the list, orphaning everything after `cur`. The loop invariant: at the top of each iteration, `prev` heads a correctly-reversed prefix of consumed nodes and `cur` heads the untouched suffix; each iteration extends the reversed prefix by one node while shrinking the suffix by one, so when `cur` becomes `None` the suffix is empty and `prev` heads the fully reversed list, which proves correctness by induction.	02_2-linked-lists
**Prove Floyd's.** Two pointers, +1 and +2, both inside a cycle of length `λ`. Show with the gap `d = (t - h) mod λ` that the gap shrinks by exactly 1 each step, and conclude that collision happens within `λ` steps. Why does the "speed difference of exactly 1" matter?	Define the gap `d = (t - h) mod λ`, where `t` is the tortoise's position and `h` is the hare's position mod `λ`. After one step, `new gap = ((t+1) - (h+2)) mod λ = (t - h - 1) mod λ = (d - 1) mod λ`, so the gap shrinks by exactly 1 every step. Starting from some `d₀` with `0 ≤ d₀ < λ`, after exactly `d₀` steps the gap hits 0, meaning `t ≡ h (mod λ)` and they occupy the same node, so collision is guaranteed within at most `λ` steps once both pointers are in the cycle. The speed difference of exactly 1 matters because it means the hare gains one position per step relative to the tortoise and can't leap over it; it must land on it, whereas a larger speed difference (like 3x) could let the hare skip past and would need a gcd-based argument instead.	02_2-linked-lists
**Middle in one pass.** Explain the rate argument: when fast has gone `n`, why is slow at `n/2`? What one-character change flips the even-length result from the second middle to the first?	Fast moves 2 nodes per step while slow moves 1, so fast always covers exactly twice the ground slow does; when fast has traveled `n` nodes and reached the end, slow has traveled `n/2`, landing on the middle. This is purely a rate argument: fast is twice as fast, so it finishes the walk in half the steps slow needs to cover the same total distance. To flip the even-length result from the second middle to the first, start `fast = head.next` instead of `fast = head`, a one-token change noted explicitly in the chapter.	02_2-linked-lists
**The LRU payoff.** Why does an LRU cache need a doubly linked list specifically (not singly, not an array)? Name the two operations that must be O(1) and map each to its primitive (`remove_node`, `prepend`/`add_front`, dict lookup). What role do the sentinel head/tail nodes play?	An LRU cache needs a doubly linked list because "touching" an item requires unlinking an arbitrary node in O(1), which needs a `prev` pointer to splice cleanly; a singly linked list has no back-pointer so it would need an O(n) walk to find the predecessor, and an array's move-to-front would be an O(n) shift. The two operations that must be O(1) are finding an item, handled by the **dict lookup** (`key → node`), and moving/evicting it, handled by `remove_node` (O(1) unlink using the node's own `prev`/`next`) paired with `prepend`/`add_front` (O(1) reinsertion at the MRU end). The sentinel head/tail nodes are fake boundary nodes that always exist, so every real node always has real neighbors, meaning `prev`/`next` are never `None` and the code never has to special-case "is this the head/tail?", cutting down on branches and bugs.	02_2-linked-lists
**ADT vs. implementation:** Explain why `ArrayStack` and `LinkedStack` can pass the exact same test suite despite storing data completely differently. What does the ADT promise, and what does the implementation decide?	They pass identical tests because the **ADT** (Stack) is just a contract, `push`, `pop`, `peek`, `is_empty`, plus the LIFO law, that says what operations exist and what they promise, nothing about how. `ArrayStack` implements the top as the *end* of a dynamic array (cheap end for a contiguous buffer), while `LinkedStack` implements the top as the *head* of a singly linked list (cheap end for a chain), but both honor the exact same contract. The implementation is free to decide memory layout and constant factors, cache locality versus per-node pointer overhead, but as long as it satisfies the contract, it's a correct Stack.	02_3-stacks-and-queues
**The naive-queue trap:** Why is `list.pop(0)` O(n) while `list.pop()` is O(1)? Walk through what happens in contiguous memory for each. Then explain the two distinct fixes (ring buffer vs. linked list) and what each trades off.	`list.pop(0)` is O(n) because a list is contiguous: removing index 0 leaves a hole at the front, and to keep the array contiguous every remaining element must shift one slot left, `n - 1` moves. `list.pop()` is O(1) because removing from the end just decrements `length`, no shifting required. The two fixes: a **ring/circular buffer** keeps a fixed-capacity array plus `head`/`tail` indices that wrap with modulo, giving O(1) at both ends but adding the full-vs-empty ambiguity and resize bookkeeping; a **linked list with head and tail pointers** dequeues from the head and enqueues at the tail, both O(1) worst case with no resizing, but pays per-node pointer overhead and worse cache locality since nodes are scattered.	02_3-stacks-and-queues
**Ring-buffer index math:** In a circular buffer of capacity `cap`, why does `(i + 1) % cap` correctly advance an index *and* handle wraparound in one expression? And why is `head == tail` ambiguous, what two states does it represent, and what are two ways to disambiguate?	`(i + 1) % cap` works for both cases: if `i = cap - 1` (the last slot), `i + 1 = cap` and `cap % cap = 0`, wrapping to the front; for any `i < cap - 1`, `i + 1 < cap` so the modulo leaves it unchanged and the index just advances normally, one formula for the normal step and the wrap. `head == tail` is ambiguous because it's true both when the queue is empty (nothing stored) and when it's completely full (`tail` has wrapped all the way back around to `head`), two different states with the same index configuration that can't be told apart from `head`/`tail` alone. The two fixes are keeping an explicit `size` counter, or wasting one slot so that "full" is defined as `(tail + 1) % cap == head`.	02_3-stacks-and-queues
**Linked-queue invariants:** State the invariant linking `head` and `tail` in `LinkedQueue`. Identify the two edge cases that could break it and the specific lines of code that protect it.	The invariant is `head is None <=> tail is None <=> size == 0`. The two edge cases are enqueueing into an empty queue, where both `head` and `tail` must be set to the new node (`if self._tail is None: self._head = node; self._tail = node`), and dequeueing the last element, where `head` becomes `None` but `tail` must also be reset (`if self._head is None: self._tail = None`) so a stale `tail` doesn't link a future enqueue onto a node that's no longer in the queue.	02_3-stacks-and-queues
**Stack vs. queue in the wild:** Why does DFS naturally use a stack (or recursion) while BFS uses a queue? Tie your answer to the LIFO/FIFO ordering and to why BFS finds shortest paths in an unweighted graph.	DFS uses a stack (or the call stack via recursion) because when it hits a dead end it needs to back up to its most recent decision point, which is exactly LIFO: the most recently opened branch is explored first. BFS uses a queue because it explores level by level, dequeueing a node and enqueueing its unvisited neighbors, which is FIFO: nodes are visited in the order they were discovered. That FIFO discipline guarantees nodes are visited in non-decreasing distance from the start, so by the time BFS reaches any node it has already visited everything closer, which is exactly why BFS finds shortest paths in an unweighted graph.	02_3-stacks-and-queues
**Evaluator operand order:** In `eval_rpn`, why must the first value popped be the right operand and the second the left? Give a concrete expression where swapping them produces the wrong answer, and explain it via how operands sit on the stack.	RPN preserves left-to-right operand order, so the left operand gets pushed onto the value stack first and ends up sitting underneath the right operand, which is pushed later; popping the stack therefore surfaces the right operand first and the left operand second. For `"10 6 -"`, the correct evaluation pops `right = 6`, then `left = 10`, giving `10 - 6 = 4`; swapping the order would compute `6 - 10 = -4`, which is wrong, exactly the trap the chapter's `eval_postfix` test comment ("order matters!") calls out. Because `-` and `/` are non-commutative, getting this backwards silently produces a different, incorrect result rather than an obvious error.	02_3-stacks-and-queues
**The monotonic pattern:** What family of problems should make you reach for a monotonic stack or deque? Explain why maintaining the stack/deque in sorted order makes "next greater element" and "sliding window maximum" run in O(n) instead of O(n²); specifically, what is the bound on how many times each element is touched?	The family is "for each element, find the nearest larger or smaller element" (next greater element) or "the max/min over a sliding window" (sliding window maximum). Keeping the stack or deque in monotonic (sorted) order means each element is pushed once and popped at most once over the entire scan, a bound of a constant number of touches per element, so the total work across all `n` elements is O(n) instead of the O(n²) you'd get from comparing every element against every other. In the next-greater-element case, an element gets popped exactly when a later, bigger element resolves it; in the sliding-window-maximum case, each index enters and leaves the deque exactly once as expired or dominated indices get dropped.	02_3-stacks-and-queues
**Two-stack designs:** Sketch how undo/redo and browser back/forward both fall out of *two stacks plus a current item*. What single action must clear one of the stacks, and why?	Both are a back/undo stack, a forward/redo stack, and a `current` item. Visiting a new page (or doing a new action) pushes `current` onto the back/undo stack and makes the new item `current`; going back pushes `current` onto the forward/redo stack and pops the back/undo stack into `current`; going forward/redo does the mirror image. The single action that must clear the forward/redo stack is visiting a new page or performing a new action, because branching off to something new makes the old forward history unreachable: once you take a new path, the old "forward" pages are gone, which is why the Forward button greys out after you click a fresh link.	02_3-stacks-and-queues
**Why are collisions inevitable, and why do they appear so much earlier than the table-size would suggest?** (Pigeonhole says the key universe exceeds `m` buckets so some must collide; the birthday paradox says collisions in pairs grow quadratically, so the first collision is expected after only ~`√m` insertions, not `m/2`.)	Collisions are guaranteed by the **pigeonhole principle**: the universe of possible keys vastly exceeds the `m` buckets, so once more than `m` keys are inserted, some bucket must hold at least two. They show up far sooner than intuition suggests because of the **birthday paradox**: with `n` insertions there are `n(n-1)/2` pairs to compare, and that pair count grows quadratically, not linearly. The expected number of insertions before the first collision is about `1.25·√m`, so a table with `m = 1,000,000` buckets gets its first collision after roughly 1,250 insertions, not 500,000.	02_4-hash-tables
**Walk through exactly why deleting a key in an open-addressing table needs a tombstone instead of just emptying the slot. Construct the bug.** (If `A,B,C` all probe-chain through consecutive slots and you empty `B`'s slot, a later search for `C` hits the empty slot, assumes the chain ended, and wrongly reports `C` absent. A tombstone says "keep probing" to searches while signaling "reusable" to inserts.)	Deleting by simply marking a slot `EMPTY` breaks the probe chain that later searches depend on. Say `A`, `B`, `C` all hash to the same home bucket and linear probing lands them in consecutive slots, `A`@5, `B`@6, `C`@7. If you delete `B` and set slot 6 to `EMPTY`, a later `get(C)` hashes to 5 (no match), probes to 6, finds it `EMPTY`, and stops, wrongly concluding `C` isn't in the table, even though it's sitting at slot 7. The fix is a **tombstone** (`DELETED`): search treats it as keep probing, this slot was used, while insert treats it as free, reusable.	02_4-hash-tables
**Derive the expected chain length for separate chaining, and state the analogous result for open addressing.** (Under SUHA each of `n` keys lands in a given bucket with prob `1/m`; by linearity of expectation `E[chain] = n/m = α`, so search is O(1+α). For open addressing, expected probes for an unsuccessful search ≈ `1/(1−α)`.)	Under the **Simple Uniform Hashing Assumption**, each of the `n` keys lands in a given bucket independently with probability `1/m`. By **linearity of expectation**, the expected chain length in any bucket is `E[chain] = n·(1/m) = n/m = α`, so an expected search does one unit of work to hash and index plus `α` to scan the chain, giving O(1+α). For open addressing, the analogous result is that the expected number of probes for an unsuccessful search is about `1/(1−α)`, since each probe has roughly an `α` chance of hitting an occupied slot, forming a geometric-like process.	02_4-hash-tables
**Why do we resize by *doubling*, and why doesn't the O(n) cost of a resize break our O(1) claim?** (Doubling makes resizes geometrically rarer; total resize work over `n` inserts is `1+2+4+…+n < 2n = O(n)`, so the per-insert *amortized* cost is O(1). Adding a constant amount instead would give O(n) amortized.)	Doubling is chosen because it makes resizes geometrically rarer over time. If a table doubles at sizes 1, 2, 4, 8, up to `n`, the total work across every resize is `1+2+4+…+n = 2n−1 = O(n)`, a geometric series that stays under `2n` even though any single resize touches all `n` entries. Spread that O(n) total cost across the `n` inserts that triggered it and the amortized cost per insert is O(1). Adding a fixed constant amount of capacity each time instead would force O(n) resizes, each O(n), giving O(n) amortized cost per insert, not O(1).	02_4-hash-tables
**Name three situations that turn a hash table's O(1) into O(n), and how each is mitigated.** (Adversarial/colliding keys → randomized per-run hash seed; a bad/non-uniform hash function → use a good avalanching hash; unbounded load factor → resize to keep α bounded. All three break the uniform-hashing precondition the O(1) proof relies on.)	Adversarial or colliding keys (hash flooding) push all inserts into one bucket or one probe run; mitigated with a randomized per-run hash seed (`PYTHONHASHSEED`) so an attacker can't predict collision sets. A bad, non-uniform hash function, like a naive one that sums character codes and collides every anagram, jams keys into a few buckets regardless of load; mitigated by using a good avalanching hash such as a polynomial rolling hash. An unbounded load factor, from never resizing, lets `α` grow without limit so chains and probe runs become O(n); mitigated by resizing to keep `α` bounded. All three break the **SUHA** precondition the O(1) proof depends on.	02_4-hash-tables
**What probing strategy does CPython's `dict` use, and how does it avoid both primary and secondary clustering?** (Open addressing with a *perturbation* sequence roughly `j = (5j + 1 + perturb) % m`, where `perturb` is seeded from the full hash and shifted right each step, so early probes use low hash bits for cache-locality and later probes mix in high bits, making even low-bit-colliding keys diverge, avoiding the long runs of linear probing and the identical-sequence trap of quadratic probing.)	CPython's `dict` uses open addressing with a **perturbation** probe sequence, roughly `j = (5*j + 1 + perturb) % m`, where `perturb` starts as the key's full hash and is shifted right each step. Early probes depend mostly on the low bits of the hash, which is fast and cache-local, while later probes mix in progressively higher bits, so even keys that collide in their low bits eventually diverge. This avoids the long contiguous runs of linear probing (**primary clustering**) and the identical-sequence problem of quadratic probing, where same-home keys repeat the same steps forever (**secondary clustering**), without needing a second full hash function like double hashing does.	02_4-hash-tables
**A function is O(n²) because of a nested loop where the inner loop searches a list. What's the reflex to make it O(n), and name three problems it solves?** (Replace the search with an O(1) hash-map lookup, "remember what you've seen." It solves two-sum via complements, subarray-sum-equals-k via stored prefix sums, and longest-substring-without-repeats via last-seen positions.)	The reflex is to replace the inner-loop search with an O(1) hash-map lookup: remember what you've seen as you scan once, instead of rescanning for each element. It solves **two-sum** by storing `value -> index` and checking whether each element's complement (`target - x`) was already seen. It solves **subarray-sum-equals-k** by storing counts of running **prefix sums** and checking for `running - k` at each step. It solves **longest-substring-without-repeating-characters** by storing the last-seen index of each character and jumping the window's left edge past a duplicate when one is found.	02_4-hash-tables
**Depth vs. height vs. degree.** Define each precisely. For a binary tree, what's the relationship between the number of nodes `n` and the minimum possible height? What's the *maximum* possible height, and what shape causes it?	**Depth** of a node is the number of edges from the root down to that node; **height** of a node is the number of edges on the longest path down to a leaf, and the height of the tree is the height of the root. **Degree** of a node is its number of children. For `n` nodes, the minimum possible height is about `⌈log₂(n+1)⌉ − 1`, achieved by a full, balanced tree where a tree of height `h` holds at most `2^(h+1) − 1` nodes. The maximum possible height is `n − 1`, caused by a degenerate tree shaped like a single chain, a linked list wearing a tree costume.	02_5-trees
**The four DFS/BFS traversals.** Give the visit order (NLR/LNR/LRN and level-order) and one real use case for each. Then explain why iterative postorder can be done as "a modified preorder, reversed": what does NRL→reverse give you, and why doesn't plain NLR→reverse work?	**Preorder** (NLR) visits node, then left, then right, and is used for copying a tree since the root comes first for top-down reconstruction. **Inorder** (LNR) visits left, node, right, and on a BST prints values in sorted order. **Postorder** (LRN) visits left, right, node, and is used for deleting or freeing a tree since children are gone before their parent. **Level-order** (BFS, via a queue) visits row by row, closest nodes first. Iterative postorder works as a modified preorder reversed because an **NRL** traversal (node, right, left, produced by pushing left before right so right pops first) reversed gives **LRN**, exactly postorder; plain NLR reversed gives RLN, which puts children in the wrong relative order and isn't postorder.	02_5-trees
**BST delete, case 3.** When deleting a node with two children, why do we replace it with its inorder successor specifically, and why is deleting that successor always guaranteed to fall into the easy one-child-or-leaf case?	We replace the deleted node's value with its **inorder successor**, the smallest value in its right subtree, because that's the very next value in sorted order, so dropping it into the vacated slot keeps everything to the left smaller and everything to the right larger, preserving the BST invariant. Deleting that successor is always the easy case because the successor is by definition the leftmost node of the right subtree, meaning it has no left child; it therefore has at most one child, its own right child, which is Case 1 or Case 2, so the recursion can never spiral into another two-children delete.	02_5-trees
**The balance catastrophe.** Walk through what happens when you insert `1,2,3,...,n` into a plain BST. What's the resulting height, what does that do to search complexity, and why does the BST have no defense against it?	Inserting `1,2,3,...,n` into a plain BST sends every new value right, since it's always larger than everything already there, producing a rightward chain, a linked list wearing a tree costume, with height exactly `n − 1`. Since every BST operation is O(h), that turns search, insert, and delete into O(n). The plain BST has no defense because it has no mechanism to stay bushy: insert only follows the left/right comparisons dictated by value, it never restructures or rebalances, so the tree's shape is purely a function of insertion order.	02_5-trees
**AVL's four rotation cases.** Name LL, RR, LR, RL and the rotation(s) each requires. Explain why LR and RL need two rotations but LL and RR need only one. What balance-factor values trigger a fix?	**LL** (heavy on the left child's left) is fixed with a single right rotation on the unbalanced node. **RR** (heavy on the right child's right) is fixed with a single left rotation. **LR** (heavy left, but the insertion landed in the left child's right subtree) needs a left rotation on the left child followed by a right rotation on the node. **RL** (heavy right, insertion in the right child's left subtree) needs a right rotation on the right child followed by a left rotation on the node. LR and RL need two rotations because the offending subtree forms a zig-zag rather than a straight line, so the first rotation straightens it into an LL or RR shape before the matching single rotation can fix it. A fix triggers once a node's balance factor (`height(left) − height(right)`) reaches `+2` or `−2`; legal values are `−1, 0, +1`.	02_5-trees
**Tries.** Why is trie search O(L) regardless of dictionary size, and what can a trie do that a hash set fundamentally cannot? In the autocomplete code, what exactly does the `is_word` flag let `search` do that `starts_with` doesn't care about?	Trie search is O(L) regardless of dictionary size because each step consumes one character of the key and follows one edge to the next node, so the total work is the length of the key `L`, never a function of how many other words are stored. A trie can answer give me all words starting with this prefix by walking to the prefix's node and collecting everything below it, something a hash set fundamentally cannot do since hashing destroys any relationship between a string and its prefixes. The `is_word` flag lets `search` demand an exact inserted word: reaching a node by walking every character only proves the path exists, but `search` also checks `is_word` at that final node, so `search("ca")` is `False` even though `"ca"` is a valid path, while `starts_with` only cares that the node is reachable at all.	02_5-trees
**Index arithmetic & completeness.** Given a heap stored in a 0-indexed array, what are the formulas for the left child, right child, and parent of index `i`? Then explain *why* contiguous array storage works at all, what property of the tree makes the math valid, and what would break if the tree had gaps in the middle?	The formulas are `left(i) = 2i + 1`, `right(i) = 2i + 2`, and `parent(i) = floor((i - 1) / 2)`, derived from the fact that fill order matches array order: each of the `i` nodes before node `i` claims two child slots, so node `i`'s children land at `1 + 2i` and `2 + 2i`. Contiguous storage works because a heap is a **complete binary tree**: every level is filled except possibly the last, and the last level fills left to right with no gaps, so the tree's fill order can be written straight into a flat array with no pointers needed. That completeness is exactly what makes the index arithmetic valid. If the tree had gaps in the middle, a node's array position would no longer match its true position in the tree, so `2i+1`, `2i+2`, and `(i-1)//2` would point at the wrong nodes entirely and the array trick would break.	02_6-heaps
**Sift-up vs. sift-down.** Walk through `insert(value)` and `extract_min()` step by step. For each, say where the new/replacement element starts, which direction it moves, and why each is O(log n). For `extract_min`, why must `_sift_down` swap with the **smaller** child rather than either child?	`insert(value)` appends the new value to the end of the array (the next open slot, preserving completeness), then sifts it up: compare with its parent, swap if smaller, repeat until it's no longer smaller than its parent or it reaches the root. `extract_min()` saves `heap[0]` as the answer, moves the last element into index 0 and shrinks the array (removing the last leaf keeps the tree complete), then sifts it down: compare with its children, swap with the smaller child, repeat until it's a leaf or the heap property holds. Both are O(log n) because each walks a single root-to-leaf path, and a complete tree of n nodes has height `⌊log2 n⌋`. `_sift_down` must swap with the smaller child because the promoted value has to end up ≤ both children; swapping with the larger child would leave the smaller child greater than the new parent, breaking the invariant on the other side.	02_6-heaps
**The O(n) build-heap proof.** Why is building a heap from `n` elements via Floyd's bottom-up sift-down O(n) and not O(n log n)? Reproduce the series `Σ (n / 2^(h+1)) · h` and explain why it converges to O(n). (Bonus: derive `Σ h/2^h = 2` by differentiating the geometric series.)	Build-heap is O(n) because Floyd's method starts at the last non-leaf node (`parent(n-1)`) and sifts down bottom-up, so most nodes are near the bottom where sift-down is cheap; the naive `(n/2) x O(log n)` bound is loose since it ignores that a sift-down from height `h` costs at most `h` swaps. With roughly `n/2^(h+1)` nodes at height `h`, total work is bounded by `T(n) <= Σ (n/2^(h+1))·h = (n/2)·Σ(h/2^h)`, and that infinite series converges to 2, giving `T(n) <= (n/2)·2 = n = O(n)`. Nearly half the nodes are free leaves, a quarter cost at most 1 swap, an eighth cost at most 2, so the log n factor evaporates. Bonus: starting from `Σ x^h = 1/(1-x)`, differentiating gives `Σ h·x^(h-1) = 1/(1-x)^2`, multiplying by `x` gives `Σ h·x^h = x/(1-x)^2`, and plugging in `x = 1/2` gives `(1/2)/(1/4) = 2`.	02_6-heaps
**Heapsort properties.** Describe the two phases of heapsort and the cost of each. Why is the overall complexity O(n log n) in the *worst* case (unlike quicksort)? Why is heapsort **not stable**, and how much extra memory does it use?	Heapsort has two phases: build a max-heap in place via Floyd's method, O(n), then repeatedly swap the root (current max) with the last element of the shrinking heap region and sift-down the new root, `n-1` extractions at O(log n) each, so O(n log n). The total is O(n) + O(n log n) = O(n log n), and this holds worst, average, and best case because sift-down's cost only depends on tree height, not the input's arrangement, unlike quicksort, which degrades to O(n²) on bad pivots. Heapsort is not stable because moving the last leaf to the root and sifting it down jumps elements across the array without regard to their original order, so equal elements can get reordered. It sorts in place with O(1) extra memory.	02_6-heaps
**Min-heap for top-k largest.** In the streaming top-k problem, why do you use a *min*-heap (not a max-heap) of size k to find the k *largest* elements? Derive the O(n log k) time and O(k) space bounds, and explain what the heap's root represents at each step.	You use a min-heap of size k because the element you need to evict when a bigger value shows up is the smallest of your current top-k, and a min-heap puts exactly that element at the root for O(1) inspection; a max-heap would surface the wrong element. Time is O(n log k): you process n stream elements, and each does an O(1) peek against the root plus at most one push and one pop on a heap of size k, which costs O(log k). Space is O(k) because the heap never holds more than k elements at once. At each step the root represents the current weakest member of the top-k so far, the "bar to clear": any incoming value larger than the root replaces it.	02_6-heaps
**PQ ADT vs. implementation.** What operations define the priority-queue ADT, and why is a binary heap the usual implementation? Binary heaps can't find an arbitrary element quickly, so how did the scheduler support `decrease_key` in O(log n), and what's the alternative "lazy deletion" approach used in typical Dijkstra code?	The priority-queue ADT is defined by `insert(item, prio)`, `peek`/`find_min`, `pop`/`extract`, `is_empty`/`len`, and optionally `decrease_key`. A binary heap is the usual implementation because it gets O(log n) insert/pop with O(1) peek and a tiny constant factor, all in a single array, even though the ADT itself says nothing about heaps. Since a plain heap can't locate an arbitrary element to update it, the scheduler used an indexed heap: a `dict` (`self._pos`) mapping each task to its current array index, kept in sync on every swap, so `decrease_key` looks up the task in O(1) and then sifts it up in O(log n). The alternative, used in typical Dijkstra code, is lazy deletion: push a new `(priority, item)` entry with the better priority and just skip stale entries when popping, rather than updating in place.	02_6-heaps
State the Handshaking Lemma and explain why it's true in one sentence. Then: a graph has vertices of degrees `[1, 3, 3, 2, 1]`. How many edges does it have? (Sum is 10, so 5 edges.) Could a graph have degree sequence `[1, 1, 1]`? Why or why not? (No: the sum is odd, but every edge contributes 2, so the degree sum must be even.)	The Handshaking Lemma says the sum of all vertex degrees equals `2|E|`, true because every edge is incident to two endpoints and so contributes +1 to each of their degrees, counting it twice. For degrees `[1, 3, 3, 2, 1]`, the sum is 10, so the graph has `10/2 = 5` edges. A degree sequence `[1, 1, 1]` is impossible because its sum is 3, which is odd, but the degree sum must always be even since it equals `2|E|`.	02_7-graphs
You're storing a social network: 2 billion users, average ~200 friends each. Matrix or adjacency list? Estimate the space each would need and justify the choice using the dense-vs-sparse distinction.	Adjacency list, decisively. With 2 billion users averaging about 200 friends, the edge count is roughly `E ≈ 200 billion`, while `V² ≈ 4×10^18`; a matrix would need on the order of quintillions of cells for a graph that's actually sparse. The list costs `O(V + E)`, which scales with what actually exists, while the matrix costs a fixed `O(V²)` no matter how few edges there are, so the dense-vs-sparse rule (the matrix only pays off when E is close to V²) points straight at the list here.	02_7-graphs
Walk through what `add_edge("A", "B", weight=5)` does internally for the undirected list-backed graph. Which lines run, and which invariant would break if we forgot the `if not self.directed` branch?	`add_edge("A", "B", weight=5)` first calls `add_vertex("A")` and `add_vertex("B")`, which auto-create either vertex if it doesn't exist yet. Then, since this is the list representation, it runs `self._adj["A"]["B"] = 5`, and because the graph is undirected and `"A" != "B"`, the `if not self.directed` branch also runs `self._adj["B"]["A"] = 5`. If that branch were missing, the undirected symmetry invariant (`has_edge(u, v) == has_edge(v, u)`) would break: the graph would become silently half-directed, with `has_edge("A", "B")` true but `has_edge("B", "A")` false.	02_7-graphs
Why is `has_edge` `O(1)` in our list implementation but `O(deg(u))` in a "textbook" adjacency list? What data-structure choice did we make to get there, and what did it cost us?	`has_edge` is O(1) in this implementation because each vertex's neighbors are stored as a `dict` (`{neighbor: weight}`), so checking `v in self._adj[u]` is an O(1) average hash lookup that also gives you the weight in the same place. A "textbook" adjacency list backed by a plain Python list makes `has_edge` O(deg(u)) because you have to scan the neighbor list for a match. The cost of the dict choice is the extra memory and hashing overhead of a hash table per vertex compared to a bare list, in exchange for O(1) average membership tests.	02_7-graphs
In the road network, `is_reachable("Lakeside", "Harbor")` returned `False`. Explain why in graph-theory terms (use the words "out-degree" and "sink"), and describe what single edge you'd add to make it `True`.	`is_reachable("Lakeside", "Harbor")` is `False` because Lakeside has out-degree 0 in the road network: it's a sink, so once you drive in you can't drive out by road, meaning no path leaves it toward Harbor or anywhere else. The only edge touching Lakeside is `Westend -> Lakeside`. Adding a single edge `Lakeside -> Westend` would fix it, since from there `Westend -> Easton -> Harbor` reconnects Lakeside to the rest of the network and makes the query `True`.	02_7-graphs
Without looking: which graph algorithms does the `neighbors()` abstraction set us up to write in Part 3.4, and why does having one clean `neighbors()` interface mean we write each algorithm only once regardless of representation?	The `neighbors()` abstraction sets up BFS (shortest unweighted paths), DFS (connectivity and cycle detection), topological sort (dependency ordering), and Dijkstra (weighted shortest paths), all covered in Part 3.4. Because `neighbors(node)` behaves identically whether the graph is backed by a matrix or a list, directed or undirected, an algorithm written against that one interface, like the chapter's `is_reachable` DFS, runs correctly on every representation without modification. That's the payoff of the abstraction: you write each algorithm exactly once, and the underlying storage becomes an implementation detail the algorithm never has to know about.	02_7-graphs
Git is a "content-addressed key-value store." Name the four object types and explain how a commit, a tree, and a blob relate. Why does a branch cost almost nothing to create?	The four object types are **blob** (raw file bytes, no name or metadata), **tree** (a directory listing of names, modes, and hashes pointing to blobs and sub-trees), **commit** (a pointer to one tree plus parent commit hash(es), author, and message), and **tag**. A commit points to a tree, the full snapshot, and that tree points down through sub-trees to blobs holding the actual file content, so a commit, tree, and blob form a chain from snapshot pointer to directory listing to raw content. A branch costs almost nothing because it is just a **ref**, a small file holding a commit hash; creating one only writes that file, and switching branches just moves `HEAD` and updates the working tree, no copying involved.	11_1-git-and-github
Describe the three trees and say which two `git status` compares for "staged" vs "unstaged" changes.	The three trees are the **working directory** (the actual files you edit), the **index/staging area** (the proposed next snapshot, populated by `git add`), and **HEAD** (the last commit on the current branch). `git status` is diffing these against each other: "changes staged" is the index compared to HEAD, and "changes not staged" is the working directory compared to the index.	11_1-git-and-github
A fast-forward vs a 3-way merge: when does each happen, and *precisely* when does a conflict occur?	A **fast-forward** happens when the target branch hasn't diverged, your branch is strictly ahead, so Git just slides the pointer forward with no merge commit and linear history. A **3-way merge** happens when both branches have new commits since they diverged; Git uses the two branch tips plus their common ancestor (the merge base) and produces a new merge commit with two parents. A conflict occurs precisely when both sides changed the same region of the same file relative to the merge base; non-overlapping changes auto-merge fine.	11_1-git-and-github
Explain what rebase actually does to commit objects, and state the golden rule (and why violating it hurts collaborators).	Rebase **replays** your commits onto a new base; it doesn't move the original commits, it creates brand-new commit objects with the same changes but different parents, which means different hashes. The golden rule: never rebase commits that you've already pushed and that others may have based work on. Violating it hurts collaborators because rewriting hashes on shared history forces everyone else's local copy into a painful divergence from the rewritten branch.	11_1-git-and-github
Cherry-pick the commit `c9d4b7` onto `release`: what gets copied, what does *not* come with it, and how does the result differ from merging the whole branch?	`git cherry-pick c9d4b7` takes the diff introduced by that single commit and applies it as a brand-new commit (new hash) on `release`. It does not bring the commit's history, its parents, or any other commits from `main`, for example a later commit like a dashboard change stays off `release` entirely. This differs from merging the whole branch, which brings *all* of the branch's commits and records the relationship as a merge commit with shared ancestry; cherry-pick copies just one specific change with no ancestry link.	11_1-git-and-github
Map `reset --soft / --mixed / --hard` to the three trees, and say when you'd use `revert` instead of `reset`.	`reset --soft` moves only HEAD, leaving the index and working directory unchanged, so the undone commit's changes stay staged. `reset --mixed` (the default) moves HEAD and resets the index, but leaves the working directory untouched, so changes become unstaged. `reset --hard` moves HEAD and resets both the index and the working directory, discarding uncommitted work, this is destructive. Use `revert` instead of `reset` when the commit is already shared or pushed: revert adds a new commit that undoes the change and preserves history, while reset rewrites history and should only be used on local, unshared commits.	11_1-git-and-github
You just ran `git reset --hard` and lost two hours of commits. What's the first command you run, and how do you get them back?	Run `git reflog` first. It shows every place HEAD has been, including the entry right before the reset (like `HEAD@{1}`) that still points at the commit you thought you lost, since Git objects aren't deleted immediately, just made unreachable until garbage collection. Then run `git reset --hard <hash>` using that hash, or `git branch recover <hash>` to save it on a new branch, to get the commits back. The chapter's rule of thumb: "reflog first, panic never."	11_1-git-and-github
What are the **three areas** a file moves through, and which command moves it between each? (working tree → `add` → staging → `commit` → history)	The three areas are the **working tree**, the **staging area** (a.k.a. the index), and **history** (commits on the branch). `git add <file>` moves a file's changes from the working tree into staging, and `git commit -m "msg"` moves what's staged into history as a new commit. To go the other direction, `git restore --staged <file>` unstages, and `git restore <file>` discards unstaged working-tree edits.	11_2-git-hands-on-tutorial
What's the difference between `git diff` and `git diff --staged`?	`git diff` shows **unstaged** changes, the working tree compared against the staging area, answering "what haven't you staged yet?" `git diff --staged` shows **staged** changes, the staging area compared against the last commit, answering "what's about to go into the commit?"	11_2-git-hands-on-tutorial
When does a merge fast-forward vs. create a merge commit?	A merge fast-forwards when `main` (the branch you're merging into) hasn't moved since you branched off it, Git just slides the `main` pointer forward to the tip of the other branch, no new commit needed. A merge creates a merge commit when both branches have advanced since they diverged, a real 3-way merge, shown as a fork-and-join diamond in `git log --graph`, with the resulting commit having two parents.	11_2-git-hands-on-tutorial
You see `<<<<<<< HEAD ... ======= ... >>>>>>> branch` in a file. What do you do, exactly, to resolve it?	Open the file, decode the markers (`<<<<<<< HEAD` starts your current branch's version, `=======` divides it from `>>>>>>> branch`, the incoming version), and edit the region to exactly the content you want, deleting all three marker lines. Then run `git add <file>` to mark it resolved, and `git commit` (or `git merge --continue`) to finish the merge. Two escape hatches also work: `git merge --abort` to bail out entirely, or `git checkout --ours <file>` / `--theirs <file>` to take one side wholesale before adding and committing.	11_2-git-hands-on-tutorial
You committed a typo in the message and **haven't pushed**. Fix it.	Run `git commit --amend -m "Better message"` to rewrite the last commit with a corrected message. This only works safely because the commit hasn't been pushed, amend rewrites the commit and gives it a new hash, so it should never be used on something already pushed and pulled by others.	11_2-git-hands-on-tutorial
You pushed a bad commit that teammates already pulled. `reset` or `revert`? Why?	Use `revert`. `git revert <hash>` makes a new commit that undoes the previous one while preserving history, which is the safe, public way to undo something already shared. `reset` moves the branch pointer backward and rewrites history, which is only safe for local, unpushed mistakes, doing it on shared history forces painful re-syncs on teammates.	11_2-git-hands-on-tutorial
You're mid-feature and must switch branches for a hotfix without committing. Which command?	`git stash`. It shelves your uncommitted changes (working tree and index) so you get a clean tree, letting you switch branches, fix the bug, and come back later with `git stash pop` to reapply the work (or `git stash apply` to reapply while keeping it in the stash list).	11_2-git-hands-on-tutorial
You ran `git reset --hard` and lost a commit. How do you get it back? If you can answer all eight without notes, you have working git fluency. ---	Run `git reflog`, it records every place HEAD has pointed, even after a `reset --hard`, and will show the lost commit's hash (for example at `HEAD@{1}`). Then run `git reset --hard <hash>` to move the branch back to it, since Git only garbage-collects unreachable commits after roughly 30 days, giving a wide recovery window.	11_2-git-hands-on-tutorial
**Decompose expected squared error into bias², variance, and irreducible noise. Which term does adding regularization reduce, and what does it cost?** (Walk through inserting `±\bar f` and killing the cross terms. Regularization lowers variance by constraining the model, at the price of more bias, you slide left on the complexity axis.)	Starting from `y = f(x) + ε`, write `E[(y-\hat f)^2] = E[((f-\bar f)+(\bar f-\hat f)+ε)^2]` where `\bar f = E_D[\hat f(x)]` is the average prediction across training sets. The cross terms vanish because `ε` is independent with mean 0 and `(\bar f - \hat f)` has mean 0 over `D`, leaving `(f-\bar f)^2` (**bias²**) plus `E[(\hat f-\bar f)^2]` (**variance**) plus `σ²` (irreducible noise). Total error is a U-shape in model complexity, bias dominates on the left, variance on the right, and the sweet spot minimizes the sum, not either term alone. Regularization constrains the hypothesis class, so it lowers **variance**, but it costs **bias**, you're sliding left toward underfitting on that complexity curve.	14_1-ml-foundations
**Derive the gradient of logistic regression's cross-entropy loss. Why does the final form look identical to linear regression's gradient?** (Chain rule through `J → \hat p → z → w`; the `\hat p(1-\hat p)` terms cancel, leaving `\frac{1}{m}X^\top(\hat p - y)`. Both are GLMs with their natural loss, so the "error × input" form is shared.)	With `\hat p = σ(z)`, `z = w^\top x`, the chain rule gives `∂J/∂w = (∂J/∂\hat p)(∂\hat p/∂z)(∂z/∂w)`. Computing each piece, `∂J/∂\hat p = (\hat p - y)/(\hat p(1-\hat p))`, `∂\hat p/∂z = \hat p(1-\hat p)`, and `∂z/∂w = x`, the `\hat p(1-\hat p)` terms cancel exactly, leaving `∂J/∂w = (\hat p - y)x`, or in matrix form `∇_wJ = \frac{1}{m}X^\top(\hat p - y)`. This is the identical shape to linear regression's `\frac{1}{m}X^\top(Xw-y)` because both are generalized linear models paired with their natural loss (Gaussian/MSE for linear, Bernoulli/cross-entropy for logistic), and that pairing always produces the universal "error × input" gradient form.	14_1-ml-foundations
**You have a closed-form solution for linear regression. When would you still use gradient descent, and why?** (Normal equation is `O(n³)` to invert `XᵀX` and breaks when `n` is huge or `XᵀX` is singular/ill-conditioned. GD scales, handles streaming data, and generalizes to non-convex models.)	Use gradient descent when `n` (features) is large, since the normal equation `w = (X^\top X)^{-1}X^\top y` requires inverting the `n×n` matrix `X^\top X`, an `O(n³)` operation that becomes infeasible with millions of features. It's also needed when `X^\top X` is singular or ill-conditioned (more features than examples, or collinear features), which breaks the inverse outright. GD scales to huge or streaming data and, unlike the closed form, generalizes beyond convex quadratics to the non-convex models used everywhere in deep learning. Knowing both, and when each wins, is the point of deriving both.	14_1-ml-foundations
**A fraud model reports 99% accuracy. Why might that be worthless, and what would you report instead?** (Base rate is ~99% negatives; predicting "always negative" hits 99% accuracy with zero recall. Report precision/recall/F1 on the positive class, AUC, and the confusion matrix; consider class weights / resampling / threshold tuning.)	It might be worthless because on an imbalanced problem like fraud (roughly 99% legitimate transactions), a model that just predicts "legit, always" also scores 99% accuracy while catching zero fraud, precision and recall on the positive class are both 0. Accuracy rewards ignoring the only class that matters. Instead report precision, recall, F1 on the positive class, ROC-AUC, and look at the full confusion matrix, then consider class weights, resampling (SMOTE), or threshold tuning to actually address the imbalance.	14_1-ml-foundations
**Explain geometrically why L1 produces sparse weights but L2 doesn't.** (L1's constraint region is a diamond with corners on the axes; loss contours tend to touch a corner → a coordinate is exactly zero. L2's region is a smooth circle; contours touch an edge → all weights shrink but stay nonzero.)	Picture the loss contours (ellipses) expanding until they first touch the constraint region `\|w\| ≤ t`. L2's region is a circle, so the contour generically touches it on a smooth curved edge, which shrinks both weights but almost never lands exactly on an axis, so weights stay nonzero. L1's region is a diamond with corners sitting exactly on the axes, and the elliptical contour usually first touches at one of those corners, where one coordinate is exactly zero. Corners are what cause sparsity, that single geometric picture explains why Lasso does feature selection and Ridge doesn't.	14_1-ml-foundations
**Derive why PCA's principal components are the eigenvectors of the covariance matrix.** (Maximize `u^\top \Sigma u` s.t. `\|u\|=1`; the Lagrangian's stationarity condition gives `\Sigma u = \lambda u`. Variance captured equals the eigenvalue, so top eigenvectors = top components.)	For centered data, the variance of the projection onto a unit vector `u` is `Var(Xu) = u^\top Σu` where `Σ = \frac{1}{m}X^\top X` is the covariance matrix. PCA maximizes `u^\top Σu` subject to `\|u\|=1`, so form the Lagrangian `L = u^\top Σu - λ(u^\top u - 1)` and set the stationarity condition `∂L/∂u = 2Σu - 2λu = 0`, giving `Σu = λu`. So the optimal directions are exactly the eigenvectors of `Σ`, and since `u^\top Σu = λu^\top u = λ` at that solution, the variance captured by a direction equals its eigenvalue. The top-`k` eigenvectors (largest eigenvalues) are therefore the top-`k` principal components, PCA is literally eigen-decomposition of the covariance matrix.	14_1-ml-foundations
**Why can't a single neuron (logistic regression) solve XOR, and what specifically does adding a hidden layer with a nonlinearity buy you?** (One neuron = one hyperplane; XOR isn't linearly separable. A hidden layer with a nonlinearity composes multiple boundaries into a nonlinear one. Without the nonlinearity, stacked layers collapse to a single linear map.)	A single neuron computes `σ(w^\top x + b)`, which carves the input space with exactly one hyperplane, and XOR's classes `{(0,0),(1,1)}` vs `{(0,1),(1,0)}` cannot be separated by any straight line. Adding a hidden layer with a nonlinearity `φ` between layers lets the network compose several straight cuts into a curved, nonlinear decision boundary. This only works because of the nonlinearity: if `φ` were the identity, `W^{[2]}(W^{[1]}x) = (W^{[2]}W^{[1]})x` collapses to a single linear map, so stacking without a squashing function adds no power. The chapter's from-scratch NumPy net (2→8 ReLU→1 sigmoid) does solve XOR, proving the mechanism.	14_2-deep-learning
**Derive `δ^{[1]}` for the two-layer net and explain backprop as a single repeated rule.** (`δ^{[1]} = (W^{[2]\top}δ^{[2]}) ⊙ \text{ReLU}'(z^{[1]})`. Rule: each layer's error = next layer's weights-transpose times next error, gated by this layer's activation derivative; each weight gradient = its layer's error × its input. It's the chain rule with `δ`'s memoized, DP on the computation graph.)	Starting from the output error `δ^{[2]} = \hat y - y` (the sigmoid+cross-entropy shortcut), the chain rule routes it back through `W^{[2]}` and then through the hidden layer's activation derivative: `δ^{[1]} = (W^{[2]\top}δ^{[2]}) ⊙ \text{ReLU}'(z^{[1]})`, where `⊙` is elementwise and `ReLU'(z) = 1[z>0]`. The general pattern behind all of backprop is: compute the output error, then move backward layer by layer where each layer's error equals the next layer's weight-transpose times the next error, gated by that layer's own activation derivative, and each weight's gradient is its layer's error times its input activation (e.g. `∂J/∂W^{[1]} = δ^{[1]}x^\top`). This is just the chain rule organized to reuse the `δ`'s so each gradient is computed once, dynamic programming over the computation graph, which is exactly what autograd automates.	14_2-deep-learning
**Explain the vanishing gradient problem and why ReLU mitigates it.** (Backprop multiplies activation derivatives across layers; sigmoid/tanh derivatives are `<1` (sigmoid `≤0.25`), so the product → 0 at early layers, which stop learning. ReLU's derivative is exactly 1 on the active path, so the product doesn't decay.)	Backprop multiplies activation derivatives together layer by layer via the chain rule. With sigmoid or tanh, each factor is at most `0.25` (sigmoid) or generally less than 1, so multiplying many such factors through a deep net drives the gradient at early layers toward zero, those layers effectively stop learning. ReLU's derivative is exactly `1` for `z>0`, so on the active path the product of derivatives doesn't decay as it's propagated backward through many layers. The chapter credits this directly with enabling deep nets to actually train, with skip connections and normalization as additional, separate fixes.	14_2-deep-learning
**Walk SGD → Momentum → RMSProp → Adam, naming the specific flaw each successive optimizer fixes.** (SGD zig-zags in ravines and is noisy; Momentum adds velocity to damp the zig-zag and accelerate; RMSProp adapts a per-parameter learning rate via a running gradient RMS; Adam combines momentum + RMSProp with bias correction.)	Plain SGD, `w ← w - α∇J`, is noisy on mini-batches and struggles in ravines, zig-zagging across steep directions while crawling along shallow ones. Momentum fixes the zig-zag by accumulating a velocity `v = βv + ∇J` and stepping with `v`, like a ball rolling downhill that averages out oscillation and accelerates along consistent directions. RMSProp fixes the problem that one global learning rate doesn't fit all parameters, it divides each coordinate's step by a running RMS of its recent gradients (`s = ρs + (1-ρ)∇²`, `w -= α∇/\sqrt{s+ε}`), damping large-gradient directions and amplifying small ones. Adam combines momentum and RMSProp (first and second moment estimates, bias-corrected), giving the robust, fast, low-tuning default the chapter recommends starting with.	14_2-deep-learning
**At a conceptual level, how does self-attention let a Transformer model long-range dependencies better than an LSTM, and why does that matter for forecasting?** (Each position computes Q/K/V, scores against every other position (`QKᵀ/√d`), softmaxes, and takes a weighted sum of values, any position reaches any other in one step, fully parallel, no distance-based gradient decay. For forecasting, long-range seasonality/dependence is captured directly instead of being squeezed through a recurrent bottleneck.)	Self-attention lets each position compute query, key, and value projections, score its query against every other position's key (`QK^\top/\sqrt d`), softmax those scores, and take a weighted sum of values, so every token's new representation is a content-based weighted average of the whole sequence. That means any position can reach any other position in a single step, fully parallel, with no distance-based gradient decay, unlike an LSTM, which must carry information forward through its hidden state across every intervening time step and suffers vanishing gradients over long spans. For forecasting, this matters because long-range seasonality or dependence (e.g. a yearly cycle) gets captured directly rather than being squeezed through a sequential recurrent bottleneck, which is why Transformer forecasters like the Temporal Fusion Transformer and Informer have replaced LSTMs for long-horizon, multi-seasonal series.	14_2-deep-learning
**You see training loss low but validation loss rising. Name the phenomenon and three concrete fixes; tie it back to bias-variance.** (Overfitting / high variance. Fixes: more data or augmentation, dropout/weight decay, early stopping (also smaller model / lower LR). It's the variance term from the 14.1 decomposition growing, you slide back toward the bias-variance sweet spot.)	This is **overfitting**, high variance. Concrete fixes: get more training data or use data augmentation, add dropout or weight decay to constrain the model, and use early stopping to halt training once validation loss stops improving (a smaller model is another option). This is the variance term from the 14.1 bias-variance decomposition growing too large as the model gets too flexible; each of these fixes trades a bit of bias for less variance, sliding the model back toward the sweet spot where total error, not either term alone, is minimized.	14_2-deep-learning
**Why silicon?** Group IV → 4 valence electrons → 4 covalent bonds → rigid crystal with a *small* band gap (~1.1 eV) we can control; plus it grows its own insulating oxide and it's literally sand. Not too conductive (copper), not too insulating (glass), controllable.	Silicon is Group IV, so it has 4 valence electrons and forms 4 covalent bonds with its neighbors, locking into a rigid crystal lattice. That structure gives it a small band gap, `E_g ≈ 1.1 eV`, big enough that pure silicon barely conducts on its own but small enough that doping, heat, or light can push electrons across it on command. It also grows its own stable insulating oxide (`SiO2`, glass) when heated in oxygen, and it is the second most abundant element in Earth's crust. Copper is too conductive to ever turn off and glass is too insulating to ever turn on; silicon sits in the controllable middle, which is what actually matters.	17_1-semiconductor-physics
**Energy bands.** Valence band (full, bonded electrons) and conduction band (empty, free electrons) separated by a band gap. Metal: bands overlap (always conducts). Insulator: huge gap (never). Semiconductor: small gap (controllable). Current needs a *partly*-filled band, electrons *and* empty states.	Electrons in a crystal occupy a valence band (bonded, normally full) and a conduction band (free to roam, normally empty), separated by a band gap `E_g`. Current only flows when a band is partly filled, meaning it has both electrons and nearby empty states to move into; a completely full or completely empty band carries nothing. A metal's bands overlap so it always conducts, an insulator has a huge gap (5-9 eV) so it essentially never conducts, and a semiconductor like silicon has a small gap (~1.1 eV) that is controllable rather than fixed.	17_1-semiconductor-physics
**Electrons and holes.** Excite an electron across the gap → a free electron *and* a hole (the empty bond it left). Holes act like mobile positive charges. Two carriers, not one.	When an electron gains enough energy to jump from the valence band to the conduction band, it produces two carriers, not one: a free electron in the conduction band, and a hole, the empty bond it left behind in the valence band. A neighboring electron can slide into that hole, which just moves the empty spot in the opposite direction, so the hole behaves like a mobile positive charge even though it is really just an absence. In intrinsic silicon electrons and holes are created and recombine in equal pairs, and tracking both carriers is essential because the whole transistor story is about engineering materials with mostly one or the other.	17_1-semiconductor-physics
**Doping.** Add Group V (donor, e.g. P) → extra electrons → n-type. Add Group III (acceptor, e.g. B) → extra holes → p-type. A pinch changes conductivity a million-fold. `n·p = nᵢ²` always.	Doping means sprinkling a tiny amount of a different element into the silicon lattice to flood it with one carrier type. A Group V donor like phosphorus has a 5th valence electron that has no bond to join, so it easily frees into the conduction band, giving n-type silicon with electrons as the majority carrier. A Group III acceptor like boron only forms 3 bonds, leaving a ready-made hole, giving p-type silicon with holes as the majority carrier. Even a ratio of one impurity atom per ten million silicon atoms changes conductivity a millionfold, and the law of mass action `n·p = nᵢ²` always holds, so boosting one carrier type suppresses the other.	17_1-semiconductor-physics
**P-N junction.** Carriers diffuse across, recombine, leave fixed ions → depletion region → built-in field → built-in potential (~0.7 V). Forward bias lowers the barrier (conducts, exponentially); reverse bias raises it (blocks). One-way valve = **diode**.	Join p-type and n-type silicon and carriers diffuse across the boundary and recombine, leaving behind fixed acceptor and donor ions that form a carrier-free depletion region. Those exposed fixed charges create a built-in electric field and built-in potential, `V_bi ≈ 0.6-0.7 V`, which is the barrier carriers must climb, and diffusion stops once the field balances it. Forward bias (+ to p, − to n) opposes that field, shrinks the depletion region, and lets current flood across exponentially, while reverse bias widens the depletion region and raises the barrier, blocking current except for a tiny leakage. That asymmetry, conducting one way and blocking the other, is the diode.	17_1-semiconductor-physics
**Diode equation.** `I = I_S(e^(V/nVt) − 1)`. Reverse → −I_S (tiny leak); zero → 0; forward → exponential explosion. The ~0.7 V "turn-on" is just the steep part of the exponential, not a real wall.	The Shockley diode equation, `I = I_S(e^(V/nVt) - 1)`, ties current to voltage through `I_S` (a tiny reverse saturation current) and the thermal voltage `Vt = kT/q ≈ 0.0258 V`. Under reverse bias it reduces to `I ≈ -I_S`, a tiny constant leak; at zero bias it gives `I = 0`; and under forward bias the exponential term dominates and current explodes, roughly multiplying by 10 every 60 mV. The famous 0.7 V "turn-on" is not a real threshold, it's just the point where the smooth exponential curve gets so steep it looks like a wall on a linear current scale.	17_1-semiconductor-physics
**The family.** LED (recombination → light), solar cell (light → carrier pairs → current), BJT (two junctions, current-controlled). All junctions. Next chapter: the MOSFET, our voltage-controlled switch, the brick of every chip. ---	The P-N junction is a platform that produces a whole family of devices. An LED forward-biases a direct-bandgap junction so electron-hole recombination releases energy as light instead of heat, with the band gap setting the color. A solar cell runs that in reverse: photons above the gap energy create electron-hole pairs, and the junction's built-in field separates them into usable current. A BJT stacks two junctions (like N-P-N) so a small current into the thin base layer controls a large current from collector to emitter, a current-controlled switch that ruled early electronics before being displaced by the voltage-controlled MOSFET covered next.	17_1-semiconductor-physics
**MOSFET structure.** n+ source and drain islands in a p-type body; a gate sitting over the gap, insulated by ultra-thin oxide. By default OFF (back-to-back junctions block).	An nMOS transistor starts with a p-type silicon body (substrate) into which two n-type islands are implanted, the source and drain, separated by a small gap. Over that gap sits a conductor, the gate, insulated from the silicon below by an ultra-thin oxide layer just a few nanometers thick. Because source-to-body and drain-to-body are each P-N junctions, one of them is always reverse-biased with no help, so by default the device is OFF and blocks current between source and drain.	17_2-transistor-and-logic
**The field effect.** A positive gate voltage past the **threshold `Vt`** inverts the surface and forms an electron **channel** bridging source and drain → ON. Remove it → channel vanishes → OFF. The gate controls by *field*, drawing no current itself.	A positive voltage on the gate acts like a charged plate whose electric field reaches through the oxide, repelling holes and pulling electrons to the silicon surface below. Once the gate voltage exceeds the threshold voltage `Vt`, enough electrons accumulate to invert the surface into an n-type-behaving layer, forming a conducting channel that bridges source and drain and turns the switch ON. Remove the gate voltage and the channel disperses, turning it back OFF. Because the oxide insulates the gate, this control happens entirely through the electric field with essentially no current flowing into the gate itself.	17_2-transistor-and-logic
**Switch.** Driven to the rails, a MOSFET is a voltage-controlled switch: nMOS closed when gate=1, pMOS closed when gate=0 (complementary). This is the bridge from physics to Boolean logic (1.2).	When driven fully high or fully low, a MOSFET behaves as a simple voltage-controlled switch rather than an analog device. An nMOS closes (conducts, low resistance) when its gate is high and opens when its gate is low; a pMOS is the mirror image, closing when its gate is low and opening when its gate is high. This maps directly onto Boolean logic 1s and 0s from Chapter 1.2, since a logic gate is just a network of switches that routes a high or low output based on the input combination, making the transistor the physical bridge between physics and computation.	17_2-transistor-and-logic
**CMOS.** Pull-up (pMOS) to Vdd + pull-down (nMOS) to GND, complementary so exactly one is on. Result: near-zero static power. That's why CMOS won.	CMOS builds every gate from two complementary transistor networks: a pull-up network of pMOS transistors connecting the output to `Vdd` (logic 1), and a pull-down network of nMOS transistors connecting the output to ground (logic 0). They're wired so that for any input, exactly one network conducts, never both and never neither, which means there is never a direct steady path from `Vdd` to ground. That eliminates continuous current in the idle state, giving near-zero static power, unlike older NMOS logic where a resistor kept burning power whenever the output was held low. This power advantage is why CMOS became the basis of essentially every modern chip.	17_2-transistor-and-logic
**Gates from transistors.** Inverter = 1 pMOS + 1 nMOS (2 transistors). NAND = nMOS series + pMOS parallel (4). NOR = the dual. NAND/NOR are "natural" because the pull-up's complement bakes in the NOT; AND/OR cost an extra inverter. NAND is universal (1.2) → whole CPU from one cell.	A CMOS inverter is the simplest gate: one pMOS pull-up and one nMOS pull-down, 2 transistors total. A 2-input NAND uses 4 transistors, two nMOS in series for the pull-down (on only when both inputs are high) and two pMOS in parallel for the pull-up (its complement); NOR is the dual, nMOS in parallel and pMOS in series. NAND and NOR are the "natural" CMOS gates because the pull-up network is automatically the complement of the pull-down, baking in a NOT for free, whereas plain AND or OR requires an extra inverter. Since NAND is functionally complete (from Chapter 1.2), this single 4-transistor cell, tiled and wired, is enough to build every gate and ultimately a whole CPU.	17_2-transistor-and-logic
**Delay & power.** Delay ≈ R·C (charging the next gate's capacitance) → sets the clock-speed ceiling via the critical path. Dynamic power ≈ α·C·Vdd²·f (scales with frequency and voltage-squared); static power ≈ leakage. Heat is the wall → multi-core.	A gate's propagation delay comes from charging or discharging the next gate's input capacitance through the transistor's on-resistance, an RC charging curve, `delay ≈ R_on · C_load`. The clock can't tick faster than the slowest chain of gates (the critical path) can settle, which caps clock speed. Dynamic power, burned while switching, scales as `P ≈ α·C·Vdd²·f`, so it grows with frequency and especially with voltage squared, while static power comes from leakage current when idle. Since power turns into heat that must be removed, this is the wall that stopped single-core clock speeds from climbing around 2005 and pushed the industry toward multi-core designs.	17_2-transistor-and-logic
**Scaling.** Dennard scaling gave free speed + density + constant power density per shrink, until ~2005, when voltage couldn't drop further (leakage) and power density became the limit. Moore's Law (count) ≠ Dennard (free speed). The end of Dennard → multi-core, dark silicon, specialization. ---	Dennard scaling said that shrinking a transistor's dimensions and its voltage by the same factor kept power density constant, so each generation delivered more transistors, higher clock speeds, and the same heat per area, all for free. This broke down around 2005 because voltage could no longer shrink: dropping the threshold voltage further caused subthreshold leakage to rise exponentially, so static power exploded, and without lower voltage, raising frequency drove power density (and heat) too high. Moore's Law, the growth in transistor count, is a separate thing from Dennard scaling and limped on even as Dennard ended, and the end of free speed forced the industry into multi-core designs, dark silicon (not powering all transistors at once), and specialized accelerators.	17_2-transistor-and-logic
**Combinational vs. sequential.** Combinational = output is a pure function of current inputs, no memory (adder, ALU, MUX, decoder). Sequential = output depends on inputs *and* stored state, via **feedback**, usually clocked (latch, flip-flop, register, CPU).	Combinational logic computes its output purely as a function of its current inputs, with no memory, like an adder, ALU, MUX, or decoder. Sequential logic's output depends on both the current inputs and stored state, which requires feedback, a wire routed from a gate's output back to its own input so the circuit can hold a value. Latches, flip-flops, registers, and ultimately a whole CPU are sequential, usually advanced by a clock, and feedback is the single new ingredient that turns forgetful gates into memory.	17_3-from-transistors-to-chips
**Memory from gates.** Cross-couple two NOR gates → **SR latch**, a feedback loop that *holds a bit* (S=set, R=reset, both-0=hold). Memory is just gates wired to reinforce themselves.	Cross-coupling two NOR gates, where each gate's output feeds the other gate's input, produces an SR latch, the simplest memory circuit. Setting S=1, R=0 forces `Q=1`; S=0, R=1 forces `Q=0`; and critically, S=0, R=0 makes each gate's output depend only on feedback from the other, so the loop holds whatever value it last had. S=1, R=1 is forbidden because it breaks the `Q`/`Q-bar` complement and causes an unpredictable race. Memory turns out to be nothing exotic, just gates wired in a loop that reinforces itself.	17_3-from-transistors-to-chips
**Flip-flop & clock.** Add an enable → **D latch** (transparent when enabled). Chain two on opposite clock phases → **edge-triggered D flip-flop**: captures D on the clock edge, holds it all cycle. N flip-flops = a **register**.	Adding a clock-enable to the SR latch, with `S=D` and `R=NOT D` to avoid the forbidden state, gives a D latch: when enabled it is transparent and `Q` tracks `D`, and when disabled it holds the last value. Chaining two D latches (a master and a slave) driven by opposite clock phases produces an edge-triggered D flip-flop, which captures `D` only at the instant the clock rises and holds it steady for the rest of the cycle. A bank of N flip-flops sharing one clock forms a register, storing an N-bit word, which is literally what a CPU register like `RAX` is.	17_3-from-transistors-to-chips
**Synchronous design.** One clock; every flip-flop updates on the same edge. Clock period must exceed the **critical-path delay** (17.2) so logic settles before capture → this bounds clock speed. Sampling only at edges makes the machine deterministic (glitches between edges don't matter).	In synchronous design, nearly every flip-flop on the chip captures its new value on the same clock edge, rather than reacting to inputs whenever they change. The clock period must be at least as long as the critical-path delay (from 17.2) so the combinational logic has time to settle before the next edge captures it, which is exactly why a longer logic path forces a lower clock frequency. Because storage only samples at clean edges, glitches or mid-flight signal changes between edges never get captured, making the whole machine deterministic even though millions of gates are switching asynchronously underneath.	17_3-from-transistors-to-chips
**Building blocks.** Adder/ALU (arithmetic, from 1.2), MUX (hardware `if`/selector), decoder (address → one-hot). Combine with registers + clock → a **datapath** (data flow) + **control** (sets the knobs each cycle) = a CPU skeleton; the loop state→ALU→latch is the running machine.	The standard building blocks are the adder/ALU (chained full adders that also handle AND/OR/NOT/shift/compare, the CPU's calculator from Chapter 1.2), the multiplexer (a data selector that acts as hardware `if`, choosing one of several inputs by a select line), and the decoder (turns an n-bit address into exactly one of `2^n` active output lines, used to select rows in memory). Combining these with registers and a clock produces a datapath, the circuitry where data actually flows and transforms, paired with control, which sets the MUX selects and ALU operation each cycle to execute the current instruction. The repeating loop of state feeding the ALU, computing a next state, and latching it back on the clock edge is the running machine, the same skeleton as a simple counter grown up into a CPU.	17_3-from-transistors-to-chips
**Memory in silicon.** **SRAM (6T)** = cross-coupled latch, fast, no refresh, expensive → caches/registers. **DRAM (1T1C)** = one leaky capacitor + one transistor, dense/cheap, **must refresh** (capacitor leaks) → main memory. This tradeoff *is* the cache-vs-RAM hierarchy of 5.1.	SRAM stores a bit in a 6-transistor cell: two cross-coupled inverters holding the bit in a feedback loop (the same latch idea) plus two access transistors, making it fast and needing no refresh since the loop actively holds its state, but expensive because of the transistor count. DRAM stores a bit in just 1 transistor and 1 capacitor, with charge on the capacitor representing the value, making it far denser and cheaper, but slower, and since the capacitor leaks, every cell must be read and rewritten (refreshed) roughly every 64 ms or the data decays. This tradeoff, a little fast expensive SRAM near the CPU versus lots of cheap leaky DRAM further away, is exactly the cache-versus-RAM hierarchy from Chapter 5.1, and the ~100x speed gap between them traces directly to the cell design, not wire distance.	17_3-from-transistors-to-chips
**Big picture.** A **SoC** = cores (datapath+control+L1) + shared cache (SRAM) + memory controller (drives DRAM, does refresh) + GPU (parallel throughput) + AI/other accelerators (specialization, the post-Dennard answer). The **ISA** (x86/ARM/RISC-V) is the hardware↔software contract, the abstraction rung that lets one program run on countless different chips. ---	A System on a Chip packs multiple CPU cores (each a datapath, control, and private L1 cache), a shared L2/L3 cache built from SRAM, a memory controller that drives external DRAM and handles its refresh, a GPU with thousands of simple ALUs for parallel throughput work, and specialized accelerators like AI/NPU chips, video, and crypto blocks, each a post-Dennard answer that trades general flexibility for performance-per-watt on a specific job. The Instruction Set Architecture (x86, ARM, RISC-V) is the defined contract of instructions, registers, and memory model that hardware promises to implement. It's the abstraction boundary that lets one compiled program run unmodified on any chip implementing that ISA, regardless of the transistors wired underneath.	17_3-from-transistors-to-chips
**Why is Verilog "not software"?** Explain concurrency vs sequential execution, and what a line of RTL physically *becomes*.	Verilog describes a circuit rather than a list of instructions, so it is not software in the normal sense. Software statements run sequentially, one line after another over time; hardware blocks described in Verilog all exist and operate concurrently, forever, in parallel, there is no "line 1 runs first." The chapter's analogy: software is a recipe a single cook follows step by step, while Verilog is the blueprint of a kitchen where the stove, sink, and fridge are all physically present and running at once. A line of RTL doesn't execute, it becomes physical gates, flip-flops, and wires that take up silicon area, burn power, and add propagation delay, which is why the cost model shifts from time/memory (software) to area/power/timing (hardware).	17_4-chip-design-flow-and-hdl
**Walk the full chip flow** spec → bring-up, naming what each stage does and which EDA tools and which engineer own it.	1) Spec & architecture: define throughput/power/area budgets and the microarchitecture, owned by architects, no code yet. 2) RTL design: write behavior in Verilog/SystemVerilog, owned by design engineers. 3) Functional verification: build testbenches, simulate, write assertions and coverage to prove RTL matches spec, this is 40-70% of project effort and owned by verification engineers. 4) Synthesis: Synopsys Design Compiler/Fusion Compiler or Cadence Genus compile RTL into a gate-level netlist. 5) Place & route: Cadence Innovus or Synopsys IC Compiler II/Fusion Compiler place gates and route wires, owned by the physical design engineer. 6) Timing closure (STA): Synopsys PrimeTime checks every path meets the clock period, fixing setup/hold violations. 7) DFT: Siemens Tessent or Synopsys TestMAX add scan chains and BIST, owned by the DFT engineer. 8) Signoff & tapeout: DRC/LVS/power checks, then export GDSII to the foundry. 9) Fabrication: the foundry (TSMC, Samsung, Intel) turns GDSII into wafers over weeks to months. 10) Bring-up & test: first silicon is powered on and debugged, with a respin back through the flow if needed. An EDA software engineer at Synopsys/Cadence/Siemens builds the tools used in stages 4-8.	17_4-chip-design-flow-and-hdl
**State the blocking vs non-blocking rule** and demonstrate it with the swap example.	Use blocking `=` inside combinational `always @(*)` blocks, where it executes immediately and in order like normal software; use non-blocking `<=` inside sequential `always @(posedge clk)` blocks, where all right-hand sides are read first and all left-hand sides update together at the clock edge, modeling how real flip-flops update simultaneously. The swap example proves it: given `a <= b; b <= a;` with starting values a=3, b=7, non-blocking reads both old values first then updates, so a becomes 7 and b becomes 3, a true swap, exactly like two flip-flops swapping on one edge. With blocking `=` instead, `a = b` immediately makes a=7, then `b = a` makes b=7 too, so both end up 7, which is broken hardware, not a swap.	17_4-chip-design-flow-and-hdl
**Sketch the canonical three-block FSM** and explain Moore vs Mealy.	The canonical FSM has three blocks: (1) a clocked state register (`always @(posedge clk)`) that holds the current state and advances it, (2) combinational next-state logic that decides what state comes next based on the current state (and inputs), and (3) combinational output logic that produces the outputs. In a **Moore** machine, like the chapter's traffic-light controller, outputs depend only on the current state, so they're registered and glitch-free but may need more states or react a cycle late. In a **Mealy** machine, outputs depend on both state and current inputs, which can mean fewer states and faster reaction, but the combinational outputs can glitch.	17_4-chip-design-flow-and-hdl
**Explain why verification is the biggest stage** and exactly which of your software skills transfer to it.	Verification is the biggest stage because it consumes 40-70% of total project effort and verification engineers outnumber designers 2:1 or 3:1, driven by a brutal cost asymmetry: a bug caught in verification costs an afternoon, but the same bug escaping to silicon costs a multi-million-dollar respin and months of delay. Software skills transfer directly: writing testbenches is unit testing (setup, drive stimulus, observe, compare, report PASS/FAIL); Python/Perl/Tcl automation drives regression flows and log parsing; constrained-random stimulus is essentially fuzzing; UVM's drivers, monitors, scoreboards, and sequences map onto familiar OOP patterns like factories, callbacks, and inheritance; and coverage analysis and debug are the same instincts as telemetry, instrumenting a system and finding the one bad case.	17_4-chip-design-flow-and-hdl
**Contrast FPGA and ASIC** and justify why you'll prototype on an FPGA.	An FPGA is a reconfigurable chip you "program" like software, costs $100-300 to start, gets you a running design in minutes, but has lower per-unit speed/power efficiency and higher per-unit cost; you can reload it anytime. An ASIC is fixed custom silicon, costs $1M-$100M+ and takes months to get running through the full flow and fabrication, but is far more efficient and cheaper per unit at volume, and is frozen forever once made. You prototype on FPGA because it lets you actually run the exact hardware you designed today, on cheap hardware, using the same Verilog that could later target an ASIC, via AMD/Xilinx Vivado, Intel Quartus, or the open-source Yosys + nextpnr flow, without needing a $30M manufacturing run to see if your design works.	17_4-chip-design-flow-and-hdl
**Name the big three EDA vendors**, their rough market shares, and one tool each does for synthesis, simulation, and timing. Nail these and you understand how chips are designed, and you've written and simulated real hardware.	The big three are **Synopsys** (~31%), **Cadence** (~30%), and **Siemens EDA** (~13%), together over 70% of the ~$20.8B (2026) EDA market. For synthesis (RTL to gates): Synopsys uses Design Compiler/Fusion Compiler, Cadence uses Genus; Siemens EDA has no listed synthesis tool. For simulation: Synopsys VCS, Cadence Xcelium, Siemens Questa. For static timing analysis: Synopsys PrimeTime, Cadence Tempus; Siemens EDA again has no listed STA tool, its strengths instead are DFT (Tessent) and physical verification (Calibre, the industry standard for DRC).	17_4-chip-design-flow-and-hdl
**Trace a chip from sand to shipped part**, naming the major stages.	Raw silica sand is purified into 9N (99.9999999% pure) electronic-grade polysilicon, then melted and pulled via the **Czochralski process** into a monocrystalline ingot, which is sliced and polished into 300mm wafers. Each wafer then goes through the fab loop, deposition, photoresist, lithography, develop, etch, ion implant, and CMP, repeated 60-100+ times to build FEOL transistors and BEOL metal interconnect in a cleanroom. Finished wafers are electrically probed and sorted (wafer sort), diced into individual dies, packaged (flip-chip, 2.5D/3D, chiplets plus HBM), then run through final test and binning before shipping. The whole journey takes roughly 80-120 days and hundreds of process steps.	17_5-semiconductor-manufacturing
**Explain photolithography** as if you're teaching it: resist, mask, exposure, develop, and *use* `R = k₁·λ/NA` to say why wavelength and NA set the resolution limit (and what High-NA EUV trades away).	The wafer is spin-coated with light-sensitive **photoresist**, then a **photomask (reticle)** carrying one layer's circuit pattern (drawn at ~4x scale) is placed above it; a stepper/scanner shines light through the mask and lenses shrink the pattern onto the wafer, chemically exposing the resist (positive resist becomes soluble where exposed, negative resist becomes insoluble). A **developer** then washes away the soluble resist, leaving a hardened stencil that etch transfers into the real material below. The Rayleigh criterion `R ≈ k₁·λ/NA` sets the resolution floor: smaller wavelength λ and bigger numerical aperture NA both shrink R (finer features), while k₁ (~0.25-0.4) is a process-cleverness factor you can push only so far, which is why the industry chased shorter wavelengths (down to 13.5nm EUV) and bigger NA (water immersion, then High-NA EUV). High-NA EUV raises NA from 0.33 to 0.55, shrinking R by roughly 0.6x (about 40% finer), but since depth of focus scales as `λ/NA²`, squaring NA in the denominator collapses the focus margin by about 64%, and the smaller imaging field forces a full reticle to be stitched from two exposures.	17_5-semiconductor-manufacturing
**Walk the multi-patterning ladder** (LELE/SADP/SAQP) and explain why a single EUV exposure is worth so much.	**LELE** (Litho-Etch-Litho-Etch) prints half the lines, etches, then prints the other half offset between them for 2x density, but needs two masks, two etches, and perfect overlay, any misalignment is an electrical disaster. **SADP** (Self-Aligned Double Patterning) prints "mandrels," grows spacers on their sidewalls, then removes the mandrels so the spacers themselves become the fine lines; pitch is set by spacer width rather than litho, giving very uniform but rigid results. **SAQP** repeats SADP a second time for 4x density, used for the finest DUV-era fin/metal layers, with each doubling multiplying mask count, cost, cycle time, and defect opportunities. A single EUV exposure can replace an entire 3- or 4-mask multi-patterning sequence, so it means fewer masks, fewer etch/clean cycles, and fewer overlay-error chances, which lowers cost and raises yield on the critical layers, exactly the pain multi-patterning creates.	17_5-semiconductor-manufacturing
**Make the case for EUV/ASML**, what problem it solves and why it's a geopolitical chokepoint.	EUV uses 13.5nm light, about 14x shorter than 193nm DUV, so a single exposure can print what used to require several expensive, defect-prone DUV multi-patterning passes, solving the resolution wall the industry hit for roughly 20 years stuck at 193nm. Generating and focusing 13.5nm light is extraordinarily hard: it's absorbed by air and glass, so the whole optical path must run in vacuum using mirrors instead of lenses, and the light source works by hitting molten tin droplets with a high-power laser twice, about 50,000 times a second, to vaporize them into 13.5nm-emitting plasma. **ASML** (Netherlands) is the only company on Earth that makes EUV scanners, at $150M-$400M+ per machine, so no country or company can build leading-edge logic chips without ASML, which makes it one of the most strategically critical companies alive and puts it at the center of chip export controls and geopolitics.	17_5-semiconductor-manufacturing
**Explain what "2nm" really means in 2026**, and tell the FinFET → GAA/nanosheet story as *the gate clawing back control of the channel* (1 → 3 → 4 sides).	"2nm" is not a physical measurement, nothing on the chip is actually 2nm, the smallest features are more like 20-30nm. It's a marketing label for a density/performance/power generation, and the honest metric engineers actually use is transistor density in MTr/mm². The real story is the transistor's structure: planar transistors controlled the channel from only **1 face**, and below ~22nm the source and drain got close enough to fight the gate for control (short-channel effects, causing leakage). FinFET (~2011) stood the channel up as a fin so the gate wraps **3 sides**, restoring control. GAA/nanosheet transistors, arriving at the 2nm-class node in 2026, stack horizontal silicon sheets with the gate wrapping all **4 sides** of each sheet, the best possible control and lowest leakage. Since there's nowhere past wrapping all four sides, the next frontier is stacking transistors on top of each other (CFET) rather than re-wrapping the gate.	17_5-semiconductor-manufacturing
**Explain why yield dominates cost**, why big dies are expensive (the exponential), what the learning curve is, and what binning recovers.	Yield dominates cost because a wafer costs roughly the same to process (about $15,000-$30,000 for a leading-edge 300mm wafer) whether the resulting chips work or not, so cost per good die = wafer cost divided by working dies. Big dies are expensive because defect-free probability follows roughly `e^(−D₀·A)`, with die area A in the exponent, so doubling die area more than doubles the kill rate, which is exactly why huge GPU and server-CPU dies cost so much more than small ones. The **learning curve** is the fact that a new node's defect density D₀ starts high (unproven recipes, drifting tools) and falls steadily over months to years as engineers hunt down and fix the dominant defect mechanisms, so yield climbs continuously over a node's life, this climb is the central job of yield engineering. **Binning** recovers value from imperfect dies by selling them as lower-tier SKUs, speed binning (slower parts sold cheaper), functional binning/harvesting (a die with a bad core ships as a cut-down part), and power binning (low-leakage parts become premium low-power SKUs), turning otherwise-scrapped or downgraded silicon into revenue.	17_5-semiconductor-manufacturing
**Quantify chiplets vs monolithic**, the yield win, the packaging tax, and the U-shaped optimal split.	The chapter's model splits a fixed total silicon area into N dies and shows the win directly: for 8cm² of total silicon, a monolithic die yields only about 45% (you scrap over half the silicon), while splitting into 4 chiplets yields about 82% each and 8 chiplets about 90% each, because a defect now only kills a small chiplet (~1/N of the silicon) instead of the whole die. The packaging tax is real, though: the model charges roughly $4 per chiplet for packaging/interposer/assembly and a 98.5% assembly yield, both of which eat into the savings. The result is a **U-shaped cost curve**: splitting helps a lot at first (you stop scrapping huge dies), then the per-chiplet packaging cost and compounding assembly-yield loss overtake the savings; small dies or low defect density favor staying monolithic, while big dies or high defect density (flagship GPUs, server CPUs on a fresh node) favor chiplets decisively, which is exactly why AMD, Apple, and Nvidia use them.	17_5-semiconductor-manufacturing
**Pitch advanced packaging** (2.5D/3D/HBM/CoWoS) as a parallel path to performance.	As transistor scaling slows and node costs soar, packaging has stopped being an afterthought and become a primary lever for performance alongside the fab process itself. **2.5D integration** places multiple dies side by side on a passive silicon interposer with ultra-dense wiring so they talk at near on-chip bandwidth; **TSMC's CoWoS** is the famous example, connecting a high-end AI GPU's compute die to its memory. **3D integration** stacks dies vertically and connects them through **TSVs (Through-Silicon Vias)** for maximum density and shortest wires; **HBM (High-Bandwidth Memory)** is stacked DRAM enabled entirely by 3D packaging, and it's the memory feeding modern AI accelerators. CoWoS-class packaging capacity is currently a bottleneck for the entire AI hardware boom, which is exactly why packaging is now spoken of in the same breath as node scaling.	17_5-semiconductor-manufacturing
**Identify the manufacturing-side roles that fit a software/data background** (yield analytics, metrology/inspection ADC, computational litho) and what they involve. Nail these and you understand how chips are physically made, and you've quantified the economics yourself.	**Yield / process-data analytics** (at TSMC, Intel, Micron, GlobalFoundries, Samsung, Applied Materials) means mining the fab's massive per-wafer, per-step, per-tool datasets to correlate defects with specific tools, recipes, or steps, build predictive and anomaly-detection models, and drive the yield learning curve down, pure statistics and ML applied to manufacturing data. **Metrology and inspection** roles sit on the fab's data firehose: metrology measures dimensions like critical dimension and overlay (CD-SEM, scatterometry, ellipsometry), while inspection scans for defects, KLA is the dominant inspection-tool maker, and turning those images into "which tool is drifting, which defects actually kill chips" is statistical process control plus image classification, with automatic defect classification (ADC) on inspection images being a clean CNN application. **Computational lithography** (OPC, inverse lithography, source-mask optimization at ASML, foundries' litho teams, and EDA groups at Synopsys/Siemens) deliberately distorts mask patterns in software so diffraction produces the intended shape, a massive simulation problem that's increasingly ML-accelerated.	17_5-semiconductor-manufacturing
**Draw the industry map**, IDM vs fabless vs foundry vs EDA vs equipment, with two companies in each, and place TSMC, Nvidia, Synopsys, Intel, and ASML correctly.	**IDM** (designs and manufactures its own chips): Intel, Samsung (also Micron, Texas Instruments, SK Hynix). **Fabless** (designs chips, owns no fabs, pays a foundry): Nvidia, Qualcomm (also AMD, Apple, Broadcom, ARM, which licenses IP rather than selling chips). **Pure-play foundry** (manufactures other companies' designs): TSMC, the giant leader, plus GlobalFoundries and UMC. **EDA** (software tools every designer uses): Synopsys, Cadence (also Siemens EDA), an oligopoly holding over 70% of the market. **Equipment/materials** (build the machines fabs run on): ASML, the sole EUV-scanner maker, plus Applied Materials, Lam Research, and KLA. Placing the named companies: TSMC is a foundry, Nvidia is fabless, Synopsys is EDA, Intel is an IDM, and ASML is equipment.	17_6-semiconductor-careers
**Rank the roles** for a software/data grad and, for your top two (DV and yield/process-data analytics), state the *day-to-day*, the *skills wanted*, *which of your exact resume skills transfer*, and the *difficulty to break in*.	Ranked best-fit to still-good: **Design Verification** engineer and **EDA Software** engineer (both top-tier fits), then **Yield/Process-Data Analytics**, **FPGA/Digital Design**, and **Firmware/Embedded** (strong fits), then **DFT/Test** and **Physical Design** (moderate fits), with **ML-for-EDA** as a research-adjacent standout differentiator. For **DV**: day-to-day is building SystemVerilog/UVM testbenches, writing constrained-random stimulus and assertions, running simulations (VCS/Xcelium/Questa), triaging failures, and building regression automation; it wants SystemVerilog+UVM, scripting, Linux, and digital-design grasp; your Python transfers to flow automation and log parsing, C++ to reference-model scoreboards, telemetry/observability transfers directly to coverage analysis and failure triage (the killer analogy), and CI/CD transfers because nightly regressions are CI for hardware; difficulty is low-medium, the easiest strong-fit door, since the only real gap (SystemVerilog/UVM) is learnable in weeks. For **yield/process-data analytics**: day-to-day is mining per-wafer/per-step/per-tool datasets and wafer maps to find what's hurting yield, build predictive/anomaly models, and catch tool drift, living in pandas/SQL/notebooks/dashboards; it wants statistics, data wrangling, and ML; your pandas/SQL is the daily medium, ML/PyTorch/TensorFlow maps to wafer-map defect classification, and telemetry/observability transfers almost 1:1 since fab tool sensor data is telemetry at massive scale, arguably the single best resume-to-role match in the whole chapter; difficulty is low-medium if the req exists, needing the least hardware-specific knowledge, but reqs are fewer and vaguely titled, so you have to hunt for them.	17_6-semiconductor-careers
**Pitch your transferable skills**, turn three real resume bullets (a data-pipeline one, a telemetry/observability one, and a CI/CD one) into verification/EDA *and* yield-analytics bullets without fabricating anything.	A data-pipeline bullet (e.g. building a real-time analytics pipeline and dashboard) reframes for verification/EDA as automated data/regression pipelines processing large result sets with strict boundary validation, the same rigor verification regressions demand, and for yield-analytics as high-volume manufacturing-data ingestion and validation pipelines. A telemetry/observability bullet (logging, metrics, tracing across services) reframes for verification/EDA as instrumenting systems with telemetry to surface failures fast, directly analogous to coverage analysis and failure triage in design verification, and for yield-analytics as fab tool-data monitoring and anomaly detection, the same instrument-collect-detect loop at wafer/lot/tool scale. A CI/CD bullet (dashboards monitoring service metrics and alerting on anomalies) reframes for verification/EDA as building and maintaining regression infrastructure, nightly regressions are CI for hardware, and for yield-analytics as anomaly-detection and monitoring pipelines over high-volume telemetry, surfacing drift and outliers, extendable with ML classifiers like defect-pattern or wafer-map classification. Every reframe stays true to the real work, it just re-weights which truth leads.	17_6-semiconductor-careers
**Answer the core interview topics** cold: CMOS inverter, setup/hold (and *work the timing slack calc*), metastability, CDC + the two-flop synchronizer, Moore vs Mealy, pipelining + hazards, blocking vs non-blocking, sync vs async reset, clock gating, dynamic vs static power, coverage (code vs functional), assertions, constrained-random vs directed, the *FIFO-depth calc*, and why verification matters.	A **CMOS inverter** pairs a PMOS (pulls output high) with an NMOS (pulls output low); exactly one conducts at a time, so there's almost no static power, power is burned mainly while switching. **Setup time** is how long data must be stable before a clock edge, **hold time** is how long after; violating setup means data arrives too late (wrong/metastable capture, usually a too-slow combinational path), violating hold means data changed too soon (corrupted capture, path too fast). Worked slack: with T=2.0ns, clk-to-Q=0.3ns, comb delay=1.2ns, setup=0.2ns, skew=+0.1ns, arrival = 0.3+1.2 = 1.5ns and required = 2.0+0.1−0.2 = 1.9ns, so slack = +0.4ns, it passes. **Metastability** is when a setup/hold violation puts a flop in an unstable state that resolves unpredictably; you manage (not eliminate) it with synchronizers, quantified by MTBF. **CDC** happens when a signal crosses clock domains and can be sampled mid-transition; the fix for a single control bit is a **two-flop synchronizer** (the first flop may go metastable but gets a full cycle to settle before the second samples it), while multi-bit data needs a handshake or an async FIFO with Gray-coded pointers. A **Moore** machine's outputs depend only on state (glitch-free); a **Mealy** machine's outputs also depend on inputs (fewer states, can glitch). **Pipelining** splits a long combinational path into clocked stages to raise clock frequency and throughput at the cost of latency, with **data hazards** (fixed by forwarding/stalling), **control hazards** (branch prediction/flush), and **structural hazards** (resource conflicts). **Blocking `=`** belongs in combinational `always @(*)` blocks (executes in order); **non-blocking `<=`** belongs in clocked `always @(posedge clk)` blocks (all RHS sampled first, then all LHS update together, modeling real flip-flops); mixing them causes sim/synth mismatches. **Synchronous reset** is sampled only on the clock edge (clean for STA, needs a running clock); **asynchronous reset** forces the flop immediately (works at power-up but risks glitches and reset-removal timing); best practice is asynchronous assertion with synchronous de-assertion via a reset synchronizer. **Clock gating** disables the clock to idle flops to cut dynamic power, using a proper ICG cell rather than ANDing the clock to avoid glitches. **Dynamic power** (proportional to C·V²·f·α) comes from switching and is cut via DVFS and clock gating; **static/leakage power** leaks even when idle and is cut via power gating and multi-Vt cells. **Code coverage** is automatic and structural (line/branch/toggle, what code ran); **functional coverage** is intentional (covergroups over scenarios that matter, what you actually tested); verification is done when coverage closes, not when tests pass. **Assertions (SVA)** are inline, machine-checkable claims (e.g. request followed by grant within 5 cycles) that self-check continuously and fire right at the violation. **Directed** tests hand-write known scenarios; **constrained-random** generates many legal randomized scenarios within constraints (fuzzing for hardware), steered by coverage feedback. Worked **FIFO depth**: a producer writing 1 item/cycle in bursts of 120 against a consumer reading 4 every 5 cycles (0.8/cycle) accumulates at a net fill rate of 0.2/cycle × 120 cycles = 24 items, so depth ≥ 24 (rounded to 32). Finally, **verification matters** because a bug caught here costs an afternoon, while one that escapes to silicon costs a multi-million-dollar respin and months of delay, which is why it consumes 40-70% of project effort and outstaffs design 2:1 or 3:1.	17_6-semiconductor-careers
**Walk the 16-week plan** block by block, what you learn and ship in each of foundations / FPGA / verification / capstone, and which portfolio repo each block produces.	**Block 1, weeks 1-4 (HDL & digital foundations):** Verilog basics, blocking vs non-blocking, combinational vs sequential, the three-block FSM pattern, and a computer-architecture refresh (pipelining, caches, CMOS inverter, setup/hold) via HDLBits and nand2tetris; produces the `hdl-basics` repo (counter, ALU, FSMs). **Block 2, weeks 5-8 (real hardware on an FPGA):** get a board (Arty A7/Basys 3 or Tang Nano), learn the synth→place→route→bitstream flow, and build blink/debounce, a 7-segment/PWM driver, a UART, and a FIFO with timing constraints; produces `fpga-uart` plus 2-3 FPGA repos with demo GIFs. **Block 3, weeks 9-12 (verification, the differentiator):** SystemVerilog classes, randomization and constraints, SVA assertions, functional coverage driven to 100% on the ALU, and UVM basics (agent/driver/monitor/scoreboard) plus CDC and the FIFO-depth calculation on an async FIFO; produces `alu-verified` and `fifo-cdc`. **Block 4, weeks 13-16 (capstone, automation, apply):** design and verify a small RV32I RISC-V CPU with a reference model, read a static-timing report, write Tcl/Python flow automation or an ML-on-fab-data demo, then polish and start applying to 5+ new-grad roles a week; produces `tiny-riscv` plus `eda-scripting` or `ml-for-eda`.	17_6-semiconductor-careers
**Recite the portfolio**, name all six repos and, for `alu-verified`, `fifo-cdc`, and `tiny-riscv`, the exact interview questions each one lets you answer *and point to*.	The six repos are `hdl-basics` (fundamentals: counter, mux/demux, adder, shift register, FSMs), `alu-verified` (the verification centerpiece), `fpga-uart` (real silicon on a real board), `fifo-cdc` (the CDC concept repo), `tiny-riscv` (the standout capstone), and `ml-for-eda`/`fab-economics` (the unique data/ML card). `alu-verified` lets you answer and point to verification methodology, constrained-random vs directed testing, functional vs code coverage, assertions (SVA), and how you debug a failure, the core DV question cluster. `fifo-cdc` lets you answer and point to metastability, clock-domain crossing, two-flop synchronizers, the Gray-coded async FIFO, and the FIFO-depth calculation. `tiny-riscv` demonstrates real computer-architecture understanding and the ability to design and verify a non-trivial block end to end, and pairs with reading a static-timing report and identifying a CDC path.	17_6-semiconductor-careers
**Run the job-search playbook**, categories of target companies, where new-grad programs and ASIC/VLSI postings live, how you'd network into a referral, and how you'd set comp expectations (and where to verify the numbers).	Target company categories: **design & fabless** (Nvidia, AMD, Apple, Qualcomm, Broadcom, ARM, Marvell, Cerebras, Tenstorrent, SiFive, plus hyperscaler silicon teams like Google TPU and Amazon Annapurna/Graviton/Trainium), **IDMs** (Intel, Samsung, Micron, Texas Instruments, Analog Devices), **foundries** (TSMC including TSMC Arizona, GlobalFoundries, where yield/process-data jobs concentrate), **EDA** (Synopsys, Cadence, Siemens EDA), and **equipment/inspection** (ASML, Applied Materials, Lam Research, KLA). New-grad postings live under searches like "[company] university/new grad/rotational" (Intel, Nvidia, AMD, Qualcomm, Micron, TI all run named programs), on filtered company career sites and LinkedIn saved searches for exact titles, and in VLSI/ASIC communities (r/FPGA, r/chipdesign, VLSI job boards, Verification Academy forums, local IEEE chapters); CHIPS-Act-funded fabs like TSMC Arizona are unusually open to new grads right now. Networking into a referral: build the portfolio first so outreach has something concrete to point at, find people actually doing the target role on LinkedIn and send a short non-asking message asking for a 15-minute chat, be visibly useful in communities, and only ask for a referral after rapport is built, then follow up with converted interns or alumni for the warmest intros. For comp, treat any range as a starting orientation only and pull current numbers for the exact company, level, and city from levels.fyi, Glassdoor, or Blind right before an offer conversation; EDA and hyperscaler/big-fabless roles tend to sit higher, geography matters a lot, and a strong portfolio is real negotiating leverage.	17_6-semiconductor-careers
**Explain why now is a strong moment to enter** the field. Nail these and you're not just *curious* about semiconductors: you're a **candidate** with a plan, a portfolio, and a story. That completes the Semiconductors part: from [what a semiconductor is](17.1-semiconductor-physics.md), through [how chips are designed](17.4-chip-design-flow-and-hdl.md) and [made](17.5-semiconductor-manufacturing.md), to a concrete path into the field. Time to write some Verilog and start the 16 weeks.	Three forces line up right now. The **CHIPS Act** committed $52.7B (about $33.7B awarded) to re-shore US manufacturing, funding new fabs like TSMC Arizona, Intel, and Micron and creating thousands of new engineering jobs from a low base. The **AI-driven design boom** has every hyperscaler and startup wanting custom accelerators, which is exploding demand for design and especially verification headcount. And there's a widely reported **workforce shortage**, the industry is hiring faster than universities produce hardware engineers, which is a structural opening for a motivated CS grad who skills up on SystemVerilog/UVM, FPGA work, and a real portfolio.	17_6-semiconductor-careers
**The call stack.** Trace `factorial(4)` frame by frame: draw the stack as it grows toward the base case and as it unwinds. At its deepest, how many frames are on the stack, and what's the space complexity in terms of `n`?	The stack grows one frame per call: `factorial(4)` pauses waiting on `factorial(3)`, which pauses waiting on `factorial(2)`, then `factorial(1)`, until `factorial(0)` hits the base case and returns `1` with no further recursion. At its deepest, right when `factorial(0)` returns, there are `n + 1 = 5` frames stacked (`factorial(4)` through `factorial(0)`). It then unwinds: `factorial(1)` resumes as `1*1=1`, `factorial(2)` as `2*1=2`, `factorial(3)` as `3*2=6`, `factorial(4)` as `4*6=24`, popping one frame per step. Space complexity is **O(n)**, since the stack holds up to `n+1` frames at once, the hidden memory cost that iteration doesn't pay.	03_1-recursion
**Base case & progress.** What two things must every recursive function have, and what specifically goes wrong if (a) the base case is missing, or (b) the recursive call doesn't move strictly closer to the base case? Which error does Python raise?	Every recursive function needs a **base case** (a version of the problem small enough to answer without recursing) and a **recursive case** that shrinks the problem, making progress toward that base case each call. (a) If the base case is missing, there's no floor to land on, so the function keeps descending forever, like `bad_countdown` calling itself with no stopping condition. (b) If the recursive call doesn't move strictly closer to the base case, for example `bad_sum` passing the same `lst` back instead of `lst[1:]`, it's an infinite loop wearing a recursion costume: a base case exists but is never reached. Both cases raise `RecursionError: maximum recursion depth exceeded`, since Python's recursion limit (around 1000 frames) gets hit before anything ever returns.	03_1-recursion
**The leap of faith.** Explain how writing a recursive function maps onto a proof by induction. When you write `reverse(lst[1:]) + [lst[0]]`, what are you *assuming*, and why are you allowed to assume it without tracing the whole thing?	A recursive function's base case matches induction's base case, and its recursive case matches the inductive step: "if the smaller call is correct, then this call is correct." If both hold, the function is correct for all `n` by induction, exactly the same logic used for `factorial`. When you write `reverse(lst[1:]) + [lst[0]]`, you're assuming `reverse(lst[1:])` already correctly reverses the tail, the smaller subproblem, without tracing how it does it. You're allowed to assume this because induction guarantees it: the base case (`reverse([]) == []`) is trivially correct, and every call shrinks the list by one element until it bottoms out there, so trusting the smaller call is the whole point of the leap of faith, not a shortcut around correctness.	03_1-recursion
**Fibonacci.** Why is `fib_naive` O(2ⁿ)? Draw the recursion tree for `fib(4)` and circle a repeated subproblem. Then explain in one sentence how memoization drops it to O(n), what exactly does the memo store and how many times does each `fib(k)` get truly computed?	`fib_naive` is O(2ⁿ) because every call branches into two more recursive calls, `fib(n-1)` and `fib(n-2)`, and those branches overlap heavily: in the `fib(4)` tree, `fib(4)` splits into `fib(3)` and `fib(2)`, and `fib(3)` splits into `fib(2)` and `fib(1)`, so `fib(2)` (circle it) gets computed twice, once directly and once inside `fib(3)`, and the call count roughly doubles with each extra level. Memoization drops it to O(n) because the instant a `fib(k)` is computed it's cached, so every later request for that same `fib(k)` becomes an O(1) lookup instead of recomputing the whole subtree. The memo stores each computed value keyed by `n` (`memo[n] = result`), and since there are only `n` distinct subproblems (`fib(0)` through `fib(n)`), each `fib(k)` is truly computed exactly once.	03_1-recursion
**Hanoi recurrence.** Starting from `M(n) = 2·M(n-1) + 1` and `M(0) = 0`, derive the closed form `M(n) = 2ⁿ − 1`. Is this exponential cost a flaw in the algorithm or inherent to the problem? (Contrast with naive Fibonacci.)	Unrolling `M(n) = 2·M(n-1) + 1` repeatedly gives `M(n) = 2ᵏ·M(n-k) + (2ᵏ⁻¹ + ... + 2 + 1)`. Setting `k = n` hits the base case `M(0) = 0`, leaving `M(n) = 0 + (2ⁿ⁻¹ + ... + 1)`, and that sum is a geometric series equal to `2ⁿ - 1`. This exponential cost is inherent to the problem, not a flaw: Hanoi is optimal, you cannot move `n` disks in fewer moves, unlike naive `fib_naive`, where the exponential blowup was a bad implementation caused by overlapping subproblems and could be fixed down to O(n) with memoization. Hanoi has no overlapping subproblems to memoize away, every one of the `2ⁿ - 1` moves is genuinely necessary.	03_1-recursion
**Recursion vs iteration in Python.** What is tail recursion, and why doesn't Python's version of a tail-recursive factorial save any stack space? Given that, when should you convert a recursive function to an explicit-stack iterative one, and when should you leave it recursive?	Tail recursion is when the recursive call is the very last thing a function does, with nothing left to compute after it returns, like `fact_tail`'s `return fact_tail(n - 1, acc * n)`, versus `fact`'s pending multiply after the call returns. Python doesn't perform tail-call optimization (Guido left it out deliberately to keep stack traces clean for debugging), so even a tail-recursive function pushes a fresh frame on every call and gains no stack savings, which is why Python still enforces a recursion limit (around 1000 frames) and raises `RecursionError` regardless. Convert to an explicit-stack iterative version when recursion depth scales with input size `n` and `n` could be large (deep lists, huge ranges), or when the function sits in a hot loop and per-call overhead matters. Leave it recursive when depth is bounded or logarithmic (like divide & conquer on halves) or when recursion is clearly more readable, readability is a real feature worth keeping.	03_1-recursion
**Spotting the tool.** Given a new problem, name three structural signals that tell you "use recursion here," and explain why the arithmetic-expression evaluator's precedence rules came for free from the grammar's call hierarchy.	Three signals: the problem is defined in terms of itself (a self-referential definition, like "an expression is a number, or two expressions joined by an operator"), there's a tree or graph structure to walk (file systems, nested JSON, DFS is recursion), or the ask is "all combinations / subsets / paths / ways," which signals backtracking (choose, recurse, un-choose). The evaluator's precedence came free because its grammar is itself a call hierarchy: `parse_expr` calls `parse_term`, which calls `parse_factor`, so multiplication automatically binds tighter than addition without anyone coding an explicit precedence rule. And because `parse_factor` loops back to `parse_expr` through parentheses, that single recursive edge in the grammar lets nesting go to unlimited depth.	03_1-recursion
State the Master Theorem and apply it to `T(n) = 2T(n/2) + Θ(n)`. Which case is it, and what's the closed form? Then re-derive the same answer with a recursion-tree argument (how many levels, how much work per level, why).	The Master Theorem compares `f(n)` against the watershed `n^(log_b a)` for `T(n) = aT(n/b) + f(n)`: if `f(n)` is polynomially smaller, `T(n) = Θ(n^(log_b a))` (Case 1); if `f(n) = Θ(n^(log_b a))`, `T(n) = Θ(n^(log_b a) log n)` (Case 2); if `f(n)` is polynomially larger, `T(n) = Θ(f(n))` (Case 3). For `T(n) = 2T(n/2) + Θ(n)`, `a=2`, `b=2`, so the watershed is `n^(log_2 2) = n`, and `f(n) = Θ(n)` matches it exactly, that's **Case 2**, giving the closed form `T(n) = Θ(n log n)`. The recursion tree confirms it: halving `n` down to 1 takes `log₂ n + 1` levels, and at every level the per-node work sums to exactly `n` (`2^k` nodes each doing `n/2^k` merge work), so total work is `n` times `(log₂ n + 1)` levels, which is `Θ(n log n)`.	03_2-sorting
Why is a sorted (or reverse-sorted) array the worst case for naive-pivot quicksort, and how exactly does randomization fix it? Write the degenerate recurrence and show it solves to Θ(n²). Why doesn't randomization change the worst-case bound, yet still "fixes" the problem in practice?	A naive-pivot quicksort that always picks the last (or first) element as pivot peels off exactly one element per partition on an already-sorted (or reverse-sorted) array, since that element is always the max or min, giving the maximally unbalanced split. This gives the degenerate recurrence `T(n) = T(n-1) + Θ(n)`, which sums to `n + (n-1) + (n-2) + ... + 1 = n(n+1)/2 = Θ(n²)`. Randomizing the pivot fixes this in practice because the pivot's badness no longer depends on the input's order, an adversary or a sorted array can't force a bad choice since the pivot is chosen uniformly at random each time. Randomization doesn't change the worst-case *bound* (an unlucky sequence of random pivots could still produce Θ(n²)), but it makes that sequence astronomically unlikely, so the expected running time is Θ(n log n) regardless of input.	03_2-sorting
Prove the Ω(n log n) lower bound for comparison sorts. Walk through the decision-tree model: why must there be ≥ n! leaves, why does that force height ≥ log₂(n!), and how does Stirling turn that into Θ(n log n)?	Model any comparison sort as a binary decision tree where each internal node is a comparison and each leaf is a final output permutation. The tree must have at least `n!` leaves because the algorithm must be able to produce every one of the `n!` possible orderings of the input, since any of them could be the correct sorted answer for some input. A binary tree of height `h` has at most `2ʰ` leaves, so `2ʰ ≥ n!`, which forces `h ≥ log₂(n!)`, and since the tree's height equals the worst-case number of comparisons, that's a lower bound on comparisons. Stirling's approximation gives `log₂(n!) = n log₂ n − n log₂ e + O(log n) = Θ(n log n)`, so every comparison-based sort makes **Ω(n log n)** comparisons in the worst case, a bound merge sort and heapsort actually match.	03_2-sorting
Counting sort runs in O(n + k) and "beats" the n log n lower bound: explain why that's not a contradiction. When does counting sort become a bad choice, and why does radix sort require its inner sort to be stable?	It's not a contradiction because the Ω(n log n) bound only applies to **comparison sorts**, and counting sort never compares two elements against each other, it indexes directly into a count array by value, so the bound simply doesn't apply to it. Counting sort becomes a bad choice when `k ≫ n` (the key range is much bigger than the element count), since it allocates a `count` array of size `k`, so sorting two elements spanning a billion-value range wastes a billion-element array. Radix sort requires its inner (per-digit) sort to be stable because it processes digits from least to most significant, and a later, higher-digit pass must not scramble the ordering that earlier, lower-digit passes already established, stability is what guarantees that.	03_2-sorting
Define stability precisely and give a concrete `(name, age)` scenario where it matters. Which of our sorts are stable and which aren't? Describe the O(n)-space trick to make any sort stable.	A sort is **stable** if, whenever two elements compare equal (same key), their relative order in the output matches their relative order in the input. Concretely: given `(name, age)` records already sorted by name, sorting them again by age with a stable sort leaves people of the same age still in name order, a free secondary sort, while an unstable sort scrambles the names within each age group. From the chapter's roster: **Bubble, Insertion, Merge, Counting, Radix, and Timsort are stable**; **Selection (array form), Quicksort, and Heapsort are unstable**. Any unstable sort can be made stable by augmenting each key with its original index, `(key, index)`, and comparing lexicographically, so equal keys break ties by original position, at the cost of O(n) extra space.	03_2-sorting
When would you reach for insertion sort over merge/quicksort, and why? Name the two input conditions where it wins, give its complexity on nearly-sorted data, and explain its role inside Timsort.	Reach for insertion sort when the input is **nearly sorted** or the array is **small** (roughly `n ≲ 16`). On nearly-sorted data, where every element is at most `k` positions from its final spot, insertion sort runs in **O(n·k)**, basically linear for small `k`, since the `while` loop bails almost immediately for each element. On small arrays, its low constant factors and cache-friendly sequential access beat the recursion and bookkeeping overhead that merge/quicksort pay before their `n log n` advantage kicks in. It's also the engine inside **Timsort**: Python's `sorted()`/`list.sort()` identify already-ordered runs and use binary insertion sort to handle small runs and to merge them, so every call to `sorted()` is quietly using insertion sort under the hood.	03_2-sorting
How does quickselect get to O(n) when quicksort is O(n log n)? Explain the single algorithmic difference and the geometric-series argument, and name one problem (k-th largest, median) where it's the right tool.	The single difference: quicksort recurses into **both** sides of every partition, while quickselect recurses into only the **one side that contains the answer**, throwing the other side away without sorting it. That turns the work into a geometric series, `n + n/2 + n/4 + ... ≈ 2n`, instead of quicksort's `n` work repeated across `log n` levels on both sides, so quickselect's expected cost is **O(n)** versus quicksort's **O(n log n)** (both share the same worst-case O(n²) risk from a bad pivot, tamed the same way by randomization). It's the right tool for problems like **k-th largest** or **median**, where the chapter's `kth_largest` and `median` functions use exactly this trick, since you only need one position located, not the whole array sorted.	03_2-sorting
State the binary-search loop invariant in one sentence, and explain how it proves the algorithm returns `-1` correctly when the target is absent. (Hint: what does an empty window `[lo, hi]` with `lo > hi` imply about where the target could be?)	The invariant is: if `target` is in `arr` at all, its index is always within the inclusive window `[lo, hi]`. Each iteration shrinks the window (via `lo = mid + 1` or `hi = mid - 1`) while preserving this invariant, and the window length strictly decreases every step, so the loop must terminate. When it terminates without a match, `lo > hi` means the window `[lo, hi]` is empty, no index at all. By the invariant, if `target` were present its index would have to live in that empty window, which is impossible, so `target` is not in `arr` and returning `-1` is correct.	03_3-searching
Why do we write `mid = lo + (hi - lo) // 2` instead of `(lo + hi) // 2`? In which languages does it actually matter, why doesn't it matter in Python, and why should you still write it the careful way?	`lo + (hi - lo) // 2` avoids computing `lo + hi` directly, which can overflow a fixed-width integer when both are large. It matters in languages like C, Java, or Rust, where `lo + hi` can overflow a 32-bit int on a large array (the chapter notes this was a real bug in the JDK's binary search for nearly a decade). It doesn't matter in Python because Python ints are unbounded and never overflow. You should still write it the careful way out of habit, so the logic transfers cleanly to languages where it does matter.	03_3-searching
What single property must a predicate have for "binary search on the answer" to apply, and how would you phrase Koko's predicate `P(k)` so it has that property? Sketch why "she can finish at speed `k`" is monotonic in `k`.	The predicate must be monotonic: over the range of candidate answers it looks like `False False ... True True`, flipping once from False to True and never flipping back. Koko's predicate is `P(k) = "she can finish within h hours at speed k"`. It's monotonic because the time to clear a pile of size `p` at speed `k` is `⌈p/k⌉`, which only shrinks as `k` grows, so total hours `Σ⌈p_i/k⌉` only shrinks as `k` grows; if speed `k` already finishes within `h` hours, any faster speed finishes at least as fast, so `P` stays True once it becomes True.	03_3-searching
In the converging two-pointer for two-sum on a sorted array, when the current sum is too small we move `lo` right. Prove that we lose no valid answer by discarding `lo`. (What do we know about every pair that used `arr[lo]`?)	When `arr[lo] + arr[hi] < target`, every remaining index is `<= hi`, and since the array is sorted, `arr[lo]` paired with any of them gives a sum `<= arr[lo] + arr[hi] = s < target`. So `arr[lo]` paired with anything still in range can never reach `target`; every pair using `lo` is provably too small. Discarding `lo` and moving it right therefore loses no valid answer, because `hi` is already the largest available value and moving `lo` right is the only lever left to increase the sum.	03_3-searching
Explain why a variable sliding window is O(n) even though it contains a nested `while` loop. What's the amortized argument about how far `left` can travel?	The window is O(n) because the outer loop advances `right` at most `n` times, and `left` only ever moves forward, never backward and never past `right`. So across the entire run, the inner `while` loop (which advances `left`) can fire at most `n` times total, not `n` times per outer step. Amortized over the whole traversal, each index enters and leaves the window at most once, so the combined work of the outer and inner loops is O(n), not O(n²).	03_3-searching
For "find first and last position," we used a half-open window (`hi = n`) for one helper but an inclusive window (`hi = len-1`) for plain binary search. Why is the half-open convention necessary here? What answer must `first_geq` be able to return that an inclusive `[0, n-1]` window cannot represent?	The half-open convention (`hi = n`, loop `while lo < hi`) is necessary because `first_geq` must be able to return `n`, meaning "no index in the array satisfies `nums[i] >= x`," which happens when `x` is bigger than every element. An inclusive window `[0, n-1]` only ever contains valid array indices up to `n-1`, so it has no way to represent "one past the end." The half-open window naturally allows `lo` to reach `n`, which is exactly the sentinel value `first_geq` needs when `target` isn't present or falls beyond all elements.	03_3-searching
"Ship packages within D days," "split array to minimize the largest sum," and "Koko eats bananas" all collapse to the same skeleton. What are the four steps of that skeleton, and what is the one creative decision you make per problem? (Hint: it's not the search loop.)	The four steps: (1) identify the answer you're minimizing or maximizing, a number like a speed, capacity, or largest piece; (2) write `feasible(x)`, "can the job be done if the answer is `x`?", and confirm it's monotonic; (3) bound the range `[lo, hi]` so the boundary is guaranteed to be inside it; (4) call `find_first_true` on that predicate and range. The one creative decision per problem is writing `feasible(x)` itself (and picking a valid range), not the search loop, which is the same `find_first_true` skeleton every time.	03_3-searching
Why does "subarray sum equals k" break a sliding-window approach when the array contains negatives, and what replaces it? What property does a window argument need that negatives destroy?	A sliding window needs the property that growing the window can only push the aggregate in one direction, so you know whether shrinking from `left` or growing from `right` fixes a broken constraint. With negatives, adding an element to the window can decrease the sum instead of increasing it, so there's no longer a reliable rule for which pointer to move; the window's sum stops being monotonic as it grows. This is replaced by prefix sums plus a hash map, which counts subarrays summing to `k` without relying on any monotonic window behavior.	03_3-searching
Why does BFS find shortest paths in an unweighted graph but not a weighted one, and what data structure makes BFS behave this way? (Hint: FIFO queue → vertices discovered in non-decreasing hop-distance; weights break the "first time reached = cheapest" assumption.)	BFS uses a FIFO queue, so it finishes processing all vertices at distance 1 before touching any at distance 2, and so on, discovering vertices in non-decreasing order of hop-distance. That means the first time BFS reaches a vertex, it has done so via the fewest possible edges, which is the shortest path when every edge costs 1. In a weighted graph this breaks down because a path using more edges can have less total weight than a path using fewer edges (a 3-edge path can undercut a 1-edge path), so "first time reached" no longer means "cheapest," and BFS's queue order no longer matches true shortest distance.	03_4-graph-algorithms
Walk through why Dijkstra requires non-negative edge weights. What specifically goes wrong if you run it on a graph with a negative edge, and which algorithm should you use instead? How does that algorithm also detect when there's no answer at all?	Dijkstra finalizes a vertex's distance the moment it's popped from the heap, betting that no cheaper route can appear later; that bet is only safe because adding more non-negative edges can never decrease a distance. With a negative edge, a path discovered later could undercut a distance already declared final, but Dijkstra never revisits finalized vertices, so it silently returns a wrong answer with no crash. The fix is Bellman-Ford, which relaxes every edge `V - 1` times. It detects "no answer at all" (a negative cycle) by doing one more relaxation pass after that: if any edge can still be relaxed, a negative cycle must exist, since you could keep going around it lowering the distance forever, so no finite shortest path exists, and it raises rather than returning garbage.	03_4-graph-algorithms
Derive the `O(V + E)` running time of BFS/DFS from scratch. Account separately for the per-vertex work and the per-edge work, and explain why the visited set is essential to the bound (not just to correctness).	Per-vertex work: each vertex is marked visited and enqueued/pushed at most once (BFS marks on enqueue, DFS marks on visit), and we never re-add a visited vertex, so the queue or stack does `O(V)` total enqueue/dequeue or push/pop operations. Per-edge work: when a vertex `u` is processed, we scan its adjacency list, `deg(u)` work; summed over all vertices, `Σ deg(u) = 2E` for an undirected graph or `E` for a directed one, giving `O(E)`. Adding the two parts gives `O(V) + O(E) = O(V + E)`. The visited set is essential to the bound itself, not just correctness, because without it a cycle causes an infinite loop and even a DAG causes exponential re-exploration of shared subtrees, so it's the check that guarantees each vertex and edge is processed only a constant number of times.	03_4-graph-algorithms
Explain the cut property and how both Kruskal and Prim are instances of it. Why do the two algorithms always agree on the total MST weight even when they pick different edges?	The cut property says that for any partition of the vertices into two non-empty groups, the minimum-weight edge crossing that cut belongs to some MST, because any spanning tree must cross the cut at least once, and swapping a heavier crossing edge for the lightest one only gets cheaper. Kruskal is an instance of it because it processes edges globally from cheapest to most expensive and adds one only if it connects two currently separate components, always taking the minimum edge across the cut between those components. Prim is an instance of it because it grows a single tree and always adds the cheapest edge connecting a vertex inside the tree to one outside, which is exactly the minimum edge crossing the cut between in-tree and not-yet-in-tree vertices. They may pick different edges when weights tie, but the total MST weight is unique, so both greedy strategies, each repeatedly applying the same cut property, always converge on the same total.	03_4-graph-algorithms
What two optimizations make Union-Find nearly constant-time per operation, and what does each one actually do to the trees? What is `α(n)` and why is it "effectively constant" but not literally `O(1)`?	The two optimizations are union by rank and path compression. Union by rank attaches the shorter tree under the taller tree's root during `union`, keeping trees shallow instead of letting them grow into long chains. Path compression, during `find`, points every node along the path directly at the root, flattening the tree so future lookups are faster. Together they give an amortized cost of `O(α(n))` per operation, where `α` is the inverse Ackermann function; `α(n)` is less than 5 for any `n` that could ever be stored in a computer, so it behaves as effectively constant in practice, but it isn't literally `O(1)` because it still grows, just unimaginably slowly, as `n` increases.	03_4-graph-algorithms
Topological sort: give the intuition for both Kahn's algorithm and the DFS-finish-time approach, and explain how each one simultaneously detects a cycle. Why does a cycle make a topological order impossible in the first place?	Kahn's algorithm repeatedly outputs a vertex with indegree 0 (no unmet prerequisites), then "removes" it by decrementing its neighbors' indegrees, and repeats; it detects a cycle because vertices stuck in a cycle never reach indegree 0 and never get queued, so if the final output has fewer vertices than the graph, `len(order) != len(vertices)` signals a cycle. The DFS-finish-time approach runs DFS and prepends a vertex to the order only when it finishes (all its descendants are fully explored), which works because a vertex finishes only after everything it points to has finished, putting it correctly before them; it detects a cycle with a three-color scheme (white/gray/black), where hitting a gray vertex (still in progress, on the current path) means a back edge, i.e. a cycle. A cycle makes a topological order impossible in the first place because it creates a chicken-and-egg dependency, some vertex would have to come both before and after another, so no linear ordering can satisfy every "u before v" edge constraint.	03_4-graph-algorithms
**The two ingredients.** What are the two properties a problem must have for dynamic programming to apply? Explain why merge sort has one but not the other, and what that means (D&C vs DP). Give one example of a problem that *lacks* optimal substructure.	A DP problem needs **optimal substructure** (the optimal solution to the whole can be built from optimal solutions to its parts) and **overlapping subproblems** (a naive recursion would solve the same subproblem many times). Merge sort has optimal substructure, since sorted halves merge cleanly, but it lacks overlapping subproblems: the two halves are disjoint and never share work, so caching buys nothing. That's why merge sort is divide and conquer, not DP, it splits and combines without ever recomputing the same subproblem. An example that lacks optimal substructure entirely is the longest simple path (no repeated vertices): gluing two longest sub-paths might revisit a vertex, so plain DP doesn't apply, and the problem is actually NP-hard.	03_5-dynamic-programming
**Memoization vs tabulation.** Describe both styles using Fibonacci. Which is "lazy" and which is "eager"? Name one concrete advantage and one disadvantage of each. They share the same Big-O, so what actually drives the choice between them in practice?	**Memoization** (top-down) writes the recursion exactly as the math reads: `fib_memo(n)` checks a cache before computing a value and stores it after, so it only ever computes states actually reachable from the answer. **Tabulation** (bottom-up), `fib_tab(n)`, allocates a table and fills it iteratively from the base cases up to `fib(n)`, computing every cell in range. Memoization is lazy; tabulation is eager. Memoization stays closest to the recurrence and is easy to write, but carries recursion overhead and risks stack overflow on deep chains; tabulation avoids recursion and stack limits and is often easier to space-optimize, but you have to reason about fill order and may compute cells you didn't strictly need. Since both are the same Big-O, the choice in practice comes down to taste and constraints, like recursion depth limits or how easily you want to space-optimize afterward.	03_5-dynamic-programming
**The recipe.** List the four parts of defining a DP solution (state, transition, base cases, answer). For coin-change-min, write out all four in one sentence each. Why is writing the *state* as a precise English sentence the single most important step?	The four parts are: **define the state precisely** (what `dp[i]` means as an English sentence), **write the transition** (how to compute `dp[i]` from smaller states), **nail the base cases** (the smallest states answerable with no recursion), and **identify the answer** (which cell holds the final result). For coin-change-min: the state is `dp[a]` = the minimum number of coins needed to make amount `a`; the transition is `dp[a] = min(dp[a-c] + 1 for c in coins if c <= a)`; the base case is `dp[0] = 0`; and the answer is `dp[amount]`, or -1 if it's still the infinity sentinel. Writing the state as a precise English sentence is the single most important step because a vague state definition guarantees a buggy recurrence, you can't correctly write a transition for something you haven't defined exactly.	03_5-dynamic-programming
**Knapsack iteration direction.** In the 1D rolling-array version of 0/1 knapsack, why must you iterate the capacity from high to low? What problem would you accidentally solve if you went low to high instead? Connect this to the meaning of "each item used at most once."	You must iterate capacity from high to low because going low to high would let `dp[w - wi]` already reflect an update made earlier in that same item's pass, effectively letting the algorithm use the item twice within one pass. That mistake silently solves the **unbounded knapsack** instead, where each item can be taken infinitely many times, rather than 0/1 knapsack. Iterating right to left keeps `dp[w - wi]` referring to the previous item's value (equivalent to the untouched `dp[i-1]` row in the 2D version), which is exactly what "each item used at most once" requires: the current item's own take-decision must never feed back into itself.	03_5-dynamic-programming
**Space optimization, generally.** What property of a recurrence tells you that you can throw away old rows/columns and shrink space (e.g., Fibonacci `O(n)`→`O(1)`, knapsack `O(nW)`→`O(W)`)? Why can't you do this for LCS *reconstruction* even though you can for LCS *length*?	You can shrink space whenever the recurrence only reaches back a constant, limited distance: if `dp[i]` only depends on a fixed number of previous rows or cells, not the whole table, you can discard older rows once they're no longer needed. That's why Fibonacci, which only looks back two values, collapses from `O(n)` to `O(1)`, and why 0/1 knapsack, where `dp[i]` only depends on row `dp[i-1]`, collapses from `O(nW)` to `O(W)`. LCS length can be rolled the same way since each cell only needs the row above and the current row. Reconstruction can't use this trick, though, because recovering the actual subsequence means walking the table backward and replaying every decision from `dp[n][m]` back to `dp[0][0]`, which requires the full table of past cells still being present, not just the most recent row.	03_5-dynamic-programming
**LIS two ways.** Explain the `O(n²)` LIS state ("longest subsequence ending at `i`") and why that framing is necessary for a clean transition. Then explain what the `tails` array means in the `O(n log n)` version, and why `tails` correctly tracks the LIS *length* even though it might not be an actual increasing subsequence of the input.	In the `O(n²)` version, `dp[i]` means the length of the longest increasing subsequence that ends exactly at index `i` and includes `nums[i]`. That framing is necessary because if you instead defined `dp[i]` as "LIS in `nums[:i]`" you'd lose track of what the last element was, so you couldn't write a clean transition; "ends at `i`" lets you check `nums[j] < nums[i]` for every earlier `j` and extend `dp[j] + 1`. In the `O(n log n)` patience-sorting version, `tails[k]` is the smallest possible tail value of any increasing subsequence of length `k+1` seen so far, and the array's length at the end is the LIS length. `tails` correctly tracks the length even though it may not be a real increasing subsequence of the input because keeping each length's tail as small as possible only ever maximizes future extension options, an overwrite trades in a smaller tail for the same length without destroying any longer subsequence already found, so the count of distinct lengths achieved stays accurate even as the recorded values drift away from any single real subsequence.	03_5-dynamic-programming
What two properties must a problem have for greedy to be provably optimal, and what is an exchange argument? (Greedy-choice property + optimal substructure; an exchange argument transforms an arbitrary optimal solution into the greedy one by swapping choices without increasing cost, proving greedy is at least as good.)	Greedy is provably optimal when a problem has the **greedy-choice property** (there exists a globally optimal solution that agrees with greedy's first choice) and **optimal substructure** (after committing to the greedy choice, what remains is a smaller instance of the same problem, and an optimal solution to the whole contains an optimal solution to that subproblem). The tool used to prove the greedy-choice property is the **exchange argument**: take any optimal solution and show you can swap one of its choices for the greedy choice without making it worse, then repeat until the arbitrary optimum has been transformed into the greedy solution, which proves greedy is at least as good.	03_6-greedy-and-backtracking
Give a concrete input where greedy coin change is wrong, and explain why it fails. (Coins `{1,3,4}`, amount `6`: greedy takes `4+1+1=3` coins, optimum is `3+3=2`. Greedy can't see that skipping the locally biggest coin enables a better total, since the choice's value depends on the future.)	With coins `{1,3,4}` and amount `6`, greedy takes the largest coin that fits at each step: 4, then 1, then 1, for `4+1+1=3` coins total. The true optimum is `3+3=2` coins. Greedy fails because it grabs the locally biggest coin without seeing that skipping it would enable a better total, the value of a choice depends on the future, and greedy never looks back to reconsider.	03_6-greedy-and-backtracking
In Huffman coding, why do we always merge the two least-frequent nodes, and why is the resulting code prefix-free? (Merging the rarest two pushes them deepest, giving the longest codes to the rarest symbols, minimizing `Σ freq×depth`. It's prefix-free because every symbol is a leaf, so no symbol's root-to-leaf path is a prefix of another's.)	Huffman always merges the two least-frequent nodes because doing so pushes them deepest in the tree, and since cost is `Σ frequency × depth`, giving the longest codes to the rarest symbols minimizes total cost. This is justified by an exchange argument: if an optimal tree put a higher-frequency symbol deeper than the two rarest, swapping it with one of them would decrease total cost, contradicting optimality, so the two rarest symbols can always be made siblings at the deepest level. The resulting code is prefix-free because every symbol sits at a leaf and a code is just the root-to-leaf path (left = 0, right = 1); since no leaf lies on the path to another leaf, no symbol's code can be a prefix of another's.	03_6-greedy-and-backtracking
Describe the three steps of the backtracking framework, and why "un-choose" is critical. (Choose a candidate, recursively explore, then un-choose to restore state. Un-choose must perfectly reverse choose; otherwise sibling branches inherit corrupted shared state, the most common backtracking bug.)	The backtracking framework is choose, explore, un-choose: pick a candidate from the current state, recursively explore the resulting state, then un-choose to restore the state before trying the next candidate. Un-choose is critical because it must perfectly reverse choose; if `make` mutates shared state and `undo` doesn't restore it exactly, sibling branches inherit corrupted state, which the chapter calls the #1 source of backtracking bugs.	03_6-greedy-and-backtracking
In N-Queens and Sudoku, where exactly does pruning happen, and roughly how much does it save? (N-Queens: skipping any column/diagonal already attacked turns `8⁸≈16M` placements into a few thousand nodes. Sudoku: `is_valid_move` rejects digits violating row/column/box before recursing, turning `9⁸¹` possibilities into milliseconds.)	In N-Queens, pruning happens in the validity check inside the column loop: any column or diagonal already attacked (tracked via the `cols`, `diag1`, `diag2` sets) is skipped before recursing, so the search never descends into a doomed branch. Without that pruning, 8-Queens would require `8⁸ ≈ 16M` placements; with column and diagonal pruning it explores only a few thousand nodes. In Sudoku, pruning happens in `is_valid_move`, which rejects any digit that violates its row, column, or 3×3 box before it's placed and recursed into. That turns a blank board's up to `9⁸¹` possible fillings into a puzzle solved in milliseconds, since most branches die immediately.	03_6-greedy-and-backtracking
How does branch-and-bound extend backtracking, and what does the bound let you do? (It adds an optimistic bound on the best solution reachable from a partial state plus an incumbent best-so-far; if a node's bound can't beat the incumbent, the entire subtree is pruned. This is how exponential optimization problems like 0/1 knapsack and TSP become tractable on real inputs.)	Branch-and-bound extends backtracking by adding a **bound**: at every partial solution it cheaply computes an optimistic estimate (an upper bound for maximization, lower bound for minimization) of the best complete solution reachable from that node, while tracking the best complete solution found so far, the **incumbent**. If a node's bound can't beat the incumbent, the entire subtree is pruned because it cannot possibly do better. This is the same pruning philosophy as backtracking's validity check, but driven by cost potential instead of feasibility, and it's how exponential optimization problems like 0/1 knapsack and TSP become tractable in practice: still exponential worst case, but the bound slashes the search dramatically on real inputs.	03_6-greedy-and-backtracking
**State Little's Law and derive it.** Then: a service measures average latency 50 ms and 400 concurrent in-flight requests, what's its throughput, and what does it need to double throughput at constant latency?	Little's Law states `L = λ · W`, where `L` is the average number of items in the system (concurrency), `λ` is the average arrival rate (throughput when stable), and `W` is the average time an item spends in the system (latency). It holds for any stable system: over a window of length `T`, the time-average number in system is the area under the "number in system" curve divided by `T`, which equals `(ΣW_i)/T`; since `λ = N/T` and `W = (ΣW_i)/N`, substituting gives `L = (N/T)·(ΣW_i/N) = λ·W`, no distributional assumptions needed. With `W = 0.05 s` and `L = 400`, throughput is `λ = L/W = 400/0.05 = 8,000 req/s`. To double throughput to 16,000 req/s while holding `W = 0.05 s`, the system needs `L = λW = 16,000 × 0.05 = 800` concurrent in-flight requests, meaning the worker/connection pool (and downstream capacity) must support 800 at once, double the current 400, or requests will just queue and latency will balloon past 50 ms.	09_1-scalability-fundamentals
**Why does the average latency "lie"?** Construct a 10-sample dataset where the mean is higher than 9 of the 10 samples, and explain what p50/p95/p99 each tell you. Then explain the tail-at-scale math: if one backend has p99=1% and a page fans out to 50 calls, what fraction of pages are slow?	Use the chapter's dataset: `10, 12, 11, 13, 10, 12, 11, 14, 12, 900` (ms). The mean is `(105 + 900)/10 = 100.5 ms`, which is higher than 9 of the 10 individual samples (only the 900 ms outlier exceeds it), so the average describes nobody. **p50 (median)** ≈ 12 ms, the typical request's experience; **p95** marks where the "unlucky" 5% begins; **p99** ≈ 900 ms is the tail, the roughly 1% of requests that wait nearly a second. For the fan-out math, if one backend has `p99 = 1%` chance of being slow and a page makes 50 such calls, `P(page slow) = 1 - (1-0.01)^50 = 1 - 0.99^50 ≈ 1 - 0.605 = 0.395`, so about **39.5%** of page loads hit at least one slow call, turning a rare 1% leaf event into a common page-level experience.	09_1-scalability-fundamentals
**Availability multiplication.** Four services in series at 99.99%, 99.95%, 99.9%, 99.9%, what's the combined availability, and is it better or worse than the weakest link? Then show how two 99% replicas in parallel reach four nines, and state the key assumption that can break that math.	In series, availabilities multiply: `A = 0.9999 · 0.9995 · 0.999 · 0.999 = 0.9974 ≈ 99.74%`, which is worse than the weakest single link (99.9%), because every additional hop in a chain subtracts nines. In parallel, unavailabilities multiply instead: with two independent 99% replicas, `A = 1 - (1-0.99)^2 = 1 - 0.0001 = 0.9999 = 99.99%`, four nines from two mediocre boxes. The key assumption is that the replicas fail **independently**; if they share a failure domain (same rack/power supply, same region/fiber, same bad deploy), the `(1-A)^N` term no longer holds and correlated failures collapse the gain, so real redundancy requires spreading replicas across failure domains (zones, regions, deploy waves).	09_1-scalability-fundamentals
**Vertical vs horizontal, stateless vs stateful.** Why is statelessness a prerequisite for easy horizontal scaling and autoscaling? Where should session state live instead?	A service is stateless if any instance can handle any request because it keeps no per-client data in local memory between requests; that's what lets a load balancer send a request to *any* node and lets you add or remove nodes freely, which is exactly what horizontal scaling and autoscaling require. If a node holds session state in local RAM instead, the load balancer must pin that user to that specific node (sticky sessions), and if the node dies, the user's session is lost. So session/JWT and cache state should live in a shared store like Redis or the database, so nodes are "cattle, not pets" and any node can serve any request.	09_1-scalability-fundamentals
**Numbers to know.** Roughly how much slower is a cross-country network round trip than a main-memory read? Use that ratio to justify (a) caching in RAM and (b) using a CDN.	Main memory (RAM) reference is ~100 ns, while a cross-country round trip (CA ↔ Netherlands) is ~150 ms, a gap of about **1.5 million times**. (a) That ratio is why caching in RAM is the single biggest performance lever: anytime you can answer a request from memory instead of going over the network, you save on the order of a million-fold in latency. (b) A CDN exists because no amount of CPU fixes geography, the ~150 ms round trip is a speed-of-light tax; instead of making the origin server faster, a CDN puts cached copies physically closer to users at edge POPs, cutting a 300 ms round trip (e.g., Sydney to Virginia) down to ~10 ms (Sydney to a local edge).	09_1-scalability-fundamentals
**Capacity drill.** A service has 20M DAU, each making 30 requests/day, read:write = 9:1, 2 KB per response. Estimate average and peak (3×) QPS, and peak egress bandwidth in Gbps. Then decide: is a CDN warranted?	Requests/day = 20M × 30 = 600M/day. `QPS_avg = 600e6 / 86,400 ≈ 6,944 QPS`; with a 3× peak factor, `QPS_peak ≈ 20,800 QPS`. At a 9:1 read:write split, peak read QPS ≈ 0.9 × 20,800 ≈ 18,750, so peak egress bandwidth ≈ `18,750 × 2 KB = 37.5 MB/s ≈ 0.3 Gbps`. That's far below the multi-Gbps egress that "screams CDN" for bandwidth reasons alone, so a CDN isn't forced by raw egress here; it would only be clearly warranted if a meaningful share of these responses are public/cacheable (shared market data, static assets) rather than personalized per-user data, since a CDN can't offload responses that must be computed per user.	09_1-scalability-fundamentals
**The cost gap + locality.** Why does a small cache capture most of the traffic? Define temporal locality, spatial locality, and popularity skew, and connect them to why LRU is a sane default eviction policy.	A small cache captures most traffic because of the enormous cost gap between fast and slow layers (RAM ~100 ns vs. a cross-country round trip ~150 ms, up to 1.5 million× faster) combined with the fact that real workloads are not uniform. **Temporal locality** means something accessed recently is likely accessed again soon (a trending ticker); **spatial locality** means data near recently-accessed data is likely needed next (adjacent rows/bytes); **popularity skew** (Zipf/80-20) means a small fraction of items get the overwhelming majority of requests, often ~20% of keys serve ~80% of traffic. Because traffic is this lopsided, a small cache holding just the hot set intercepts most requests. LRU is a sane default because it directly exploits temporal locality: it evicts the item unused longest, which matches skewed workloads where hot items tend to stay hot.	09_2-caching-and-cdn
**Hit-rate math.** With T_cache=2 ms and T_source=150 ms, compute the effective average latency at 80%, 95%, and 99% hit rate. Explain why the jump from 95%→99% still matters so much.	Using `T_avg ≈ h·T_cache + (1-h)·(T_cache + T_source)`: at `h=0.80`, `T_avg = 0.8·2 + 0.2·152 = 1.6 + 30.4 = 32 ms`; at `h=0.95`, `T_avg = 0.95·2 + 0.05·152 = 1.9 + 7.6 = 9.5 ms`; at `h=0.99`, `T_avg = 0.99·2 + 0.01·152 = 1.98 + 1.52 = 3.5 ms`. Going from 95% to 99% hit rate still cuts latency by roughly `9.5/3.5 ≈ 2.7×` because the misses dominate the average: since `T_source >> T_cache`, the `(1-h)·T_source` term controls the result, and shrinking the miss rate from 5% to 1% is a 5× reduction in that dominant term, which is why chasing the last few percent of hit rate is worth real engineering effort.	09_2-caching-and-cdn
**Strategies.** Contrast cache-aside, write-through, write-back, and write-around. For NYX's write-once-rarely-read audit logs, which fits and why? For a hot view-counter? For data that must never be read stale?	**Cache-aside** (the default): the app reads from cache, falls back to the DB on miss and populates the cache, and on write deletes (not updates) the key, simple, cache failure just means slower, but a race is possible on concurrent read-miss-write. **Write-through**: every write goes to cache and DB synchronously, so the cache is always consistent and reads never see stale data, at the cost of higher write latency and possibly caching data no one reads. **Write-back**: writes hit the cache immediately and are flushed to the DB asynchronously, very fast and batchable, but risks data loss if the cache dies before flush. **Write-around**: writes go straight to the DB, skipping the cache, so write-once/rarely-read data doesn't pollute the cache, at the cost of a guaranteed miss on the first read after write. For NYX's write-once-rarely-read audit logs, **write-around** fits, since caching them on write would just churn the cache for data nobody reads. For a hot view-counter, **write-back** fits, coalescing thousands of increments/sec and flushing periodically since some loss is tolerable. For data that must never be read stale (like an account balance), **write-through** fits, since it keeps the cache in lockstep with the DB on every write.	09_2-caching-and-cdn
**Invalidation & stampede.** Why is invalidation "one of the two hard things"? Describe a cache stampede and give two distinct mitigations, explaining how each reduces source load. Why do content-hashed filenames make static-asset invalidation a non-problem?	Invalidation is hard because the cache is a copy, and the moment the source changes, that copy becomes a lie; explicit invalidation requires finding *every* affected key, including derived/aggregate keys across nodes, and missing one leaves stale data forever, every approach trades freshness vs. complexity vs. write cost, with no free lunch (Phil Karlton's "two hard things"). A **cache stampede** happens when a hot key expires (or the cache restarts cold) and thousands of concurrent requests all miss simultaneously and all hammer the source to recompute the same value, e.g. 10,000 concurrent misses on one key, which can make the DB fall over. Two mitigations: **single-flight/locking**, where only the first miss recomputes and everyone else waits for that result, collapsing N recomputes into 1; and **stale-while-revalidate**, where readers get served the just-expired value while one background task refreshes it, so the source sees exactly one recompute instead of a burst. Content-hashed filenames (`app.9f3c2.js`) sidestep invalidation entirely for static assets because a new deploy produces a new hash and thus a new URL, so the old cached copy never needs to be invalidated, it just becomes irrelevant while the immutable, year-long `max-age` copy sits harmlessly in caches.	09_2-caching-and-cdn
**LRU internals.** Why do we need *both* a hashmap and a doubly linked list to get O(1) get *and* put? What does each structure give us, and what breaks if we drop one?	The hashmap gives O(1) lookup from `key → node`, while the doubly linked list gives O(1) move-to-front (to mark an item most-recently-used) and O(1) eviction from the tail (the least-recently-used item), with the head as MRU and the tail as LRU. If you drop the hashmap, `get`/`put` have no fast way to locate a node by key and degrade to an O(n) scan of the list. If you drop the linked list, the hashmap alone has no notion of recency order, so finding the least-recently-used item to evict, or reordering on access, requires an O(n) scan. Only the combination, hashmap for instant lookup plus linked list for instant reordering and eviction, gets both `get` and `put` to O(1).	09_2-caching-and-cdn
**CDN reasoning.** Explain how a CDN beats a problem that more CPU can't solve. What is a "cache key," and how can a bad cache key either tank your hit rate or leak one user's data to another? When would you choose `Cache-Control: private, no-store`?	A CDN beats the speed-of-light tax on a cross-country/ocean round trip (~150 ms), a problem no origin CPU upgrade can fix, by physically placing cached content at edge POPs near users, e.g. a Sydney user gets a ~10 ms round trip to a local edge instead of a ~300 ms round trip to an origin in Virginia. A **cache key** is what the cache uses to identify a request, typically the URL plus selected headers/query params. If the key is too narrow, ignoring things like query-param order (`?id=AAPL&debug=1` vs `?debug=1&id=AAPL`), logically identical requests get treated as different, tanking the hit rate; if the key is too broad, ignoring a dimension that actually changes the response (like a user/auth cookie for personalized content), the edge can serve user A's cached response to user B, a real data leak. You'd choose `Cache-Control: private, no-store` for personalized or secret responses that must never be cached anywhere shared, e.g. anything containing `Set-Cookie` or per-user account data.	09_2-caching-and-cdn
**Cache sizing.** Given a working set, item size, and overhead, walk through computing the provisioned Redis memory, and explain why "buy more than you think" is usually the right call for cache memory.	Following the chapter's worked example: raw value size = working_set_items × item_size (e.g. 5,000 tickers × 4 KB ≈ 20 MB); add per-key overhead for the key string, `dictEntry`, object header, expiry entry, and allocator rounding (~50-100 B/key, e.g. 5,000 × 90 B ≈ 0.45 MB), giving a subtotal (~20.45 MB); then apply a headroom factor (~1.5×) to cover memory-allocator fragmentation, hot/cold churn, and safety margin so Redis never runs near 100% full, yielding a provisioned figure (~31 MB) that you'd round up to a sensible instance size (e.g. 256 MB). "Buy more than you think" is right because RAM is cheap relative to the cost of a hit-rate cliff, if the cache is undersized and starts evicting hot keys, you get latency spikes and on-call pages, so a few hundred extra MB of RAM is trivial compared to the engineer-hours lost when the cache thrashes.	09_2-caching-and-cdn
**Interview pitch.** In one paragraph, design the caching for a read-heavy endpoint at 50k QPS: state hit-rate target and resulting origin load, strategy, TTL justification, invalidation, and stampede protection.	It's read-heavy with popularity skew, so target roughly a 95% hit rate, which brings origin load from 50,000 QPS down to about 2,500 QPS, a survivable number instead of one that melts the DB. Use cache-aside in Redis with LRU eviction (the default for read-heavy workloads that tolerate slight staleness), with a TTL set from the business's acceptable staleness window (short, jittered so co-cached keys don't all expire in the same instant and cause a synchronized miss storm). Invalidate by delete-on-write rather than update-on-write, since updating on write races under concurrency and can leave the cache stuck on an older value. Add single-flight locking on hot keys so a TTL expiry collapses thousands of concurrent misses into a single recompute instead of stampeding the origin.	09_2-caching-and-cdn
**L4 vs L7.** What can an L7 load balancer do that an L4 one fundamentally cannot? Give a concrete NYX routing example that *requires* L7, and one case where L4 is the better choice.	An L7 LB terminates the connection and parses HTTP, so it can route on content: URL path, Host header, cookies, method, headers, body, and can do TLS termination and per-request retries. An L4 LB only sees source/dest IP, port, and TCP flags, it forwards packets/connections without looking inside them, so it fundamentally cannot make a decision based on what's in the request. NYX example requiring L7: routing `/api/v1/quotes` to one service and `/api/v1/reports` to another while terminating TLS centrally, that decision depends on the URL path, which L4 never sees. L4 is the better choice for something like a TCP proxy in front of a Postgres replica pool, where you want protocol-agnostic, low-overhead forwarding with no HTTP parsing.	09_3-load-balancing-proxies
**Algorithms.** When does round-robin distribute load badly, and how does least-connections (or power-of-two-choices) fix it? Walk through it using the slow-node example from `mini_lb.py`.	Round-robin distributes badly when request cost varies, it hands out requests 1, 2, 3, 1, 2, 3... blind to how loaded each node actually is, so slow requests can pile up on one node while others sit idle. In `mini_lb.py`, three backends are created with `fast-1` and `fast-2` at `base_latency=0.01` and `slow-3` intentionally 3x slower at `0.03`. `RoundRobin` sends equal request counts to `slow-3` regardless of its load, so requests queue there and total wall time suffers. `LeastConnections` and `PowerOfTwo` instead check each backend's `active` in-flight count and route new requests away from `slow-3` once it's accumulating connections, steering more traffic to `fast-1`/`fast-2` and finishing the same batch faster.	09_3-load-balancing-proxies
**Consistent hashing.** Why is `hash(key) % N` a disaster when N changes? Explain how consistent hashing with virtual nodes limits key movement to ~K/N, and name two systems that rely on it.	`hash(key) % N` is a disaster when N changes because a key stays put only if `hash % N_old == hash % N_new`, and since the moduli are nearly independent almost every key remaps. The chapter's own numbers: with `K=1,000,000` keys and `N=4` nodes, adding a 5th node moves `K × (1 − 1/5) = 800,000` keys (80%), a cache stampede caused just by adding capacity. Consistent hashing maps servers and keys onto a circular ring; a key belongs to the first server clockwise from its hash, so adding or removing a server only steals/returns the arc near its own ring position, moving on average `K/N` keys, in the same example only `1,000,000 × 1/5 = 200,000` keys (20%), a 4x improvement. Virtual nodes (100-200 per physical server) smooth out uneven arcs so no single server gets clumped with too much or too little of the ring. Memcached client sharding and Cassandra/DynamoDB partitioning (and Envoy's ring-hash LB) all rely on this.	09_3-load-balancing-proxies
**Sticky vs stateless.** Why are sticky sessions a liability for availability, load distribution, and autoscaling? Where should session state live so the LB can use plain round-robin?	Sticky sessions pin a client to one backend (via cookie or IP hash) so that backend's local session RAM stays valid. That's a liability for availability because the pinned node becomes a single point of failure for those users, if it dies they're logged out; for load distribution because sticky users pile up unevenly on whichever nodes they first landed on; and for autoscaling because you can't freely drain, replace, or rebalance a node without disrupting its pinned users' sessions. Session state should live in a shared store, Redis, a signed JWT, or a DB, so that any node can serve any request and the LB can use plain round-robin or least-connections. For NYX, sessions/JWTs and live state live in Redis and the app tier is fully stateless, so stickiness is never needed for correctness.	09_3-load-balancing-proxies
**The three proxies.** Distinguish forward proxy, reverse proxy, and API gateway by *who they act on behalf of*. Which is a load balancer most like, and what extra responsibilities turn a reverse proxy into an API gateway?	A forward proxy sits in front of clients and acts on behalf of the client, hiding client identity and enforcing egress policy (a corporate web filter, Squid). A reverse proxy sits in front of servers and acts on behalf of the server, hiding backend topology, terminating TLS, caching, and load-balancing (nginx, Varnish, Envoy). An API gateway is a reverse proxy that has also taken on cross-cutting API concerns: authn/authz, rate limiting, request transformation, routing/aggregation, API keys, quotas, versioning, and observability (Kong, AWS API Gateway). A load balancer is most like a reverse proxy, an L7 LB *is* a reverse proxy whose main job is distribution; adding those extra policy responsibilities is exactly what turns a plain reverse proxy into an API gateway.	09_3-load-balancing-proxies
**Health & autoscaling.** Differentiate liveness from readiness, and passive from active health checks. Why does connection draining matter during a deploy? Why should autoscaling thresholds leave headroom, tying back to the utilization math from Chapter 9.1?	Liveness asks "is the process alive, should it be restarted?" and should depend on nothing external, so a DB outage doesn't trigger pointless restarts of otherwise healthy processes. Readiness asks "can I serve traffic right now?" and does consider dependencies, a node that can't reach Postgres or Redis should be pulled from the LB but not killed. Passive health checks observe real traffic and mark a backend down after repeated errors/timeouts, free but reactive, it only catches a bad node once real users hit it; active health checks proactively probe a dedicated endpoint like `/healthz` on an interval, N consecutive failures marks it down and M consecutive successes marks it back up. Connection draining matters during a deploy because killing a node with in-flight requests turns every deploy into a burst of 5xx errors and dropped connections; draining means deregister, stop new traffic, let in-flight requests finish, then terminate. Autoscaling thresholds should leave headroom because scaling has lag (new instances take seconds-to-minutes to become ready), and per Chapter 9.1's utilization math you want steady-state around 50-70% so a sudden spike doesn't push the system toward the queueing cliff before new capacity arrives.	09_3-load-balancing-proxies
**Making the LB itself HA.** Your app tier is redundant but the LB is one box. Explain why that's still a single point of failure and give three ways to make the load balancer itself highly available, with a tradeoff for each.	A redundant app tier doesn't help if the LB is a single box, because if that one box (or its host, process, or network path) dies, clients can no longer reach any of the healthy app nodes behind it, the whole service goes down regardless of app-tier redundancy. Three fixes: (1) run the LB as an HA pair, active/passive sharing a floating/virtual IP via VRRP-style failover, or active/active, tradeoff: failover takes a few seconds and the standby sits mostly idle. (2) Put multiple LB IPs behind DNS failover, tradeoff: client failover is bounded by DNS TTL, so a dead LB keeps getting hit until cached answers expire. (3) Use anycast, announcing one IP from multiple locations via BGP, tradeoff: near-instant failover but requires control of IP space and BGP, in practice this means using a managed cloud/global LB rather than rolling it yourself.	09_3-load-balancing-proxies
**Sizing.** Given a peak QPS, a safe per-node capacity, an N+2 redundancy requirement, and a 70% utilization ceiling, walk through computing the number of nodes, and explain why "peak ÷ capacity" alone is the wrong answer.	Using the chapter's own numbers: `Q_peak=9,000 req/s`, safe per-node capacity `C=1,500 req/s`. Step 1, base nodes: `N_base = ceil(Q_peak/C) = ceil(9,000/1,500) = 6`. Step 2, add N+2 redundancy: `N_total = N_base + 2 = 8`, and verify the failure case, losing 2 of 8 leaves 6 × 1,500 = 9,000, exactly covers peak. Step 3, check steady-state utilization with all 8 up: `9,000/8 = 1,125` per node, `1,125/1,500 = 75%`, too hot for a spiky workload, so bump to 9 nodes, giving `9,000/9 ≈ 1,000` per node (67% utilization) while still surviving 2 losses (7 × 1,500 = 10,500 ≥ 9,000). "Peak ÷ capacity" alone is wrong because it yields a fleet with zero slack: it doesn't survive any node loss (no redundancy) and leaves no headroom for spikes or autoscaling lag, the real formula is `ceil(peak/safe_capacity) + redundancy`, then verify the post-failure fleet still covers peak and the steady-state utilization leaves room.	09_3-load-balancing-proxies
**Why limit?** Give the four reasons to rate-limit, and tie "protection" back to the utilization/queueing math from Chapter 9.1, what specifically goes wrong without a limiter under a traffic spike?	The four reasons: (1) protection/stability, (2) fairness/multi-tenancy so one noisy tenant can't starve everyone else, (3) cost control on downstream calls (third-party market-data APIs, LLM tokens, egress), and (4) security/abuse, throttling login attempts, signups, password resets, OTP sends. For protection, tying back to Chapter 9.1: as utilization approaches 100%, latency explodes for everyone, the queueing cliff. Without a limiter, a bug, a retry storm, a scraper, or a DDoS can drive QPS past what the system can serve, and that excess doesn't just hurt the offending source, it drags latency down for every user and can make the service collapse entirely instead of degrading gracefully by shedding some requests as 429s.	09_4-rate-limiting
**Fixed window's flaw.** Demonstrate the boundary-burst problem numerically with R=10, window=60s. How do the sliding window log and sliding window counter each fix it, and what does each cost in memory?	With R=10, window=60s, a client can send 10 requests at t=59 (end of window 0) and 10 more at t=61 (start of window 1): fixed window allows all 20 in about 2 seconds, double the intended rate (the intended rate over 2s is only `R×2/60 ≈ 0.33`), because the counter reset to 0 at the boundary. Sliding window log fixes it by keeping every timestamp and dropping entries older than `now − window`: at t=61 the t=59 timestamps are still under 60s old, so it allows 10 at t=59 but rejects all 10 of the second batch, 0 at t=61, exact but costs O(R) memory per key (every timestamp in the window). Sliding window counter fixes it approximately with just two integers, current and previous window counts, weighted by remaining overlap: `estimate = curr + prev*weight`. For example at t=75s (15s into window 2) with prev=9, curr=5, weight=(60-15)/60=0.75, estimate=5+9×0.75=11.75>10, correctly rejected where a fixed window would have allowed it, cheap and nearly as accurate as the log.	09_4-rate-limiting
**Token vs leaky bucket.** State the one-line difference in their burst philosophy. For NYX's customer API (want responsive bursts but bounded average) which fits? For shaping calls to a fragile third-party vendor that needs a steady stream, which fits?	Token bucket limits the input rate but tolerates bursts, spending saved-up tokens instantly up to `capacity`; leaky bucket enforces a smooth constant output rate and absorbs bursts into a queue (adding latency), so no burst passes through. NYX's customer API, wanting responsive bursts but a bounded long-run average, fits a token bucket, the chapter's default for API limits (e.g. the "1,000 req/min" tier). Shaping calls to a fragile third-party vendor that needs a steady stream fits a leaky bucket, matching the market-data vendor guard, a shared bucket capped at the vendor's hard rate (e.g. ~100/s).	09_4-rate-limiting
**The atomicity problem.** Show the read-modify-write race between two app nodes sharing a Redis counter, and explain precisely how a Lua script eliminates it. Why is `INCR` alone insufficient for token bucket?	With a fixed-window count of 99 and limit R=100: node A does `GET` and reads 99, node B also `GET`s and reads 99 (both before either writes), both compute `99+1=100`, both `SET` 100, so both requests are allowed. The true count should be 101 and the second request should have been rejected, the limit leaked. A Lua script eliminates this because Redis executes the whole script (read tokens and timestamp, compute refill, decide, write new state) atomically in a single round trip, no other client's commands can interleave between the read and the write, so the read-refill-decide-write sequence can never race across nodes. `INCR` alone is insufficient for token bucket because the bucket needs multi-step logic, read stored tokens and last-refill timestamp, compute elapsed-time refill capped at capacity, decide, then write back both new fields, that's several dependent operations on multiple values, not a single atomic integer bump.	09_4-rate-limiting
**Where to enforce.** Lay out edge → gateway → app → downstream and what kind of limit belongs at each layer. Why layer them instead of picking one?	Edge/CDN does coarse, IP-based volumetric/DDoS shedding (e.g. a token bucket, cap≈200, ~100/s per IP), cheapest and furthest out, before requests cost any compute. API gateway/LB enforces per-API-key or per-user limits, the contracted product tier (a token bucket keyed on API key, made global via the Redis Lua script), the natural home per Chapter 9.3. The application adds per-endpoint or business-rule limits that need user context, like a guard on an expensive report-generation endpoint. A downstream guard protects a specific fragile dependency, such as a shared leaky bucket capping calls to the market-data vendor at its hard 100/s limit. Layering matters because each has a different job, key, and cost profile: the edge stops abuse before it costs compute, the gateway centralizes quotas so individual services don't reimplement them, and the app/downstream layers add context the earlier ones don't have, a request must pass all of them.	09_4-rate-limiting
**Client behavior.** What should a server send when it throttles, and what should a well-behaved client do in response? Why is jitter essential in the backoff, and how does that connect to the stampede problem from Chapter 9.2?	A throttling server should return HTTP 429 Too Many Requests with a `Retry-After` header (seconds), plus informational `X-RateLimit-Limit`, `X-RateLimit-Remaining`, and `X-RateLimit-Reset` headers. A well-behaved client should respect `Retry-After` when present, and otherwise back off with exponential delay plus jitter, `delay = min(cap, base * 2^attempt) * random(0.5, 1.0)`, capping total attempts and surfacing a clear error once they're exhausted. Jitter is essential because without it every throttled client computes the identical delay and retries at the identical instant, recreating the exact spike the limiter just shed. That's the same thundering-herd/stampede problem as Chapter 9.2, jitter spreads retries across a window so recovered load ramps up smoothly instead of the system oscillating between spike and shed.	09_4-rate-limiting
**Why async?** Give the three wins of a queue (load leveling, reliability, fan-out) with a concrete NYX example of each. What's the cost you take on, and when should work stay synchronous instead?	Load leveling: NYX's open-bell data surge lands in a queue instead of melting the processors, turning a spike into bounded delay instead of a crash. Reliability: if a consumer crashes mid-job the message isn't lost, it's redelivered, so the web request can return 'accepted' and trust the work completes. Fan-out: one event like 'trade executed' fans out to the ledger, notifications, analytics, and audit without the producer knowing or caring who consumes it. The cost is eventual consistency and complexity, since the work isn't done when you answer the user you inherit pending states, duplicate deliveries, and ordering problems. Work should stay synchronous when it must be done before you can answer the user, for example checking whether a username is taken.	09_5-message-queues
**Three shapes.** Distinguish queue, pub/sub, and stream by *who consumes and what happens after consumption*. Why is "a log is not a queue" a meaningful statement, what can a stream do that a queue fundamentally cannot?	A queue delivers each message to exactly one consumer and the message is gone once consumed, competing consumers share the load (RabbitMQ classic queue, SQS). Pub/sub delivers a copy of each message to every subscriber, a fire-and-forget broadcast usually without retention (SNS, fanout exchange). A stream is an ordered, retained, replayable log where consumers track their own offset, and consuming just advances a pointer, the data stays. 'A log is not a queue' is meaningful because in a queue consuming destroys the message, while in a log many independent consumer groups can read the same data and a brand-new consumer can replay from the beginning, something a delete-on-consume queue fundamentally cannot do.	09_5-message-queues
**Delivery semantics.** Define at-most/at-least/exactly-once. Walk through the crash scenarios that make exactly-once delivery impossible across two systems, and explain the practical workaround ("effectively once").	At-most-once delivers without confirming, so messages can be lost if the consumer crashes before processing. At-least-once keeps redelivering until the consumer acks, so nothing is lost but the same message can be processed twice. Exactly-once means delivered and processed once, no loss, no duplication, and it's very hard because processing and acknowledging are separate actions across a network you can't trust: if the consumer crashes after doing the work but before acking, the broker redelivers and the work happens twice; if it acks first and crashes before the work, the work happens zero times. You can't atomically do the side effect and ack across two systems, the broker and your DB, so true exactly-once delivery is impossible in general. The practical workaround is 'effectively once': at-least-once delivery plus idempotent processing, or exactly-once within a single system via transactions, like Kafka's transactional producer with offsets committed atomically alongside output.	09_5-message-queues
**Idempotency.** Why does at-least-once delivery force you to make handlers idempotent? Give an idempotency-key approach and a "natural idempotency" data design, and explain why `balance += 10` is dangerous under redelivery.	At-least-once delivery guarantees no message is lost but allows duplicates, since a worker can crash after doing the work but before acking, causing a redelivery, so handlers must be idempotent: doing the work twice must have the same effect as doing it once. The idempotency-key approach gives each message a unique ID, records processed IDs in a dedup table with a TTL covering the max redelivery window, and skips if already seen. Natural idempotency designs the operation itself to be safely repeatable, like `SET balance = 100`, upserts keyed by a business ID, or `INSERT ... ON CONFLICT DO NOTHING`. `balance += 10` is dangerous under redelivery because it isn't naturally repeatable, a duplicate delivery adds 10 a second time and silently corrupts the balance.	09_5-message-queues
**Reliability mechanics.** What is a poison message, and how do retries + backoff + a DLQ together keep the main queue flowing? What is backpressure, and why can't a queue fix a *sustained* producer/consumer imbalance?	A poison message is one that keeps failing, malformed or triggers a bug, and under at-least-once delivery it gets redelivered forever, blocking the queue and wasting resources. Retries with exponential backoff let transient failures recover automatically, and after N failed attempts (`maxReceiveCount`) the message moves to a dead-letter queue instead of being redelivered again, quarantining the poison so the main queue keeps flowing and giving a place to inspect, fix, and replay it later. Backpressure is the feedback that slows producers or sheds load when they persistently outpace consumers: bounded queues that reject or block producers, autoscaling consumers on lag, or rate limiting at the producer. A queue can't fix a sustained imbalance because if consumers are permanently slower than producers, the backlog grows unbounded forever, a queue only smooths transient spikes and buys time to scale consumers, it isn't a capacity solution by itself.	09_5-message-queues
**Choosing a system.** For each, RabbitMQ, Kafka, SQS standard, SQS FIFO, SNS, give the one scenario where it's the best fit. Which would you pick for NYX market-data ingestion that multiple teams replay and analyze, and why?	RabbitMQ fits a classic task queue needing rich routing and per-message ack, like job processing with complex routing rules. Kafka fits high-throughput event streaming where multiple independent consumers need the same events and you need replay or audit. SQS standard fits a zero-ops, high-throughput durable work queue on AWS where best-effort ordering is fine. SQS FIFO fits when strict ordering within a group and dedup matter, at lower throughput. SNS fits fan-out, broadcasting one event to many services, typically paired with SQS per consumer. For NYX market-data ingestion that multiple teams replay and analyze, Kafka is the pick, the chapter calls it 'textbook Kafka' because it needs huge throughput, per-symbol ordering via partitioning, and several independent consumer groups (analytics, fraud, dashboards) reading and replaying the same retained log.	09_5-message-queues
**Do the math.** For a spike of P/s for T seconds against capacity C/s: write the formulas for peak backlog and drain time, then use Little's Law to size the worker pool from a target latency. Why scale on *lag* rather than CPU?	For a spike of P events/sec over T seconds against consumer capacity C/s, peak backlog = (P − C) × T. After the spike ends and the producer drops to its normal rate P_normal, drain rate = C − P_normal and drain time = peak backlog / drain rate. Using Little's Law, `L = λ × W`, the number of concurrent worker slots needed to hold a target throughput λ at per-item processing time W is L = λ × W, so you size the pool by plugging in the throughput you must sustain and the latency each item takes. You scale on lag rather than CPU because when a downstream dependency slows down, workers spend their time idle-waiting on I/O (CPU stays low) while the backlog explodes, and consumer lag is the direct signal of whether you're actually keeping up.	09_5-message-queues
**Interview the design.** Sketch a notification pipeline (queue + idempotent workers + DLQ + autoscale-on-lag) and say one sentence of *why* at each box. Then defend why it's a queue and not Kafka.	The pipeline: the API tier writes a job and returns `202 Accepted` immediately, load leveling that decouples user latency from SMTP; the job lands in an SQS main queue; a worker pool dedupes on `notification_id` before processing, since at-least-once delivery means the same job can arrive twice; workers ack only after success (receive, dedupe-check, render, send, ack), so a crash before ack just causes a safe redelivery; failures retry with exponential backoff so transient provider errors recover automatically; after `maxReceiveCount` attempts a poison message, a bad template or invalid recipient, moves to a DLQ so it can't block everyone else's mail; and an autoscaler watches queue depth (lag), not CPU, adding workers for the Monday-digest spike since workers waiting on SMTP I/O show low CPU even as the backlog grows. It's a queue and not Kafka because this is task distribution, one notification, one send, then it's done, you want per-message retry, an easy DLQ, and simple scaling, and you don't need replay or multiple independent consumers reading the same notification, exactly the queue-vs-stream tie-breaker the chapter draws.	09_5-message-queues
**The framework.** List the 8 steps in order and explain why "estimates before architecture" matters, give an example where the QPS/storage math *forces* a specific component (CDN, shard, or queue).	The 8 steps in order: requirements, estimates, API, data model, high-level design, deep dives, bottlenecks, tradeoffs. Estimates before architecture matters because the math, not taste, tells you which component you need, picking a database or a queue before you know QPS and storage is 'picking bricks first.' For example, the chapter's refresher shows 6,900 peak QPS reading a 50 KB object works out to about 2.8 Gbps of read bandwidth, and that number alone is what forces a CDN, not a clever app trick.	09_6-designing-systems
**Layer-to-pressure mapping.** For each bottleneck, hot reads, hot writes, geographic latency, traffic spikes, abuse, name the cheapest layer that relieves it and why.	Hot reads are relieved by a cache, and if that isn't enough, read replicas, since most systems are read-heavy and a cache absorbs read QPS so the DB isn't the bottleneck. Hot writes are relieved by sharding (split by key via consistent hashing) or a queue plus batching when writes or data size exceed one primary. Geographic latency is relieved by a CDN/edge, which kills distance and offloads static/cacheable egress. Traffic spikes are relieved by a queue plus autoscaling, absorbing the burst as backlog and draining it at a sustainable rate. Abuse is relieved by a rate limiter, protecting every other layer from overload. The recurring move is to find the bottleneck resource and apply the cheapest layer that relieves it.	09_6-designing-systems
**URL shortener.** Why base62 and how many characters do you need for 6B URLs? Why is the redirect path the thing to optimize, and what two components make it sub-millisecond and highly available? Why record clicks asynchronously?	Base62 (`[a-zA-Z0-9]`) is used because it packs many distinct, URL-safe codes into few characters. For 6 billion URLs you need 7 characters, since 62^6 ≈ 56.8 billion already covers it but 62^7 ≈ 3.52 trillion gives large headroom, and the chapter picks 7 for that margin. The redirect path is the thing to optimize because reads outnumber writes 100:1 and the redirect sits in the user's click path, demanding very low latency and high availability. Two components make it sub-millisecond and highly available: a cache (Redis, cache-aside) that serves hot links in sub-milliseconds since access is skewed (some links go viral), and a replicated key-value store behind it for misses, both redundant to push availability toward 99.99%. Clicks are recorded asynchronously, enqueued and aggregated by a worker, so recording a click never blocks or slows the hot redirect path.	09_6-designing-systems
**Feed fan-out.** Contrast fan-out on write vs read with their cost profiles. Why is fan-out on write the default here, exactly where does it break, and how does the hybrid celebrity approach fix it?	Fan-out on write (push) precomputes each follower's feed at post time, giving O(1) feed reads but expensive writes, since a celebrity with 50M followers means 50M cache writes per post. Fan-out on read (pull) stores just the post and merges followed users' recent posts at read time, cheap writes but expensive, slow reads, especially for users following many accounts. Fan-out on write is the default here because the system is read-heavy (about 5:1) and feed-read latency is the product, so precomputing makes reads instant. It breaks exactly at celebrities, pushing one post to millions of follower feeds is a write storm. The hybrid fixes it by fanning out on write for ordinary accounts via a queue and workers, but not fanning out celebrity posts at all, instead merging the user's precomputed feed with a cached pull of the few celebrities they follow at read time.	09_6-designing-systems
**Real-time analytics.** Why is the ingest path modeled as a partitioned *log* rather than a queue or a SQL primary? Why WebSockets instead of polling for live updates, and how do you keep 1.2 TB/day of raw ticks from exploding storage?	The ingest path is modeled as a partitioned log (Kafka) rather than a queue or SQL primary because peak ingest hits 500,000 events/sec, write-heavy at a scale only Kafka's sequential-disk-write throughput is built for, and because multiple independent consumers (stream processors computing bars, alerting, audit) need to read the same events with replay for reprocessing, which a delete-on-consume queue and a generic SQL primary can't offer. WebSockets are used instead of polling because thousands of clients polling every second would generate huge QPS of mostly unchanged data with seconds of staleness, while a WebSocket holds one open connection and the server pushes only when a bar actually updates, lower latency and far less load. To keep 1.2 TB/day of raw ticks from exploding storage, the system computes rolling OHLC/VWAP bars once at ingest (fan-out on write for analytics) and downsamples, keeping fine granularity (1s) only recently and rolling older data up to 1m/1h bars under a retention policy.	09_6-designing-systems
**Chat ordering & connections.** In Design D, how does partitioning the message store by `conv_id` give you per-conversation ordering for free? Why is the connection-gateway tier a separate, surprisingly large cost, and what backbone lets "deliver to user X" reach whichever node holds X's socket?	Partitioning the message store by `conv_id` (primary key `(conv_id, seq)`) puts an entire conversation in one partition, which becomes the single place that assigns the monotonic `seq`, so concurrent sends to the same conversation are serialized at that one partition and every recipient sees the same sequence, per-conversation ordering falls out for free without needing a global clock or global ordering. The connection-gateway tier is a separate, surprisingly large cost because connections are long-lived and stateful, at an assumed 25M concurrent WebSocket connections and about 10k connections per server, that's roughly 2,500 dedicated gateway nodes, far more than a stateless app tier behind a round-robin load balancer would need. A pub/sub backbone (Redis pub/sub or Kafka) lets 'deliver to user X' reach whichever gateway node currently holds X's socket, decoupling who sent a message from who holds the recipient's connection so the connection tier can scale independently of the chat service.	09_6-designing-systems
**Consistency judgment.** Give one part of NYX that must be strongly consistent and one that should be eventually consistent, and justify each using the latency/availability tradeoff. Then state the recurring system-design pattern you saw across all four designs.	NYX's trade ledger must be strongly consistent, every read has to see the latest write because trading on a stale or wrong balance is unacceptable, an invariant worth the extra coordination cost and reduced availability under a partition. NYX's dashboard analytics should be eventually consistent, a bar appearing a few hundred milliseconds to a couple seconds late is fine, and accepting that staleness buys the throughput and availability needed at scale. The recurring pattern across all four designs is finding the single bottleneck the estimates reveal and applying the cheapest layer that relieves it, often by precomputing at write time and partitioning by key to make reads cheap and get ordering for free, recombining the same small set of levers, cache, replica, shard, queue or log, CDN, pub/sub, against whatever the numbers say is breaking first.	09_6-designing-systems
**Interview mechanics.** Walk through the 45-minute time budget across the 8 steps, name three signals an interviewer is grading, and give two phrases you'd say out loud to demonstrate them.	In a 45-minute interview: requirements and scope get about 5 minutes, estimates about 5, API about 3, data model about 4, high-level design about 8, deep dives about 12 (the largest chunk, where most of the signal is), bottlenecks/scaling about 5, and tradeoffs/wrap-up about 3. Three signals interviewers grade: driving the conversation and structuring your own time, doing the math out loud and then using it, and stating tradeoffs unprompted, the strongest senior signal. Two phrases that demonstrate them: 'Let me do some quick back-of-envelope math to figure out the load,' and 'I'm optimizing for low redirect latency; the tradeoff is that I give up...' or equivalently 'The bottleneck here is going to be X; the cheapest way to relieve it is Y.'	09_6-designing-systems
**Kinematics is calculus.** Velocity is the derivative of position, acceleration the derivative of velocity. Integrate acceleration twice (for constant `a`) and you *derive* `x = x₀ + v₀t + ½at²`, no memorizing.	Velocity is the derivative of position (`v = dx/dt`) and acceleration is the derivative of velocity (`a = dv/dt = d²x/dt²`), so kinematics is just calculus applied to position over time. When acceleration is constant, integrating it once gives `v(t) = v0 + at`, and integrating again gives `x(t) = x0 + v0t + ½at²`, with the `½t²` term falling straight out of `∫t dt = ½t²`. Because this equation is derived from the definitions of velocity and acceleration rather than memorized, you can rebuild it anytime by integrating twice.	19_1-physics-for-cs
**Newton's laws.** Inertia (no force, no velocity change); `F = ma` (force causes acceleration, mass resists it); action-reaction (forces come in equal-opposite pairs, which is *why* momentum is conserved).	Newton's first law (inertia) says an object with no net force on it keeps its velocity unchanged, at rest or moving in a straight line, forever. The second law, `F = ma` (more precisely `F = dp/dt`), says force causes acceleration and mass is the resistance to that acceleration, so the same force on double the mass produces half the acceleration. The third law says every force comes in an equal and opposite pair, if A pushes B, B pushes A back just as hard, and this pairing is exactly why total momentum in a closed system is conserved: the internal force pairs cancel when summed over the whole system.	19_1-physics-for-cs
**Two bookkeeping systems for motion.** Momentum `p = mv` (force integrated over *time*, conserved in closed systems) and energy `KE = ½mv²` + PE (force integrated over *space*, conserved without friction). Both must balance; knowing which is conserved in a given collision solves it.	Momentum `p = mv` is what you get by integrating force over time (`F·Δt = Δp`, impulse), and it is conserved in any closed system because Newton's third law makes internal forces cancel in pairs. Energy, kinetic energy `KE = ½mv²` plus potential energy, is what you get by integrating force over distance (work, `W = F·d`, and `W_net = ΔKE`), and total mechanical energy is conserved when there is no friction to bleed it away as heat. Both are independent books that must balance simultaneously: in an elastic collision both momentum and energy are conserved, but in an inelastic collision, where things stick, only momentum is conserved and some kinetic energy is lost to heat or deformation. Knowing which quantity is conserved in a given situation is usually enough to solve the collision without modeling the messy details of the impact itself.	19_1-physics-for-cs
**SHM derived.** `F = −kx` plus `F = ma` gives `x'' = −(k/m)x`, whose solution is `cos(ωt)` with `ω = √(k/m)`. Anything near a potential minimum is a spring.	Combining Hooke's law (`F = −kx`) with Newton's second law (`F = ma`) gives the differential equation `x'' = −(k/m)x`, acceleration proportional to the negative of position. The functions whose second derivative equals negative themselves (times a constant) are sine and cosine, so the solution is `x(t) = A·cos(ωt + φ)` with angular frequency `ω = √(k/m)`: stiffer spring means faster oscillation, heavier mass means slower. Because any smooth potential looks like a parabola near its minimum, a parabolic potential well produces a linear restoring force and therefore SHM, which is why springs, pendulums, atoms in a crystal, and LC circuits all wiggle the same way.	19_1-physics-for-cs
**Integrators differ by their conservation behavior.** Euler injects energy and explodes on oscillators; Verlet is symplectic (bounded energy, stable forever, what games use); RK4 is highly accurate per step (great for trajectories). You *validate* any sim by plotting a conserved quantity and checking it's flat.	The three integrators differ in how honestly they handle a conserved quantity like energy on an oscillator. Explicit (forward) Euler updates position and velocity using stale values from the start of the step, which systematically injects energy each cycle so the amplitude grows and the simulation eventually explodes. Velocity Verlet is symplectic, it doesn't conserve energy exactly but keeps the error bounded forever instead of drifting, which is why it's what game engines actually use for long-running stability. RK4 samples the slope four times per step for very high per-step accuracy, with error shrinking like `dt⁵`, and is excellent for a finite-time trajectory like a spacecraft path, but it slowly leaks energy over long oscillations since it isn't symplectic. The chapter's core habit is to validate any simulation by plotting a conserved quantity, energy or momentum, and checking the line stays flat.	19_1-physics-for-cs
**EM at a usable level.** Charge → field → force (`F = qE`); voltage is electrical "height," current is charge flow, `V = IR` (Ohm); series adds resistances, Kirchhoff's laws are just conservation of charge and energy. Changing magnetic fields induce currents (generators/motors), and light is a self-propagating EM wave, the physics under every chip (17.1, 17.2) and sensor. ---	Charge creates an electric field in the space around it, and a field pushes any other charge that enters it with force `F = qE`. Voltage is electrical height or potential difference, charges roll from high to low potential the way a ball rolls downhill, and current is the resulting flow of charge; Ohm's law `V = IR` ties voltage, current, and resistance together, and in a series circuit resistances simply add. Kirchhoff's laws are nothing more than conservation of charge at a junction and conservation of energy around a loop. A changing magnetic field induces a current (Faraday's law), which is how generators and motors work as the same device run in opposite directions, and Maxwell's insight that a changing electric field makes a magnetic field and vice versa produces a self-propagating wave, light, so radio, visible light, and X-rays are all the same EM phenomenon at different frequencies. This is the physics underlying every chip and sensor discussed in 17.1 and 17.2.	19_1-physics-for-cs
**Why classical physics breaks.** Light's constant speed → relativity (fast/massive); quantization, duality, the photoelectric effect → quantum mechanics (small). Each was *forced* by an experiment classical physics declared impossible.	Classical physics broke because of experiments it declared impossible: the Michelson-Morley experiment showed light's speed is the same for every observer regardless of motion, which couldn't be reconciled with Newtonian velocity addition and forced special relativity. Separately, blackbody radiation and the photoelectric effect showed that energy comes in discrete chunks rather than a smooth continuum and that light knocks electrons loose depending on frequency, not brightness, which forced quantum mechanics. Relativity governs the very fast and very massive, quantum mechanics governs the very small, and in both cases the model had to change because reality returned a result the old theory said couldn't happen.	19_2-modern-physics-and-quantum-computing
**Relativity for engineers.** Moving clocks tick slow (`γ = 1/√(1−v²/c²)`); mass is energy (`E = mc²`); `c` is a hard speed limit. *Why you care:* GPS would fail without the correction, `c` sets a latency floor (CDNs exist because of it), and there's no universal "now" (TrueTime, consensus, CAP all live downstream).	Moving clocks tick slower than stationary ones by the Lorentz factor `γ = 1/√(1−v²/c²)`, and mass and energy are interchangeable via `E = mc²`, with `c` acting as a hard cosmic speed limit that nothing carrying mass or information can reach. This matters concretely for engineers: GPS satellites must correct for a net relativistic clock offset of about 38 microseconds per day or positions would drift roughly 11 km per day; `c` sets an unbeatable latency floor, a fiber round trip across an ocean can't drop below a fixed number of milliseconds no matter how much you spend, which is why CDNs and edge servers exist; and because relativity says there's no universal now, distributed systems concepts like Google's TrueTime, consensus protocols, and the CAP theorem all have to deal with the physical fact that perfectly synchronized clocks are impossible.	19_2-modern-physics-and-quantum-computing
**Quantum core, honestly.** Quantization (the bands of 17.1), wave-particle duality, the photoelectric effect (the solar cell / LED of 17.1), uncertainty (a real trade-off, not clumsy instruments), superposition (actually both, testable via interference), entanglement (correlated at a distance, but no faster-than-light signaling).	Quantization means energy at small scales comes in discrete steps rather than a smooth continuum, which is literally the band structure behind semiconductors in 17.1. Wave-particle duality means light and matter both show wave behavior (interference) and particle behavior (discrete photon clicks on a detector), and the photoelectric effect, light ejecting electrons only above a threshold frequency regardless of brightness, is the same physics running inside a solar cell or setting an LED's color. The uncertainty principle (`Δx·Δp ≥ ℏ/2`) is a genuine built-in trade-off in nature, not a limitation of instruments; superposition means a quantum system is actually in a combination of states at once, testable through interference rather than just we don't know which yet; and entanglement correlates two particles' outcomes at any distance without ever allowing faster-than-light signaling, since each individual measurement still looks random until you compare results over an ordinary channel.	19_2-modern-physics-and-quantum-computing
**The qubit is linear algebra.** State = unit vector `α|0⟩+β|1⟩` in ℂ² (a point on the Bloch sphere); gate = unitary matrix (X, Z, H, CNOT) applied by matrix multiply; measurement = Born rule, outcome `k` with probability `|amplitude|²`, then collapse.	A qubit's state is a unit vector `α|0⟩ + β|1⟩` in the complex vector space ℂ², which can be pictured as a point on the surface of the Bloch sphere. A gate is a unitary matrix, X, Z, H, CNOT among others, applied to that vector by ordinary matrix multiplication, and unitarity guarantees the operation is both reversible and length-preserving so probabilities keep summing to 1. Measurement follows the Born rule: outcome `k` occurs with probability `|amplitude|²`, and afterward the state collapses to that outcome, the only random, irreversible step in the whole process.	19_2-modern-physics-and-quantum-computing
**Bell state = entanglement you can compute.** `H` then `CNOT` on `|00⟩` gives `(|00⟩+|11⟩)/√2`: each qubit 50/50, but always correlated. Simulated and measured 10,000 times to *see* it.	Starting from `|00⟩`, applying a Hadamard gate to the first qubit puts it into an equal superposition, giving `(|00⟩ + |10⟩)/√2`, then applying CNOT, flipping the second qubit whenever the first is 1, turns that into the Bell state `(|00⟩ + |11⟩)/√2`. In this state each qubit measured alone is a perfect 50/50 coin, but the two outcomes always agree, only `00` or `11` ever appear, never `01` or `10`. The chapter builds this in NumPy and measures it 10,000 times, showing the histogram split evenly between `00` and `11` and the two measured bits agreeing 100% of the time, making the correlation visible rather than asserted.	19_2-modern-physics-and-quantum-computing
**Speedup, real and bounded.** Shor factors → breaks RSA (12.1) → drives post-quantum crypto migration *now*. Grover is only quadratic. Quantum simulation is the likely first payoff. NISQ hardware is small, noisy, and error correction is expensive, so the threat is real but not imminent, and the hype is mostly hype. ---	Shor's algorithm factors large numbers in polynomial time on a quantum computer, which would break RSA's security since RSA depends on factoring being classically hard, and that threat is already driving a real migration to post-quantum, lattice-based cryptography like Kyber today, because data harvested now could be decrypted later. Grover's algorithm only offers a quadratic speedup for unstructured search, which is real but modest, and it's defeated for symmetric ciphers like AES simply by using a longer key. Quantum simulation of molecules and materials is the speedup most likely to pay off first since it's a quantum computer's home turf. Today's NISQ hardware has only tens to a few hundred noisy physical qubits with error rates around 0.1-1%, and full error correction would need roughly a thousand physical qubits per reliable logical qubit, so the threat to RSA is real and worth preparing for but not imminent, and the more sweeping quantum-computing hype is not warranted yet.	19_2-modern-physics-and-quantum-computing
**What is a server, really?** A computer whose *role* is answering requests from other computers rather than a human, plus the hardware features (uptime, headless mgmt, ECC, redundancy) real servers add to play that role 24/7.	A server is defined by its role, a computer that answers requests from other computers instead of a human sitting in front of it, not by any particular hardware. The chapter notes the hardware still tends to diverge for machines meant to do that role unattended 24/7: high uptime expectations, headless operation managed entirely over the network (SSH, IPMI/BMC), ECC memory to catch silent bit-flips over months of runtime, and redundancy like dual power supplies or RAID so one failed component doesn't take the service down. A Mac mini, notably, lacks most of these server-grade features, no ECC, single PSU, no IPMI, yet still gets deployed as a server for workloads where those gaps don't matter.	22_1-mac-minis-and-server-farms
**Rent vs own, and the cost model.** Cloud converts capex→opex and sells elasticity at a markup; owning amortizes a one-time buy. Owning wins for steady-state, always-on, egress-heavy, privacy-sensitive work; cloud wins for spiky, global, managed-service-hungry, capex-averse work. You can prove which with a 3-year TCO model that includes power, your time, and egress.	Cloud converts a capital expense, buying hardware, into an operating expense, paying by the hour, and that conversion, plus elasticity, is what you're paying a markup for. Owning hardware instead amortizes a one-time purchase over years, which wins economically for workloads that are steady-state, always-on, egress-heavy (cloud egress often runs $0.05-0.09/GB, which adds up fast), or privacy-sensitive, while cloud wins for spiky, unpredictable, globally-distributed load or when you need managed services and want to avoid capex. The chapter's answer is to prove which side wins with a 3-year total-cost-of-ownership model that honestly includes electricity, egress fees, and the maintenance time you'd spend, since a naive $599-mini-vs-monthly-cloud comparison always forgets those.	22_1-mac-minis-and-server-farms
**Why Mac minis specifically.** Perf-per-watt, silent, tiny, and the **unified-memory + bandwidth** advantage that makes them shine for local LLM/ML inference, versus their real limits (no ECC/IPMI, macOS-as-server friction, Apple licensing). #1 commercial use: iOS/macOS CI build farms.	Mac minis stand out for their performance per watt, an M4 mini idles at just a few watts, their silence and small size, and especially their unified memory architecture, up to 64GB shared between CPU and GPU at around 273 GB/s on the M4 Pro, which lets a single mini hold a large quantized LLM entirely in fast memory for local inference, something a consumer GPU with only 8-24GB of VRAM often can't do. Their real limits are the flip side of being a desktop OS in a server costume: no ECC memory, no IPMI/BMC for remote power-cycling a hung machine, and Apple's licensing that only permits running macOS on Apple hardware. The single dominant commercial use of Mac minis as servers is iOS/macOS CI build farms, since Apple's license requires building and signing iOS apps on Apple hardware.	22_1-mac-minis-and-server-farms
**Building a farm.** Switch + VLANs + stable DNS (06), shared NFS storage, orchestration up the ladder (Ansible → Swarm → k3s, 10.2), load distribution (09.3), a queue-of-jobs batch scheduler, and horizontal vs tensor-parallel inference.	Building a farm starts with networking the nodes on a managed switch, never Wi-Fi, segmented into their own VLAN, with stable static IPs or DHCP reservations and local DNS names so nodes can find each other, as covered in chapter 06. Nodes need shared storage, typically an NFS export, so any node can pick up any job's data. Orchestration climbs a ladder from Ansible, pushing identical configuration to every node but not itself a scheduler, to Docker Swarm, a gentle clustering layer on top of Docker, to k3s, real lightweight Kubernetes (10.2), and once services are replicated across nodes a load balancer distributes requests (09.3). Batch work like rendering or bulk inference instead uses a queue of jobs that worker processes pull from, and distributing ML inference can be done the easy way, the same model on every node, horizontal scaling, or, only when a model truly doesn't fit on one machine, the hard way, tensor or pipeline parallelism splitting one model across nodes.	22_1-mac-minis-and-server-farms
**The ops reality (hidden cost).** Power, cooling, UPS, backups (RAID≠backup, 3-2-1), monitoring (13), security (Tailscale + default-deny, never port-forward, 12.x), redundancy, and *your time*, the line item the cheap comparison forgets.	Owning hardware carries real ongoing costs cloud hides from you: power, every always-on watt adds up over a year, cooling and noise, a UPS to survive power blips without corrupting data, and backups following the 3-2-1 rule, since RAID protects against a disk failure but is not a backup against something like a bad `rm -rf`. It also requires monitoring, a Prometheus/Grafana-style alerting setup, since nobody's walking into a server room to check if it's up, security discipline, Tailscale plus a default-deny firewall, never port-forwarding a service straight to the internet, and some level of redundancy depending on how much downtime you can tolerate. The single biggest hidden cost, though, is your own maintenance time, patching, dying fans, full disks, certificate renewals, which the naive cheap comparison always leaves out.	22_1-mac-minis-and-server-farms
**The decision framework.** Home lab vs colo vs cloud vs hybrid, and the cases where self-hosting is an outright mistake. **The one sentence:** *A server is a role, not a thing; choose rent vs own by matching the billing model to the load shape (and prove it with a cost model); Mac minis are superb owned hardware for CI build farms and local inference; and the hidden cost of owning is always your own time.* > **Where this connects:** Docker (10.1) and Kubernetes/k3s (10.2) are the orchestration; AWS (10.4) is the rent-it alternative you're now equipped to argue for *or* against; networking (06) wires the cluster; load balancing (09.3) and message queues (09.5) distribute the work; observability (13) tells you it's healthy; security (12.x) keeps it off the public internet; and ML serving (20.2) + local LLMs (20.3) are the workload that makes a 64GB Mac mini farm worth building. Next, point this lab at a real always-on workload and let project (b)'s model tell you, in numbers, whether you just made a smart bet or bought an expensive hobby.	The decision framework lays out four options: a home lab, your hardware in your home, for learning and cheap steady-state or privacy-sensitive compute; colocation, your own hardware in someone else's data center, for professional power, cooling, and bandwidth without giving up ownership; cloud for spiky, unpredictable, or globally-distributed load and managed services; and hybrid, owning the predictable baseline while bursting spikes to cloud, which is the mature answer for most real businesses. Self-hosting is a mistake specifically when the workload is customer-facing and you can't provide real on-call, when the load is too spiky to justify owned peak capacity sitting idle, when you need a managed service's durability guarantees (rebuilding S3-level durability at home is unrealistic), or when your own time is worth more spent elsewhere. The chapter's one-sentence summary: a server is a role, not a thing, the rent-vs-own choice should be settled by matching the billing model to the load shape and proving it with a cost model, Mac minis are strong owned hardware specifically for CI build farms and local inference, and the hidden cost of owning is always your own time.	22_1-mac-minis-and-server-farms
**The pipeline.** Source string → **lexer** → tokens → **parser** → AST → (24.2) execution. Compiler vs interpreter share this front end. Why have a separate token stage? Because it lets the parser reason about *categories* (`NUMBER`, `PLUS`) instead of raw characters, and it's the natural place to handle whitespace, comments, and line tracking.	The pipeline is source string, then the **lexer** turns it into tokens, then the **parser** turns those tokens into an **AST**, which chapter 24.2 executes. A compiler and an interpreter share this exact front end, they only diverge at the execution stage. A separate token stage exists because it lets the parser reason about *categories* like `NUMBER` and `PLUS` instead of raw characters, and it is the natural place to skip whitespace and comments and to track line numbers for error messages.	24_1-lexing-parsing-asts
**The lexer is a DFA.** It walks characters, and each `if`/`peek` branch is a state transition. Tokens form a *regular* language (Chapter 23.1), which is why regexes describe them. It tags tokens with type, lexeme, literal value, and line number, and appends an `EOF` sentinel.	The lexer works like a finite automaton: it walks the source string one character at a time, and every `if`/`peek` branch (like checking whether `<` is followed by `=`) is a state transition deciding what token to emit. Tokens form a *regular* language, which is why regular expressions describe them and why tools like `lex`/`flex` compile regexes straight into DFA tables. Each token the lexer produces is tagged with a type, its lexeme (the raw source text), a literal value for `NUMBER`/`STRING` tokens, and a line number, and an `EOF` sentinel is appended at the end so the parser always has one more token to look at.	24_1-lexing-parsing-asts
**Grammars and precedence.** A CFG defines the structure. Naïve grammars are *ambiguous*; the fix is **one rule per precedence level**, lowest at the top, so tighter operators end up nested deeper. Left-associativity comes from a `( ... )*` loop; right-associativity from recursing on the same rule.	A context-free grammar (CFG) defines the structure of the language, but a naive one-rule grammar for `expression` is *ambiguous*, it can derive `1 + 2 * 3` two different ways with no way to pick the correct tree. The fix is to write one grammar rule per precedence level, lowest-precedence rule at the top (`equality` -> `comparison` -> `term` -> `factor` -> `unary` -> `primary`), so reaching a tighter operator like `*` requires descending through more rules, which makes it end up nested deeper in the tree than `+`. Left-associativity comes from a `( ... )*` loop that consumes operators of the same level left to right, producing `(1 - 2) - 3` for `1 - 2 - 3`; right-associativity comes from a rule recursing into itself instead of looping, which is how unary `- - x` becomes `-(-x)`.	24_1-lexing-parsing-asts
**Recursive descent.** Each grammar rule becomes one function; rule references become function calls. It's recursion walking a grammar. **Pratt parsing** does the same job with one function plus a binding-power table, scaling to many operators.	Recursive-descent parsing maps each grammar rule to one function, and a rule that refers to another rule becomes a call to that rule's function, so the parser is literally recursion walking the grammar. **Pratt parsing** (precedence climbing) does the same job differently: instead of one function per precedence level, there is a single expression function that takes a minimum binding power and consults a table of operator precedences, looping to consume infix operators whose binding power is at least that minimum and recursing with a higher minimum so tighter operators bind first. This scales to many operators without writing a near-identical function for every precedence level.	24_1-lexing-parsing-asts
**The AST + visitor pattern.** Nodes are dumb data (`@dataclass`); every *operation* (print, type-check, interpret, compile) is a `Visitor` subclass with `visit_X` methods. This keeps nodes decoupled from operations.	AST node classes like `Literal`, `Binary`, and `Unary` are plain data holders defined with `@dataclass` and have no behavior of their own. Every *operation* you want to perform on the tree, pretty-printing, type-checking, interpreting, compiling to bytecode, is instead written as its own `Visitor` subclass with one `visit_X` method per node type, dispatched by matching the node's class name in the base `Visitor.visit` method. This keeps the node classes decoupled from operations, so adding a whole new operation such as the interpreter never requires touching a single node class.	24_1-lexing-parsing-asts
**Error handling.** Don't crash on the first mistake. Throw a `ParseError`, catch it at statement boundaries, **synchronize** by skipping to the next `;` or keyword, and collect messages with line numbers. In Chapter [24.2](./24.2-interpreters-and-vms.md) we'll take these exact AST classes and *run* them: a tree-walking interpreter with environments, scopes, functions, and closures; a simple static type checker (another visitor); and then a bytecode compiler + stack VM. The front end is done, now we make the language *come alive*.	A parser should not crash on the first mistake. When a grammar rule fails to match, the parser throws a `ParseError`, which is caught at statement boundaries; it then **synchronizes** by discarding tokens until it reaches a likely start of the next statement, a `;` or a keyword like `if`/`while`/`var`, so one bad line does not cascade into a pile of bogus follow-on errors. Errors are treated as data, collected in a list with line numbers, rather than crashing the parser, so a single pass can report multiple distinct problems. Chapter 24.2 then takes these same AST classes and runs them, building a tree-walking interpreter with environments, scopes, functions, and closures, a static type checker written as another visitor, and finally a bytecode compiler plus stack VM.	24_1-lexing-parsing-asts
**Tree-walking interpreter.** Evaluating an AST is a recursive visitor: `visit_Binary` evaluates both children and combines them. Statements perform effects (print, mutate env, branch, loop); expressions return values. The language's *semantics* (truthiness, `+` overloading, `/0` behavior, `==` strictness) are *defined* by this code.	Evaluating an AST is a recursive visitor over the tree: `visit_Binary` evaluates its left and right children and combines them, and evaluating each child just means recursing into `visit` again. Statement nodes perform effects, printing output, mutating the environment, branching, looping, while expression nodes return values. The language's actual semantics are defined entirely by this code: truthiness is a choice (only `nil` and `false` are falsy, `0` is truthy), `+` is overloaded for numeric addition and string concatenation, dividing by zero raises a caught `LoxRuntimeError` instead of crashing, and `==` is type-strict so `1.0` never equals `"1"`.	24_2-interpreters-and-vms
**Environments and scope.** An environment is `name → value` plus a pointer to the enclosing scope, a chain. `define` introduces a new binding; `assign` mutates an existing one found by walking outward. Blocks create a nested environment. This *is* lexical scoping (Python's LEGB).	An environment is a `name -> value` mapping plus a pointer to an enclosing environment, forming a chain. `define` introduces a brand-new binding in the current scope, which is what `var x = ...` does, while `assign` mutates an existing binding by walking outward through the `enclosing` chain until it finds where the name lives, which is what `x = ...` does. A `{ block }` runs its statements in a fresh `Environment(self.env)` nested in the current one, so names declared inside don't leak out and can shadow outer names. This walk-outward chain of lookups is exactly lexical scoping, the same mechanism behind Python's LEGB (local, enclosing, global, builtin) name resolution.	24_2-interpreters-and-vms
**Functions and closures.** A function value captures the environment where it was *defined* (`self.closure`); calling it makes a fresh scope nested in that closure with parameters bound. `return` unwinds via a `Return` exception caught at the function boundary. Closures stay alive because they keep their environment reachable.	A `LoxFunction` value captures the environment in which it was *defined* (`self.closure`), not the environment of whoever calls it. Calling the function creates a fresh `Environment(self.closure)` nested in that closure, binds the parameters as new definitions in it, and runs the body there. `return` is implemented by raising a `Return` exception carrying the value, which unwinds past any nested loops or `if`s and is caught specifically at the function's call boundary in `LoxFunction.call`. Closures stay alive because the returned function keeps a reference to its closure environment, which is why `makeCounter`'s `count` variable stays reachable and mutable across repeated calls even after `makeCounter` itself has already returned.	24_2-interpreters-and-vms
**Type systems.** Static (compile-time) vs dynamic (runtime); strong (few coercions) vs weak; checking (verify annotations) vs inference (deduce them). You built a static checker as a separate visitor pass, and you can sketch Hindley-Milner: type variables → constraints → unification → generalization.	Static vs dynamic typing is about *when* types are checked: static catches type errors before the program runs (C, Java, Rust), dynamic checks them at runtime as values flow (Python, JavaScript, our Lox). Strong vs weak is about *how much* implicit coercion a language allows: strong languages like Lox reject `1 + "two"`, weak languages like JavaScript silently coerce it. Type checking verifies annotations you wrote, while type inference deduces types for you without them. The chapter builds a static checker as its own `Visitor` subclass, and sketches Hindley-Milner inference as four steps: give every unknown a type variable, generate constraints from how it's used, unify those constraints to pin down concrete types (flagging a conflict as an error), and generalize whatever's left free into polymorphism.	24_2-interpreters-and-vms
**Bytecode and the VM.** Re-walking the tree is slow (re-dispatch, re-check per iteration). So compile *once* to a flat bytecode array and run a stack VM: one tight loop, a value stack, instructions that pop operands and push results (postfix = post-order traversal). Control flow becomes jumps; forward jumps need backpatching.	Re-walking the tree on every loop iteration is slow, it re-dispatches on node type, re-checks operand types, and re-recurses into children every single pass, and chasing tree pointers also hurts cache locality. The fix is to compile the AST *once* into a flat bytecode array of opcodes like `OP_ADD`, `OP_CONSTANT`, and `OP_JUMP`, then run a stack-based VM: one tight loop with an instruction pointer and a value stack, where each instruction pops its operands and pushes its result. This operand-then-operator order is postfix notation, which is exactly a post-order traversal of the AST, so the compiler is itself a recursive visitor that emits instructions instead of computing values. Control flow like `if`/`while` becomes conditional and unconditional jumps over the flat array; forward jumps don't yet know their target distance, so they're emitted with a placeholder and backpatched once the target location is compiled.	24_2-interpreters-and-vms
**GC and optimization.** A real VM needs garbage collection (reference counting + cycle detection, or tracing mark-and-sweep). Bytecode enables optimizations like constant folding (compute constant subexpressions at compile time).	A real VM cannot lean on a host language's garbage collector and must manage its own heap, using either reference counting (each object tracks how many references point at it and is freed when the count hits zero, backed by a cycle collector to catch cases where objects reference each other in a loop) or tracing mark-and-sweep (start from roots like the stack and globals, mark everything reachable, sweep away the rest), the strategy used by the JVM and V8 in generational form. Compiling to bytecode also opens the door to optimizations the tree-walker can't do, the simplest being constant folding: if an operation's operands are both compile-time constants, compute the result during compilation and emit a single `OP_CONSTANT` instead of the arithmetic instructions, so `1 + 2 * 3` collapses entirely into `7` before the VM ever runs.	24_2-interpreters-and-vms
**The big picture.** CPython, the JVM, and V8 all follow *source → tokens → AST → bytecode → interpret/JIT, with a GC underneath*, the exact pipeline you built across Chapters 24.1 and 24.2, just with industrial JITs, optimizers, and collectors bolted on. You started Chapter 24.1 with a string of characters and ended Chapter 24.2 with that string *running*, two ways. None of it was ever mysterious: a lexer is a loop, a parser is recursion over a grammar, an interpreter is recursion over a tree, a VM is a loop over an array. You built a programming language from scratch, and now "compiler" is just a word for things you understand.	CPython, the JVM, and V8 all follow the same shape: source to tokens to AST to bytecode to interpretation and/or JIT compilation, with a garbage collector underneath, which is the exact pipeline built across chapters 24.1 and 24.2, just with industrial JITs, optimizer passes, and collectors bolted on top. CPython compiles `.py` to a bytecode `code` object run by a stack-based eval loop, the JVM's `javac` compiles to stack-based `.class` bytecode that HotSpot's JIT promotes to native code for hot methods, and V8 compiles JS to Ignition bytecode that TurboFan promotes to optimized machine code. Chapter 24.1 turned a string of characters into a tree, and 24.2 made that tree actually run, two ways, a tree-walking interpreter and a bytecode VM. None of it was ever mysterious: a lexer is a loop, a parser is recursion over a grammar, an interpreter is recursion over a tree, and a VM is a loop over an array.	24_2-interpreters-and-vms
State the four root causes that make distributed systems hard, and give a one-line consequence of each.	The four root causes are **partial failure** (nodes fail independently and survivors often can't tell who failed), **no global clock** (no shared "now," so event ordering has no cheap answer), **concurrency** (nodes act simultaneously without coordination, producing events with no inherent order), and **unreliable networks** (messages get dropped, delayed, duplicated, reordered, or the network partitions). One-line consequences: partial failure forces you to constantly handle "I don't know" instead of a clean crash; no global clock means ordering bugs hide as correctness bugs; concurrency breaks code that assumes a single global event sequence; unreliable networks mean every remote call can fail, so you must design for it.	26_1-foundations
Recite the 8 fallacies and explain why "a remote call is not a local call in a costume."	The 8 fallacies of distributed computing, catalogued at Sun in the 1990s, are: the network is reliable; latency is zero; bandwidth is infinite; the network is secure; topology doesn't change; there is one administrator; transport cost is zero; and the network is homogeneous. Each is a false assumption carried over from single-machine code, real networks drop packets, add 100-300 ms round trips, have finite bandwidth, are insecure, keep changing topology, are owned by multiple teams, cost real CPU and dollars, and mix incompatible OSes and wire formats. "A remote call is not a local call in a costume" because the moment a call crosses the network it inherits all eight of these hazards at once, so it must be designed with retries, timeouts, batching, encryption, and explicit wire formats, not treated like an ordinary function call.	26_1-foundations
Define synchronous / asynchronous / partially-synchronous, and the failure ladder crash-stop → crash-recovery → Byzantine. Which does Raft assume?	**Synchronous** means known upper bounds on message delay, clock drift, and processing time, so a missed deadline proves a node is dead; easy to reason about but unrealistic. **Asynchronous** means no timing bounds at all, so you can never conclude a node is dead versus merely slow, this is where FLP lives. **Partially synchronous** is the realistic middle: mostly asynchronous but eventually settling into periods where bounds hold, so real systems use timeouts as a "probably dead" heuristic. The failure ladder runs **crash-stop** (halts permanently), **crash-recovery** (can restart, keeping only what it wrote to stable storage), **omission** (drops some sends/receives), up to **Byzantine** (arbitrary or malicious behavior, needing `3f+1` nodes instead of `2f+1`); Raft assumes the **partially synchronous, crash-recovery, non-Byzantine** model.	26_1-foundations
Explain why physical clocks can't order events (skew, NTP backwards-step), then define `→`, Lamport clocks (and their limitation), and vector clocks (and what extra they give).	Physical clocks can't order events because every machine's oscillator drifts at a different rate (skew), and NTP only corrects to roughly 1-50 ms while sometimes stepping the clock backward, so two events 1 ms apart in reality can appear reversed if clocks are skewed by 10 ms. The fix is the **happened-before** relation `→`: `a → b` if they're ordered events in the same process, if `a` is a message send and `b` its receive, or by transitivity; if neither `a → b` nor `b → a`, the events are **concurrent** (`a ∥ b`) with no real fact about which came first. **Lamport clocks** give each process an integer that increments on local events and takes `max(local, received)+1` on receive, guaranteeing `a → b ⇒ L(a) < L(b)`, but the converse is false, so Lamport timestamps give only a total order consistent with causality and cannot detect concurrency. **Vector clocks** give each of `N` processes an `N`-length counter vector, updated by incrementing your own slot and taking componentwise max on receive; since `a → b` iff `V_a < V_b` and `a ∥ b` iff neither vector dominates the other, vector clocks capture causality exactly and can detect genuine concurrency, at the cost of `O(N)` size, which is how Dynamo-style stores detect conflicting writes.	26_1-foundations
Define linearizable, sequential, causal, and eventual consistency with one example each, plus read-your-writes and monotonic reads.	**Linearizability**: the system behaves as if there were one copy and each operation takes effect atomically at some instant between call and return, respecting real-time order, so once a write completes every later read anywhere sees it (example: etcd/ZooKeeper/Spanner). **Sequential consistency**: there's a single total order all processes agree on that respects each process's own program order, but not real-time order across processes, so a read on another client can still see stale data even though a write already returned elsewhere. **Causal consistency**: operations related by `→` are seen in that order by everyone, but concurrent operations may be seen in different orders on different nodes (example: a reply is never seen before the comment it replies to, but two unrelated posts can appear in different orders to different users). **Eventual consistency**: if writes stop, replicas eventually converge, but nothing is promised about when or what you see meanwhile (example: a like-count, or Dynamo/Cassandra defaults). **Read-your-writes** means your own subsequent reads see your own write; **monotonic reads** means your later reads never show an older value than an earlier read within your session.	26_1-foundations
State CAP correctly (partition-only, C-vs-A) and PACELC (the "else latency-vs-consistency" half). Give one CP and one AP system.	CAP applies **only during a network partition**: when messages between some nodes are lost, the system must choose between **Consistency** (every read sees the most recent write, i.e. linearizability) and **Availability** (every request to a non-failed node gets a non-error response); it is not "pick two of three," and it doesn't apply to a single-node system at all since there's no partition to survive. **PACELC** completes the picture for normal operation: if there's a **P**artition, trade **A**vailability vs **C**onsistency, **e**lse (network healthy), trade **L**atency vs **C**onsistency, because strong consistency requires coordination, often a quorum round trip, even when nothing is broken. A CP example is etcd (also ZooKeeper, Spanner, HBase), which refuses requests during a partition rather than serve stale data; an AP example is Dynamo (also Cassandra, Riak), which keeps answering from whatever replica it can reach and reconciles conflicts later.	26_1-foundations
Derive `R + W > N` from pigeonhole, and explain what `W=1,R=1` buys and loses. ---	With `N` replicas, a write acknowledged by `W` of them and a read querying `R` of them are guaranteed to overlap in at least one replica when `R + W > N`, because by the **pigeonhole principle** the `R` and `W` "slots" can't all be distinct once their sum exceeds `N`, so at least one replica was touched by both, and that replica holds the latest write, identified via version or timestamp among the `R` responses. `W=1, R=1` gives `1+1=2`, which is not greater than `N` for `N≥3`, so there's **no overlap guarantee**: writes and reads are fast and highly available (a write succeeds with only one replica up, a read only needs one), but the system becomes purely eventually consistent, a read can miss the latest acknowledged write entirely, the "sloppy quorum" / pure-AP corner.	26_1-foundations
State the consensus problem and its four properties; explain why safety beats liveness when they conflict.	`N` processes each propose a value and must all decide on the same one; a correct protocol guarantees **Agreement** (no two correct processes decide differently), **Validity** (the decided value was actually proposed by someone), **Integrity** (each process decides at most once), and **Termination** (every correct process eventually decides). Agreement, Validity, and Integrity are **safety** properties ("nothing bad ever happens"), while Termination is **liveness** ("something good eventually happens"). Real protocols guarantee safety unconditionally and only guarantee liveness when the network behaves, they will pause rather than ever decide two different values, because a temporarily stuck system is annoying but a system that violated agreement is catastrophic.	26_2-consensus-and-replication
Give the FLP intuition (can't tell slow from dead) and the three escape hatches real systems use.	FLP's intuition: in a fully asynchronous system where even one process may crash, you can never distinguish a crashed process from a merely slow one, so at the decisive moment a protocol must either wait for a silent process (risking waiting forever) or proceed without it (risking that it was about to send a value that would change the outcome), and an adversary controlling message timing can exploit this to keep the system undecided forever, so no deterministic algorithm can guarantee termination. Real systems escape via three hatches: **timeouts** (assume partial synchrony and use timeouts to suspect crashed nodes, trading temporary liveness loss for never violating safety), **randomization** (random election timeouts or coin-flips so an adversary can't perfectly schedule against you, terminating with probability 1), and **failure detectors** (an oracle that eventually correctly suspects crashed processes, in practice just timeouts wearing a tuxedo).	26_2-consensus-and-replication
Walk through single-decree Paxos (prepare/promise/accept) and explain *why* once a value is chosen it can never change (majority overlap forces re-proposal).	Single-decree Paxos runs in two phases among proposers, acceptors, and learners, each proposal carrying a unique, increasing number `n`. In **Phase 1 (Prepare/Promise)**, a proposer sends `Prepare(n)` to a majority of acceptors, and each acceptor that hasn't seen a higher number promises not to accept anything numbered below `n`, replying with the highest-numbered proposal it has already accepted, if any. In **Phase 2 (Accept/Accepted)**, if any promise reported a previously accepted value, the proposer must re-propose that highest-numbered reported value rather than its own; it sends `Accept(n, v)`, and once a majority accepts `(n, v)`, `v` is chosen. A value can never change once chosen because any later proposal must again gather promises from a majority, and two majorities always overlap, so at least one acceptor in the new majority already accepted `v` and reports it, forcing the new proposer to re-propose the same `v`, that majority-overlap-forces-resend argument is the whole safety proof.	26_2-consensus-and-replication
Explain Raft's three subproblems; describe leader election (terms, RequestVote, randomized timeouts) and log replication (AppendEntries, consistency check, majority commit).	Raft decomposes consensus into **leader election**, **log replication**, and **safety**. In leader election, time is divided into **terms**; a follower that hears no heartbeat within its randomized election timeout becomes a candidate, increments `currentTerm`, votes for itself, and sends **RequestVote** RPCs, a peer grants its vote only if the candidate's term is at least as high, it hasn't already voted this term, and the candidate's log is at least as up-to-date (the election restriction); a candidate with a majority of votes becomes leader, and randomized timeouts make split votes resolve quickly because one candidate almost always starts first. In log replication, the leader appends client commands to its own log and sends **AppendEntries** RPCs carrying the new entries plus a consistency check (`prevLogIndex`/`prevLogTerm`); a follower rejects entries that don't match at that point, causing the leader to decrement `nextIndex` and retry backward until logs match, and once an entry sits on a majority of nodes the leader marks it **committed**, applies it, and propagates the new `commitIndex`.	26_2-consensus-and-replication
State the two Raft safety rules (election restriction; current-term commit rule) and the State Machine Safety Property they yield.	The **election restriction** says a node only grants its vote if the candidate's log is at least as up-to-date, comparing last-entry term then length, guaranteeing a new leader's log already contains every committed entry. The **current-term commit rule** says a leader only marks an entry committed by replica-count if that entry is from its own current term; older-term entries become committed only indirectly, once a current-term entry above them commits, closing the hole where a majority-replicated old-term entry could later be overwritten after a leader change. Together these yield the **State Machine Safety Property**: if any node has applied a log entry at a given index, no other node will ever apply a different entry at that index, so every replica's state machine sees identical commands in identical order.	26_2-consensus-and-replication
Define state-machine replication and connect replicated logs to Kafka (control plane = consensus, data plane = leader+ISR).	**State-machine replication** models a service as a deterministic state machine, same starting state plus the same sequence of commands always yields the same resulting state, so if all replicas agree on one ordered log of commands, exactly what Raft/Paxos provide, and apply it in order, they end up in identical state; this requires the state machine to be deterministic, no `random()`, wall-clock reads, or unordered iteration. A **replicated log** is the append-only, ordered, durable substrate that makes this work, and Kafka shows the split in practice: the **control plane** (electing each partition's leader, storing metadata) is consensus, historically ZooKeeper's ZAB, now KRaft's Raft-based metadata quorum, while the **data plane** (the actual records) is **leader + ISR** replication, where the leader maintains an in-sync replica set and `acks` (`acks=1` vs `acks=all`) tunes the durability/latency trade.	26_2-consensus-and-replication
Compare 2PC (blocking, CP), 3PC (non-blocking *if* synchronous, unsafe under partition), and sagas (compensations, available, eventually consistent).	**2PC**: a coordinator asks all participants to prepare (durably lock and vote yes/no), then commits if all voted yes or aborts otherwise; it gives atomicity but **blocks**, if the coordinator crashes after participants voted yes but before the decision, they're stuck holding locks, unable to safely commit or abort, making 2PC **CP** (chooses consistency over availability). **3PC** adds a pre-commit phase so participants can time out and proceed safely without the coordinator, making it **non-blocking**, but only under the assumption of a synchronous, fail-stop-only network; under real partitions it can violate safety, which is why it's rarely used in practice. **Sagas** replace one atomic transaction with a sequence of local transactions, each with a **compensating transaction** that undoes it if a later step fails, trading atomicity and isolation for **availability and eventual consistency**, no distributed locks held, but requiring idempotent steps and careful handling of the partially-done window.	26_2-consensus-and-replication
Explain how Spanner/TrueTime use *bounded* clock uncertainty (commit wait) to do global linearizable transactions. ---	Spanner deploys GPS receivers and atomic clocks in every datacenter and exposes **TrueTime**, an API returning not a single timestamp but an interval `[earliest, latest]` guaranteed to contain the true time, with the uncertainty `ε` (typically a few milliseconds) made explicit rather than ignored. When committing a transaction, Spanner assigns a commit timestamp and then deliberately pauses for `ε`, the **commit wait**, so that by the time it proceeds the chosen timestamp is definitely in the past everywhere, which lets it provide **externally consistent (linearizable) globally-distributed transactions**. This makes Spanner **PC/EC** in PACELC terms: it pays the commit-wait latency for global strong consistency, an approach that only works because the clock uncertainty is bounded and quantified, not because physical clocks became trustworthy in general.	26_2-consensus-and-replication
**Names vs. objects:** After `a = [1,2,3]; b = a; b.append(4)`, what is `a`, and why? Then after `x = 5; y = x; y += 1`, what is `x`, and why is the outcome different? (Answer should mention identity vs. value and mutable vs. immutable.)	`a` is `[1, 2, 3, 4]`. `b = a` doesn't copy the list, it just sticks a second name tag on the same object, so `a is b` is `True` and `b.append(4)` mutates the one object both names point at. `x` stays `5`. `int` is immutable, so `y += 1` can't change the `5` object in place, it creates a brand-new `int` object `6` and re-points only `y` to it, leaving `x` untouched. The difference comes down to mutable objects (list) being changed in place versus immutable objects (int) being rebound to a new object on "modification."	04_1-python-deep-dive
**The mutable default bug:** Explain *why* `def f(x, acc=[]): acc.append(x); return acc` accumulates across calls. When is the default object created? Write the correct sentinel-based fix and say why it works.	Default argument values are evaluated once, when the function is defined, not each time it's called, so that `[]` is one list object stored on the function (`f.__defaults__`). Every call that omits `acc` reuses that same shared list, so appends pile up across calls instead of starting fresh. The fix is the sentinel pattern: `def f(x, acc=None): if acc is None: acc = []; acc.append(x); return acc`. This works because `None` is the sentinel default (itself immutable and safe to share), and the fresh `[]` is created inside the function body, so it runs anew on every call instead of once at definition time.	04_1-python-deep-dive
**The data model:** Which dunder does each of these call, `len(x)`, `x[0]`, `for i in x`, `a == b`, `with x:`, `repr(x)`? Why must `__eq__` and `__hash__` be defined together, and what breaks if you define only `__eq__`?	`len(x)` calls `__len__`, `x[0]` calls `__getitem__`, `for i in x` calls `__iter__` (or falls back to repeated `__getitem__`), `a == b` calls `__eq__`, `with x:` calls `__enter__`/`__exit__`, and `repr(x)` calls `__repr__`. `__eq__` and `__hash__` must travel together because if two objects are equal they must hash equal, otherwise dicts and sets break silently (a key that should match won't be found in its own bucket). If you define only `__eq__`, Python sets `__hash__ = None` on the class, making the object unhashable, so it explodes the moment you try to put it in a `set` or use it as a dict key.	04_1-python-deep-dive
**Iterators vs. generators:** Implement `CountUp(stop)` as an iterator *class* (with `__iter__`/`__next__`), then rewrite it as a *generator function*. What does `yield` save you from writing by hand, and what does "lazy evaluation" let you do that a list can't?	As a class: `class CountUp:` with `__init__` storing `stop` and `current = 0`, `__iter__` returning `self`, and `__next__` raising `StopIteration` once `current >= stop`, otherwise returning `current` and incrementing it. As a generator: `def count_up(stop): current = 0; while current < stop: yield current; current += 1`. `yield` saves you from manually tracking state variables (like `self.current`) and manually raising `StopIteration`, the function just freezes and remembers its place automatically between calls. Lazy evaluation produces values on demand with O(1) memory instead of materializing everything up front, so it lets you represent infinite sequences or stream a huge file line by line, things a list can't do because it would have to hold everything in memory at once.	04_1-python-deep-dive
**Decorators from scratch:** Build a `@timed` decorator. Then turn it into `@retry(times=3)`: how many function layers does taking an argument require, and what is each layer's job? What does `functools.wraps` fix, and how would you demonstrate the bug it solves?	`@timed` wraps a function so the wrapper records a start time, calls the original function, prints the elapsed time, and returns the result; applying `@timed` is exactly `slow_square = timed(slow_square)`. A decorator that takes arguments needs three layers: the outer factory (`retry(times=3)`) takes the config and returns the actual decorator, the middle `decorator(func)` takes the function and returns the wrapper, and the inner `wrapper(*args, **kwargs)` runs the real logic (retrying on exceptions) and forwards the original call signature. `functools.wraps(func)` on the wrapper copies `__name__`, `__doc__`, and `__module__` from the original function onto the wrapper. Without it, a decorated function's `__name__` prints `'wrapper'` instead of its real name and its docstring is lost, which you can demonstrate by decorating a documented function with a plain decorator and printing `.__name__`/`.__doc__` before and after adding `@functools.wraps(func)`.	04_1-python-deep-dive
**Composition vs. inheritance & MRO:** Give a one-sentence rule for when to inherit vs. compose. For `class D(B, C)` where `B` and `C` both inherit from `A`, how do you find which `who()` runs, and what does `super()` actually refer to?	Reach for inheritance only when there's a genuine "is-a" relationship and you want polymorphism, otherwise compose (give the object the pieces it needs as injected dependencies, which also makes testing easier). To find which `who()` runs on `class D(B, C)`, look at `D.__mro__`, which Python computes via C3 linearization (here `[D, B, C, A, object]`); the first class in that order that defines `who()` wins. `super()` doesn't mean "the parent class" literally, it means "the next class in the MRO," which is why cooperative multiple inheritance (every class calling `super().__init__()`) chains correctly through the linearized order rather than a fixed parent.	04_1-python-deep-dive
**Text vs. binary mode:** What's the difference between `open(p, "r")` and `open(p, "rb")`? Why do you always pass `encoding="utf-8"` in text mode, and what bug does forgetting it cause across machines?	`open(p, "r")` is text mode: Python reads bytes and decodes them into a `str` using an encoding, and also translates line endings. `open(p, "rb")` is binary mode: no decoding and no newline translation, you get raw `bytes`, which is what you want for images, PDFs, or anything non-text. You always pass `encoding="utf-8"` because the default encoding depends on the platform's locale, not guaranteed to be UTF-8. Forgetting it causes garbled characters (mojibake) when a file written on one machine is read back on another machine whose default locale encoding differs.	04_2-files-regex-os
**Why `with`:** What resource does `open()` acquire, and what goes wrong if you never close a file? Rewrite a leaky `f = open(...); ...; f.close()` using `with` and explain the guarantee it gives even when the body raises.	`open()` grabs an OS resource, a file descriptor. If you never close it you leak descriptors, and on some systems the file stays locked. The leaky version `f = open("x.txt"); data = f.read(); f.close()` becomes `with open("x.txt", encoding="utf-8") as f: data = f.read()`. This uses the `__enter__`/`__exit__` context-manager protocol: `with` guarantees `f.close()` runs on exit no matter what, exception or not, so if `f.read()` raises partway through, the file still gets closed instead of leaking.	04_2-files-regex-os
**`pathlib`:** Build the path to `project/data/2026/report.csv` using `Path` and `/`. Given a path, how do you get its `.name`, `.stem`, `.suffix`, and `.parent`? What's the difference between `glob("*.py")` and `rglob("*.py")`?	`p = Path("project") / "data" / "2026" / "report.csv"`; the `/` operator joins path segments in an OS-correct way. `.name` gives the filename with extension (`report.csv`), `.stem` gives the name without the suffix (`report`), `.suffix` gives the extension with its dot (`.csv`), and `.parent` gives the containing directory (`project/data/2026`). `glob("*.py")` is non-recursive, it only searches the given directory, while `rglob("*.py")` is recursive and searches that directory and all subdirectories.	04_2-files-regex-os
**subprocess safety:** Why is `subprocess.run(["echo", user_input])` safe but `subprocess.run(f"echo {user_input}", shell=True)` dangerous? What three keyword arguments make up your default safe incantation, and what does each do?	Passing arguments as a list means there's no shell parsing involved, `user_input` is just handed to the program as a literal argument, so even a malicious-looking string is treated harmlessly. With `shell=True` and an f-string, the whole command is handed to a real shell, which interprets shell metacharacters like `;`, so crafted input can inject and run arbitrary commands, a shell-injection vulnerability. The default safe incantation is `capture_output=True` (grabs stdout/stderr), `text=True` (decodes bytes into `str` instead of raw bytes), and `check=True` (raises `subprocess.CalledProcessError` if the exit code isn't 0).	04_2-files-regex-os
**Greedy vs. lazy regex:** Explain why `<.*>` matches the whole `<b>...</i>` span but `<.*?>` matches each tag. Walk through what the engine does (left-to-right, backtracking) for each.	Quantifiers are greedy by default: they match as much as possible and only backtrack if forced. For `<.*>` against `<b>bold</b> and <i>italic</i>`, the engine finds the first `<`, then `.*` grabs the rest of the entire string, then backtracks character by character until it finds a trailing `>` that lets the whole pattern succeed, so the match spans from the first `<` all the way to the last `>` in the string, one giant match. Adding `?` makes it lazy: `.*?` matches as little as possible, expanding one character at a time only until the very next `>` is found, so the engine stops at the first closing bracket and each tag becomes its own match.	04_2-files-regex-os
**Regex groups & lookarounds:** Write a pattern with named groups that extracts year/month/day from `2026-06-26`. Then write a lookbehind that grabs the number after a `$` in `price $42`. Why are lookarounds called "zero-width," and why does that let you stack two of them at one position (like a password validator)?	The date pattern is `(?P<year>\d{4})-(?P<month>\d{2})-(?P<day>\d{2})`, and `.groupdict()` on a match against `2026-06-26` gives `{'year': '2026', 'month': '06', 'day': '26'}`. The lookbehind is `(?<=\$)\d+`, which against `price $42` matches `42`, the number preceded by `$`. Lookarounds are called zero-width because they assert a condition about the surrounding text without consuming any characters as part of the match itself. Because they consume nothing, several lookarounds can be anchored at the exact same position in the string, which is how a password validator like `^(?=.*\d)(?=.*[A-Z]).{8,}$` checks "contains a digit" and "contains an uppercase letter" both starting from position zero.	04_2-files-regex-os
**HTTP anatomy:** Name the four parts of a request and the three parts of a response. What's the difference between `GET` and `POST`, and where does a JSON body go?	A request has a method (verb, like `GET`/`POST`), a URL (optionally with a query string), headers (metadata like `Authorization`, `User-Agent`), and optionally a body. A response has a status code, headers, and a body. `GET` means "please send me a copy" (reading), `POST` means "here's something new, please file it" (submitting/creating). A JSON body goes in the request body, typically for `POST`/`PUT`, and with `requests` you send it via the `json=` parameter, which serializes it and sets the `Content-Type` header for you.	04_3-scraping-and-apis
**Status codes:** What do the `2xx`, `4xx`, and `5xx` families mean as a rule of thumb? What does `429` specifically tell you, and how should your code respond differently to a `404` vs. a `503`?	`2xx` means success, `4xx` means you (the client) messed up, fix your request, and `5xx` means the server messed up, not your fault, retry later maybe. `429` specifically means "too many requests," you're going too fast and need to slow down. A `404` (not found) is a client-side problem you generally shouldn't retry, the resource just isn't there. A `503` (service unavailable) is a server-side, likely transient problem, so your code should retry with backoff rather than giving up immediately.	04_3-scraping-and-apis
**requests basics:** Show how to (a) send query params, (b) attach a bearer-token auth header, (c) POST a JSON body, and (d) detect an error response. Why do you always pass `timeout=`?	(a) `requests.get(url, params={"q": "python", "page": 2}, timeout=10)` builds and URL-encodes the query string for you. (b) `requests.get(url, headers={"Authorization": f"Bearer {TOKEN}"}, timeout=10)`. (c) `requests.post(url, json={"name": "Spencer"}, timeout=10)`, `json=` serializes and sets `Content-Type`. (d) call `resp.raise_for_status()`, which raises `requests.HTTPError` on any `4xx`/`5xx` and is a no-op on `2xx`. You always pass `timeout=` because without it a stalled server hangs your script forever.	04_3-scraping-and-apis
**Politeness:** What is exponential backoff and why use it on `429`/`503`? List three concrete things a polite client does, and explain what the `Retry-After` and `X-RateLimit-Remaining` headers are for.	Exponential backoff is retrying with an increasingly longer wait each time (1s, 2s, 4s, 8s...) so a struggling or rate-limiting server gets breathing room instead of an immediate stampede of retries; it's used on `429` (rate limited) and `503` (unavailable) because both are signals to slow down or wait rather than hammer the server again right away. Three things a polite client does: honor rate-limit headers, throttle proactively with `time.sleep()` between requests, and identify itself honestly with a descriptive `User-Agent`. `Retry-After` is a header the server sends telling you how long to wait before retrying. `X-RateLimit-Remaining` reports how many requests you have left in the current window, so you can proactively slow down before you actually get blocked.	04_3-scraping-and-apis
**API vs. scrape & ethics:** Give two reasons to prefer an API over scraping. What is robots.txt, is it legally binding, and why honor it anyway? List three things on your pre-scrape ethics checklist.	An API is a contract, stable fields, documented, and allowed by the site, whereas scraping HTML is fragile because it breaks when the site's markup changes, and it's legally and ethically grayer. `robots.txt` is a file at a site's root that tells bots which paths they're asked not to crawl; it is not a law, but honoring it is the baseline of good citizenship. Three items on the pre-scrape checklist: check whether an API or data download exists instead, check whether robots.txt disallows the path, and check whether the site's Terms of Service forbid automated access.	04_3-scraping-and-apis
**Parsing tools:** Why should you never parse HTML with regex? When does `requests` + BeautifulSoup fail to see the data you want, and what tool do you switch to? How would you confirm you actually need the heavier option before reaching for it?	HTML is nested and irregular, and regex chokes on that kind of recursive structure, so you should use a real parser like BeautifulSoup instead. `requests` + BeautifulSoup only see the initial HTML that comes back from the server; when a modern site renders content with JavaScript after load, the data you want may not be in `resp.text` at all, and that's when you switch to Playwright, which drives a real headless browser to run the JS and hand you the final DOM. To confirm you actually need Playwright, first print `resp.text` and check whether the value is already present in the raw HTML; if it is, plain requests plus BeautifulSoup is lighter and faster.	04_3-scraping-and-apis
**The universal loop:** Every project here follows "read input → transform → write output → (notify/schedule)." Pick two projects and name what plays each role. Why is a `--dry-run`/`--apply` split so valuable for the destructive ones?	In the photo organizer: read is walking the source folder and reading EXIF, transform is computing the date-based destination path, write is moving/copying the file into place. In the weather dashboard pipeline: read is fetching the current temperature from an API, transform is appending it to a history file, write is regenerating the dashboard HTML, and schedule is the cron job that runs it hourly. A `--dry-run`/`--apply` split is valuable because automation acts fast and at scale, a bug doesn't ruin one file, it ruins a thousand, so destructive tools should print their plan first and only act once you deliberately pass `--apply`.	04_4-automation-projects
**EXIF & metadata:** Where does a photo's capture date come from, and what's your fallback when EXIF is missing? Why use `shutil.copy2` instead of plain `copy` when preserving photos?	A photo's capture date comes from its EXIF metadata, specifically the `DateTimeOriginal` tag, which the camera embeds and which the chapter's code reads via Pillow's EXIF access. When EXIF is missing or unreadable, the fallback is the file's last-modified time (`path.stat().st_mtime`). `shutil.copy2` is used instead of plain `copy` because `copy2` preserves file metadata (like modification times), so a copied photo keeps its original timestamp information rather than getting a fresh one at copy time.	04_4-automation-projects
**SMTP & secrets:** Walk through the steps to send one email: connect, `starttls`, `login`, `send_message`. Why must credentials come from env vars, and why a Gmail app password rather than the account password? What does `--dry-run` protect you from?	You open an `smtplib.SMTP(host, port)` connection, call `server.starttls()` to upgrade the connection to encrypted TLS, call `server.login(user, password)` to authenticate, then call `server.send_message(msg)` for each `EmailMessage` you've built. Credentials must come from environment variables, never hard-coded in source, because a hard-coded secret ends up in git history forever; for Gmail specifically you use an app password rather than the real account password so a leaked credential only exposes a scoped, revocable app password instead of full account access. `--dry-run` renders and prints every message without actually connecting or sending, protecting you from mistakes like a loop bug that emails everyone twice.	04_4-automation-projects
**Spreadsheets:** In openpyxl, what does `data_only=True` do when reading, and why does it matter for cells containing formulas? How do you attach a `BarChart` to a worksheet, and what do the `Reference` objects for data vs. categories point at?	`load_workbook(path, data_only=True)` returns the computed values of cells instead of the formula strings; without it, a cell containing a formula comes back as that literal formula text rather than the number it evaluates to, which breaks any aggregation code expecting numbers. To attach a chart, you create a `BarChart()`, build two `Reference` objects, one for the data (pointing at the values column, including the header row for the legend) and one for the categories (pointing at the label column, excluding the header), then call `chart.add_data(...)`, `chart.set_categories(...)`, and `ws.add_chart(chart, "D2")` to place it at a cell anchor.	04_4-automation-projects
**Scheduling a pipeline:** Read this cron line and say when it runs: `0 * * * * cd /proj && python3 job.py >> run.log 2>&1`. What do the five time fields mean, and what does `>> run.log 2>&1` accomplish?	This runs at minute 0 of every hour, that is, once an hour on the hour. The five time fields are minute, hour, day of month, month, and day of week, and `*` means "every" for that field, so `0 * * * *` reads as "minute 0, every hour, every day, every month, every weekday." `>> run.log 2>&1` redirects stdout with append (`>>`, so previous runs' output isn't wiped) and then redirects stderr (`2`) to wherever stdout is now going (`&1`), so both normal output and errors land in `run.log`, which matters because cron starts in a minimal environment and you need that log to debug a job that runs but silently fails.	04_4-automation-projects
**PDF text extraction:** Why does `extract_text()` sometimes return an empty string, and what tool do you need for *scanned* PDFs? Sketch how you'd combine Projects 5 and 2 to email each customer a personalized PDF statement.	`extract_text()` works only on PDFs that have a real text layer; scanned PDFs are just images of pages, with no underlying text to read, so extraction returns an empty string. For scanned PDFs you need OCR, using tools like `pytesseract` plus `pdf2image`. To combine Project 5 (PDF toolkit) and Project 2 (CSV-driven mailer): read the customer CSV as in the mailer, for each row generate or select that customer's personalized PDF statement, then build an `EmailMessage` per row as the mailer does and attach the generated PDF before calling `server.send_message`, keeping the same `--dry-run` safety and per-recipient throttle.	04_4-automation-projects
**Name the four TCP/IP layers bottom-to-top and one protocol at each.** Link (Ethernet/Wi-Fi, MAC frames) → Internet (IP, host-to-host addressing/routing) → Transport (TCP/UDP, process-to-process via ports) → Application (HTTP/DNS/SSH). Each adds its own header and trusts the layer below; that separation lets layers evolve independently.	Bottom to top: the link layer (Ethernet/Wi-Fi, delivering frames over the local wire using MAC addresses), the internet layer (IP, handling host-to-host addressing and routing), the transport layer (TCP or UDP, providing process-to-process delivery via ports), and the application layer (HTTP, DNS, SSH, the protocols carrying what the app actually wants to say). Each layer adds its own header as data moves down the stack and trusts the layer below to do its job without knowing its internals, which is what lets any one layer be swapped or evolved without rewriting the rest.	06_1-tcp-ip
**What does `192.168.1.0/24` mean, and is it public or private?** The `/24` means the first 24 bits are the network, leaving 8 host bits → 256 addresses (254 usable). It's in the `192.168.0.0/16` **private** range, so it's a LAN address never routed on the public internet; devices on it reach the internet through NAT.	The `/24` means the first 24 bits are the network portion, leaving 8 host bits, which gives 256 total addresses (254 usable once you subtract the network address and the broadcast address). `192.168.1.0/24` falls inside the `192.168.0.0/16` range, which is reserved as **private**, so it's a LAN address that is never routed on the public internet; devices on it reach the outside world through NAT.	06_1-tcp-ip
**Walk through TCP's 3-way handshake and say what each message accomplishes.** SYN (client → server: "let's connect, my sequence starts at x"), SYN-ACK (server → client: "ok, mine starts at y, and I acknowledge your x"), ACK (client → server: "I acknowledge your y"). After the third message both sides have synchronized sequence numbers and the connection is established; each direction has confirmed the other can hear it.	The client sends a **SYN** with an initial sequence number x, meaning "let's talk, my sequence starts at x." The server replies with a **SYN-ACK**, sending its own initial sequence number y while acknowledging the client's x, meaning "ok, mine starts at y, and I got yours." The client then sends an **ACK** acknowledging y, and once the server receives it both sides are established. After these three messages both sides have synchronized sequence numbers and each direction has confirmed the other can actually hear it.	06_1-tcp-ip
**Give two mechanisms TCP uses to be reliable that UDP lacks.** Any two of: sequence/acknowledgment numbers (so the sender knows what arrived), retransmission of unACKed data (recovers losses), in-order reassembly (buffers out-of-order packets), flow control (receive window), congestion control (back off on loss). UDP has none of these; it's just ports plus a checksum over IP.	TCP numbers every byte and uses sequence and acknowledgment numbers so the sender knows exactly what the receiver has gotten, and it retransmits any data that goes unACKed after a timeout to recover lost segments. It also buffers and reassembles out-of-order packets into the original byte stream, and layers on flow control (a receive window so a fast sender doesn't overwhelm a slow receiver) and congestion control (backing off when it detects loss). UDP has none of this: it's just ports and a checksum over IP, fire a datagram and hope it arrives.	06_1-tcp-ip
**What is TCP head-of-line blocking and why does it happen?** Because TCP guarantees in-order byte delivery, a single lost segment forces all later segments that already arrived to wait in the buffer until the missing one is retransmitted, even though those later bytes are fine. The ordering guarantee causes one loss to stall everything behind it; HTTP/3 (QUIC over UDP) was designed to escape this.	TCP head-of-line blocking is when a single lost segment forces every later segment that already arrived to sit buffered and unusable until the missing one is retransmitted, even though those later bytes are perfectly fine on their own. It happens because TCP's core promise is in-order byte delivery, so the receiver can't hand the application any bytes past a gap until that gap is filled. This is a direct cost of TCP's ordering guarantee, and it's a major reason HTTP/3 moved to QUIC over UDP, where each stream is delivered independently.	06_1-tcp-ip
**Why can a single server on port 80 serve thousands of simultaneous clients?** Because a TCP connection is identified by the full 4-tuple `(src IP, src port, dst IP, dst port)`, not just the server's port. Every client connection has a different source IP/port, so all the tuples are distinct; the server demultiplexes them even though they share its `:80` endpoint.	A TCP connection isn't identified by the server's port alone; it's identified by the full 4-tuple: source IP, source port, destination IP, and destination port. Every client connects from a different IP and/or source port, so even though they all target the server's `:80`, each connection's 4-tuple is unique, and the server demultiplexes incoming packets to the right connection using that whole tuple.	06_1-tcp-ip
**Walk through recursive DNS resolution for `www.example.com`.** Your resolver (if not cached) asks a **root** server → referred to the **.com TLD** servers → referred to `example.com`'s **authoritative** nameservers → which return the **A record** (the IP). The resolver caches it for the record's **TTL** and returns it. The hierarchy is read right-to-left; caching at every level is what makes DNS scale.	If your resolver hasn't cached the answer, it first asks a **root** server, which doesn't know the address but refers it to the `.com` **TLD** servers. Those TLD servers refer it on to `example.com`'s **authoritative** nameservers, which finally return the actual **A record** (the IP address). The resolver then caches that answer for the record's **TTL** and returns it to you; the hierarchy is read right-to-left, and caching at every level is what keeps DNS from collapsing under load.	06_2-http-dns-tls
**What's the difference between a 4xx and a 5xx status code? Give one example of each.** 4xx = **client** error ("you messed up"), e.g., `404 Not Found` or `401 Unauthorized`. 5xx = **server** error ("I messed up"), e.g., `500 Internal Server Error` or `502 Bad Gateway`.	A 4xx status code is a **client** error, "you messed up," examples being `404 Not Found` or `401 Unauthorized`. A 5xx status code is a **server** error, "I messed up," examples being `500 Internal Server Error` or `502 Bad Gateway`.	06_2-http-dns-tls
**How does HTTP, a stateless protocol, remember a logged-in user?** With **cookies**: the server sends `Set-Cookie: session=...` (ideally `HttpOnly; Secure; SameSite`), and the browser returns `Cookie: session=...` on every subsequent request. The server maps that session ID to the user's state: statelessness is preserved on the wire, and the state lives server-side keyed by the cookie.	It uses **cookies**: the server sends `Set-Cookie: session=abc123` (ideally with `HttpOnly`, `Secure`, and `SameSite` flags set), and the browser automatically returns `Cookie: session=abc123` on every subsequent request to that domain. The server maps that session ID to the user's actual state, so the protocol itself stays stateless on the wire while the real state lives server-side, keyed by the cookie.	06_2-http-dns-tls
**Trace the HTTP/1.1 → 2 → 3 evolution in terms of head-of-line blocking.** HTTP/1.1 added keep-alive but responses come back in order → HTTP-level HOL blocking. HTTP/2 multiplexes many streams over one connection (fixing HTTP-level HOL) but still rides TCP, so a lost packet stalls all streams (TCP-level HOL). HTTP/3 runs over QUIC (UDP) with independently delivered streams, so one lost packet only stalls its own stream, escaping TCP HOL blocking entirely.	HTTP/1.1 added keep-alive so one TCP connection could be reused for many requests, but responses still had to come back in order, producing HTTP-level head-of-line blocking. HTTP/2 fixed that by multiplexing many requests as interleaved streams over a single connection, but it still rides on top of TCP, so one lost TCP packet stalls every stream, TCP-level head-of-line blocking. HTTP/3 runs over QUIC (built on UDP) instead, delivering each stream independently, so a lost packet only stalls its own stream and TCP-level head-of-line blocking is escaped entirely.	06_2-http-dns-tls
**Name TLS's three guarantees and which crypto provides authentication.** **Confidentiality** (encryption hides content), **integrity** (tampering is detectable via MACs), **authentication** (you're talking to the real server). Authentication comes from the **certificate** + **chain of trust**: a trusted CA signs a cert binding the domain to a public key, and the server proves it holds the matching private key during the handshake.	TLS provides **confidentiality** (traffic is encrypted so eavesdroppers only see ciphertext), **integrity** (tampering is detectable via message authentication codes), and **authentication** (proof you're really talking to the real server, not an impostor). Authentication comes from the **certificate and chain of trust**: a CA your browser already trusts signs a certificate binding a domain name to a public key, and during the handshake the server proves it holds the matching private key.	06_2-http-dns-tls
**Why does TLS use both asymmetric and symmetric cryptography?** Asymmetric crypto (certificate + Diffie-Hellman key exchange) is used once to authenticate the server and let two strangers agree on a shared secret over a tapped wire, but it's slow. Symmetric crypto, using that shared secret, then encrypts all the actual data fast. Best of both: asymmetric solves key agreement/identity; symmetric does the bulk encryption efficiently.	Asymmetric crypto, the certificate verification plus a Diffie-Hellman key exchange, is used once during the handshake to authenticate the server and let two strangers agree on a shared secret over a wire someone might be tapping, but it's computationally slow. Symmetric crypto then uses that shared secret to encrypt all the actual application data quickly. It's the best of both: asymmetric solves the key-agreement and identity problem, while symmetric handles the bulk encryption efficiently.	06_2-http-dns-tls
**Contrast short polling, long polling, SSE, and WebSockets in one line each.** Short polling: client re-asks on a timer (simple, wasteful, laggy). Long polling: server holds the request open until it has data (low latency over plain HTTP, the classic WS fallback). SSE: one long-lived connection the server streams events down (one-way, server→client, auto-reconnect). WebSockets: a persistent full-duplex channel either side can send on anytime (true bidirectional, low overhead).	Short polling has the client re-asking on a fixed timer whether there's anything new, simple but wasteful and laggy. Long polling has the client request and the server hold that request open until it actually has data before replying, giving near-real-time updates over plain HTTP and serving as the classic WebSocket fallback. SSE has the client open one long-lived connection over which the server streams events, one-way only, with automatic reconnection built in. WebSockets establish a persistent, full-duplex channel where either side can send a message at any time.	06_3-websockets-rpc-polling
**When would you choose SSE over WebSockets, and vice versa?** SSE when you only need **server→client** push (live feeds, notifications, a read-only ticker), it's simpler and reconnects automatically. WebSockets when you need **bidirectional**, frequent, low-latency messaging (chat, games, interactive dashboards) where the client also sends data back.	Choose SSE when you only need server-to-client push, like a live feed, notifications, or a read-only ticker the user just watches; it's simpler than WebSockets, runs over plain HTTP, and the browser's `EventSource` reconnects automatically. Choose WebSockets when you need genuine bidirectional, frequent, low-latency messaging where the client also has to send data back, such as chat, games, or interactive dashboards.	06_3-websockets-rpc-polling
**How does a WebSocket connection get established, and what HTTP status signals it?** It begins as an ordinary HTTP/1.1 GET with `Upgrade: websocket` and `Connection: Upgrade` headers plus a random `Sec-WebSocket-Key`. The server replies **`101 Switching Protocols`** with a `Sec-WebSocket-Accept` derived from the key + a magic GUID, proving it understood the handshake. After the 101, the TCP connection is a full-duplex WebSocket carrying lightweight frames instead of HTTP messages.	It starts life as an ordinary HTTP/1.1 GET request carrying `Upgrade: websocket` and `Connection: Upgrade` headers plus a random base64 `Sec-WebSocket-Key` nonce. The server responds with **`101 Switching Protocols`** and a `Sec-WebSocket-Accept` header computed by hashing the client's key together with a fixed magic GUID, proving the server actually understood the WebSocket handshake. After that 101, the same TCP connection stops being HTTP and becomes a full-duplex WebSocket carrying lightweight frames instead of HTTP messages.	06_3-websockets-rpc-polling
**Explain the mental-model difference between REST and RPC.** REST thinks in **resources/nouns**, you manipulate things at URLs with HTTP verbs (`PUT /users/42`). RPC thinks in **functions/verbs**, you call a named procedure that happens to run on another machine (`updateUser(42, ...)`), with the network plumbing hidden by a client stub. REST is resource-oriented; RPC is action-oriented and aims for location transparency.	REST thinks in terms of resources, nouns you manipulate at URLs using HTTP verbs, for example `PUT /users/42` to update user 42. RPC thinks in terms of functions, verbs, you call a named procedure that happens to execute on another machine, for example `updateUser(42, ...)`, with a client stub hiding the network plumbing so the call looks and feels local. REST is resource-oriented and manipulates state through addressable things; RPC is action-oriented and chases location transparency, the illusion that a remote call is just a local function call.	06_3-websockets-rpc-polling
**What does gRPC use for serialization and transport, and when would you pick it over REST?** gRPC uses **Protocol Buffers** (compact, schema-defined binary) over **HTTP/2** (multiplexing + streaming). Pick gRPC for internal service-to-service communication needing high throughput, low latency, strict typed contracts, and streaming. Pick REST for public, browser-facing, human-debuggable APIs where JSON-over-HTTP and HTTP caching matter more than raw speed.	gRPC serializes with **Protocol Buffers**, a compact, schema-defined binary format described in `.proto` files, and it runs over **HTTP/2**, which gives it multiplexing and support for streaming RPCs. Pick gRPC for internal service-to-service communication that needs high throughput, low latency, strict typed contracts, and streaming. Pick REST instead for public, browser-facing, human-debuggable APIs, where JSON over HTTP and HTTP caching semantics matter more than raw wire efficiency.	06_3-websockets-rpc-polling
**Why is FTP considered legacy, and what is a webhook?** FTP sends credentials/data in plaintext and uses two connections (control + data), which is insecure and NAT/firewall-hostile, replaced by **SFTP** (file transfer over encrypted SSH, single connection). A **webhook** inverts polling for server-to-server: instead of you polling a service, you register a URL and the service POSTs event data to you when something happens ("don't call us, we'll call you"), event-driven, timely, and cheaper than polling.	FTP is legacy because it sends credentials and data in plaintext with no encryption, and because it uses two separate connections, a control channel and a data channel, which is awkward and often broken behind NAT and firewalls; it's been replaced by **SFTP**, file transfer tunneled over encrypted SSH using a single connection. A **webhook** flips the polling model for server-to-server communication: instead of you repeatedly asking a service if anything is new, you register a URL and the service sends an HTTP POST to it the moment an event happens, "don't call us, we'll call you," which is more timely and cheaper than polling.	06_3-websockets-rpc-polling
A container shares the host kernel but is isolated. Name the three Linux primitives that create that isolation and say what each one does.	The three primitives are namespaces, cgroups, and union filesystems. Namespaces control what a process can see, partitioning kernel resources like PIDs, mounts, network stack, hostname, and IPC so a process gets its own private view. Cgroups control what a process can use, limiting and accounting for CPU, memory, and I/O, which is how `docker run --memory=512m` works. Union filesystems (overlayfs) stack read-only image layers with a thin writable layer on top using copy-on-write, so containers from the same image share disk space cheaply.	10_1-docker
You edit one line of `main.py` and rebuild. Why does ordering `COPY requirements.txt` + `RUN pip install` *before* `COPY . .` make the rebuild fast?	Docker's build cache walks instructions top to bottom and reuses cached layers until it hits the first instruction whose inputs changed, then rebuilds everything below it. Since `requirements.txt` didn't change, the `COPY requirements.txt` and `RUN pip install` layers stay cached, and only the later `COPY . .` layer (and anything after it) reruns. If `COPY . .` came first, editing `main.py` would bust the cache at that point and force `pip install` to rerun on every build, turning a fast rebuild into a slow one.	10_1-docker
Explain the difference between `CMD` and `ENTRYPOINT`, and what `docker run myimg bash` does for an image that uses only `ENTRYPOINT` vs only `CMD`.	`ENTRYPOINT` is the fixed program that always runs; `CMD` supplies its default arguments, or, used alone, is the default command. For an image using only `ENTRYPOINT` (e.g. `ENTRYPOINT ["uvicorn", ...]`), `docker run myimg bash` passes `bash` as an argument to that entrypoint rather than replacing it, so uvicorn still runs, just with `bash` appended as an arg. For an image using only `CMD` (e.g. `CMD ["uvicorn", ...]`), `docker run myimg bash` replaces the whole command, so it runs `bash` instead of uvicorn.	10_1-docker
What does a multi-stage build actually accomplish, and why does it shrink the final image?	A multi-stage build uses multiple `FROM` statements, one for a builder stage that can install compilers and build toolchain, and a separate final stage that copies over only the built artifacts it actually needs. It shrinks the image because none of the builder stage's junk, wheels, caches, or compilers land in the runtime stage, only the finished artifact does. A typical example goes from a large image with full build tools down to a much smaller one by copying just the built output into a slim runtime base image.	10_1-docker
In your Compose file, the app connects to `db:5432`. How does the hostname `db` resolve, and why won't that work on Docker's default bridge network?	The hostname `db` resolves via Docker's embedded DNS to the `db` service's container, because Compose automatically puts services on a shared user-defined network where containers can reach each other by name. On Docker's default bridge network, containers can't resolve each other by name at all, that name resolution only works on a user-defined network. That's why you always create a network (or let Compose create one for you) instead of relying on the default bridge.	10_1-docker
Your Redis counter survives `docker compose down` but resets on `docker compose down -v`. Explain why in terms of the writable layer vs named volumes.	The Redis data lives in a named volume, which is Docker-managed storage that exists outside the container's writable layer. `docker compose down` removes the containers but leaves named volumes intact, so the counter data persists and is remounted when you bring the stack back up. `docker compose down -v` additionally deletes the named volumes, wiping the actual persisted data, which resets the counter. If the counter had instead lived only in the container's writable layer with no volume, it would have reset on any container removal, not just `-v`.	10_1-docker
State the one-sentence mental model of how Kubernetes works, and explain how it produces "self-healing" without any special magic.	You submit desired state to the API server and controllers run an endless reconciliation loop that compares actual state to desired state and takes actions to converge them. Self-healing falls out of this loop with no special mechanism: if a pod dies, the controller observes fewer running replicas than desired and creates a replacement; if a node dies, it notices and reschedules the pods elsewhere. It's the same loop every time, you manage the spec, controllers manage reality, just applied continuously and forever.	10_2-kubernetes
Walk a request through the control plane: what does kube-apiserver do, where is state stored, and what is the scheduler's job?	kube-apiserver is the front door: every read and write, including everything `kubectl` sends, goes through it for validation, auth, and admission; it is itself stateless. All cluster state is stored in etcd, a distributed, consistent key-value store that is the single source of truth. The scheduler watches for pods that haven't been assigned to a node yet and picks a node for them based on resource requests, affinity, and taints/tolerations, while the controller-manager runs the actual reconcile loops (Deployment, ReplicaSet, Node, Job, etc.).	10_2-kubernetes
Pods get ephemeral, changing IPs. So how does one pod reliably reach another service? What object solves this and how?	A Service solves this: it gives a stable virtual IP and DNS name that load-balances traffic to whichever pods currently match its label selector, regardless of individual pod IPs changing as pods die and get replaced. kube-proxy programs the node's networking so that Service virtual IPs route to the current set of healthy backing pods. Pods are mortal and disposable and should never be addressed directly; that's exactly why Services exist.	10_2-kubernetes
Difference between a liveness probe and a readiness probe - and why a failing readiness probe is what makes a rolling update zero-downtime.	A liveness probe asks "is it alive?", and if it fails, the kubelet restarts the container. A readiness probe asks "is it ready for traffic?", and if it fails, the pod is removed from the Service's endpoints without being restarted. Readiness is what makes a rolling update zero-downtime because new pods only get added to the Service's routing once their readiness probe passes, so traffic never hits a pod that isn't actually ready to serve it.	10_2-kubernetes
During `kubectl set image`, `kubectl get rs` shows two ReplicaSets. Explain what each is and how this enables instant `rollout undo`.	One ReplicaSet is the old one, running the previous image, scaled down to 0 replicas as the rollout completes. The other is the new ReplicaSet the Deployment created for the new image, scaled up to the desired replica count. The old ReplicaSet isn't deleted, it just sits at 0, so `kubectl rollout undo` is instant because it's simply scaling the old ReplicaSet back up while scaling the new one down, no rebuild or repull needed.	10_2-kubernetes
Why does an HPA require `resources.requests.cpu` to be set, and what does `averageUtilization: 70` actually mean?	The HPA measures CPU utilization against the pod's `requests.cpu` value, so without a request set it has nothing to compute utilization against and effectively does nothing. `averageUtilization: 70` means the HPA's target is for the average CPU usage across pods to be 70% of what was requested; if actual usage climbs above that target, the HPA increases replicas up to `maxReplicas`, and if usage drops below it, it scales back down to `minReplicas`. It's itself a reconciliation loop watching a metric and adjusting the Deployment's replica count to hold that target.	10_2-kubernetes
In one sentence each, distinguish continuous integration, continuous delivery, and continuous deployment. What single thing separates the two CDs?	Continuous Integration is every push getting automatically built and tested on a shared branch so integration breakage is caught in minutes. Continuous Delivery is every change that passes CI being automatically prepared for release, ready to deploy at the push of a button. Continuous Deployment is the same, but with no human gate, every green commit goes straight to production automatically. The single thing separating the two CDs is whether there's a manual approval step before production: Delivery has one, Deployment doesn't.	10_3-cicd-and-deployment
We promote *the same Docker image* from staging to prod and only change injected config. Why is that property so valuable, and which 12-Factor rule does it embody?	It guarantees that what you tested in staging is byte-identical to what runs in prod, eliminating the class of bugs where a rebuild between environments introduces a different version of code or dependencies. This embodies the 12-Factor App rule that config lives in the environment, not the code: the same built artifact is promoted unchanged across environments, and only the injected config/secrets differ per environment.	10_3-cicd-and-deployment
During a rolling update, v1 and v2 pods serve traffic simultaneously. What does that force you to do about database migrations, and what's the name of the pattern?	It forces migrations to be backward-compatible, since both old and new code are hitting the same schema at the same time during the roll. The pattern is expand/contract: first expand by adding the new column or table additively and nullably (old code ignores it, new code can use it), then deploy the new code, then in a later release contract by dropping the old column once nothing references it anymore. Destructive schema changes should never ship in the same deploy as the code that depends on the old shape.	10_3-cicd-and-deployment
Compare blue-green and canary on blast radius, rollback speed, and cost. When would you reach for each?	Blue-green has a full blast radius during cutover, since all traffic flips to the new environment at once, but instant rollback, just flip the router back to blue, at the cost of running two full environments. Canary has the smallest blast radius, exposing the new version to a small percentage of traffic and ramping based on metrics, with rollback being scaling the canary to 0, but it needs good observability to watch error rate and latency. Canary fits as a default for everyday releases since it caps blast radius, while blue-green fits specifically for riskier changes where you want a full new environment tested before an atomic flip.	10_3-cicd-and-deployment
In the workflow, name the three security gates that were added and exactly what bad thing each one catches. Which step's `exit-code: "1"` blocks a deploy and why?	The three gates are a dependency-review action, which catches PRs introducing high/critical CVEs in dependencies; a secret scanner (Gitleaks), which catches leaked secrets committed anywhere in git history; and Trivy, which catches high/critical CVEs baked into the built Docker image. The Trivy step's `exit-code: "1"` is the one that blocks a deploy, because it makes the CI job fail on HIGH/CRITICAL findings, and since the build and deploy steps depend on that job, a vulnerable image never gets pushed or deployed.	10_3-cicd-and-deployment
How does an "environment with required reviewers" turn this pipeline from continuous deployment into continuous delivery for prod?	Setting the production environment with required reviewers means the workflow run pauses at the deploy-to-prod job and waits for a human to approve before it proceeds. That manual click is exactly the human gate that distinguishes continuous delivery (always release-ready, approved by a person) from continuous deployment (every green commit auto-ships with no gate). Everything up to and including staging still runs automatically; only the final push to prod requires the approval.	10_3-cicd-and-deployment
Draw the shared-responsibility line: give two concrete things AWS secures and two you must secure. Which side do most real breaches fall on?	AWS is responsible for security **of** the cloud: the physical hardware and datacenters, and the hypervisor plus the internals of managed services. You are responsible for security **in** the cloud: your IAM policies (least privilege, roles vs. keys) and your S3 bucket/security group configuration (not making a bucket public, restricting inbound ports). Most real breaches fall on your side of the line, things like a too-open security group or a public S3 bucket, not a failure in AWS's own infrastructure.	10_4-aws
Why are IAM **roles** preferred over IAM **users with access keys** for applications, and what's the most common least-privilege mistake people make?	Roles have no permanent credentials, they're assumed temporarily and grant short-lived credentials that auto-expire, so a leaked role credential is far less dangerous than a leaked long-lived access key, which is a standing breach until manually rotated. EC2 instances, Lambda functions, and CI systems should assume roles rather than carry baked-in keys. The most common least-privilege mistake is over-permissioning, attaching broad admin access or wildcard actions/resources because it "just works," rather than scoping both the action and the resource to exactly what's needed.	10_4-aws
What is an S3 presigned URL, and why is it the correct way to let a browser upload a file directly to a private bucket?	A presigned URL is a time-limited URL signed with your own AWS credentials that lets whoever holds it upload or download one specific object, without ever handing them AWS credentials. It's the correct pattern because the bucket stays private (Block Public Access on) while the browser can PUT the file bytes directly to S3 using the presigned URL, so the server never has to proxy the file and access is scoped per-object and time-boxed.	10_4-aws
Lambda scales to zero and is event-driven, name two things that makes it great for and two hard limits that make it wrong for some workloads. What is a cold start and how do you reduce it?	Lambda is great for event-driven workloads triggered by things like API Gateway, S3 events, or SQS/SNS, and for spiky/low-baseline traffic since it scales to zero and you pay nothing idle. Its hard limits are a 15-minute max timeout and up to 10 GB memory with ephemeral storage, which make it wrong for long-running or heavily stateful workloads. A cold start is the init latency paid on the first invocation (or a scale-out event) while AWS spins up the runtime and runs your init code; you reduce it with smaller deployment packages, provisioned concurrency, and keeping heavy clients like DB connections in the init scope so they're reused across warm invocations.	10_4-aws
RDS vs DynamoDB: give a NYX feature that belongs in each and say why.	Structured financial records belong in RDS Postgres, because that data needs SQL joins, transactions, and ad-hoc analytics queries over a fixed schema, which RDS handles with managed backups, patching, and failover. Hot dashboard lookups belong in DynamoDB, because they need single-digit-millisecond latency at scale for simple key-based access patterns rather than ad-hoc queries, and its pay-per-request pricing fits unpredictable traffic. The general rule: relational plus complex queries goes to RDS; massive scale plus known key-based access goes to DynamoDB.	10_4-aws
In the NYX architecture, justify the SNS→SQS(DLQ) hop: what does it buy you over having the ingest Lambda call the aggregator directly?	Routing through SNS fan-out lets the aggregation Lambda and the user-notification Lambda consume the ingest event independently, each subscribing to the same topic without being coupled to each other or to the ingest function's execution. The SQS dead-letter queue on the path means failed or bad-row events land somewhere for retry and inspection instead of being silently lost, which a direct synchronous call from ingest to aggregator wouldn't give you. Overall it decouples the pipeline so a slow or failing downstream consumer doesn't take the ingest producer down.	10_4-aws
**Name all 13 patterns and one signal for each**, cold, no notes. This is the single most important recall in the chapter.	The 13 patterns and their signals: **Two Pointers** (sorted array or pairs/triples from both ends), **Sliding Window** (contiguous subarray/substring plus a constraint like longest/shortest/at-most-K), **Fast & Slow Pointers** (linked list cycle detection or finding the middle), **Hashing for O(1) Lookups** ("have you seen this before," counting, complements, deduping), **Binary Search, including on the answer** (a sorted structure, or a monotonic yes/no feasibility question), **BFS/DFS** (trees, graphs, grids, connected components, shortest unweighted path), **Backtracking** (generate all combinations/permutations/subsets, constraint satisfaction), **Dynamic Programming** ("number of ways"/"min-max cost" with overlapping subproblems and optimal substructure), **Heap/Top-K** (top K, K closest, median of a stream), **Intervals** (inputs are `[start, end]` pairs, merge/overlap questions), **Stack/Monotonic Stack** (matching/nesting, next greater/smaller element), **Prefix Sums** (many range-sum or subarray-sum queries), and **Greedy** (a locally optimal choice that's provably globally optimal).	15_1-coding-interviews
**What are the four axes interviewers score, and why is "can you code" only one of them?**	The four axes: **problem solving** (did you find a working approach, did you improve it), **coding** (clean, correct, idiomatic, bug-free), **communication** (thinking aloud, clarifying, explaining tradeoffs), and **complexity** (can you analyze and reason about time/space). Only the second axis is literally "can you code"; the other three are about how you think and communicate. A candidate who talks through a clean solution beats a silent candidate who types a clever one nobody understood, because it's a conversation that happens to involve code.	15_1-coding-interviews
**Walk through UMPIRE** on a fresh problem out loud, spending real time on Understand/Match/Plan before coding.	A model walkthrough follows the six UMPIRE steps in order. **Understand**: restate the problem, ask clarifying questions about input types, ranges, duplicates, empty input, and what to return. **Match**: say out loud which pattern's signals fit the problem, for example "contiguous substring with a constraint, that's Sliding Window." **Plan**: describe the approach in plain English before touching code, walk a tiny example by hand, and get agreement before proceeding. **Implement**, **Review** (trace the code on an example and hunt edge cases), and **Evaluate** (state time and space complexity) follow after. The amateur move is jumping straight to Implement; the strong move is spending real time on Understand, Match, and Plan first, before writing a line of code.	15_1-coding-interviews
**Why does spaced-repetition re-solving beat re-reading?** What's your re-solve schedule?	Re-reading a solution you didn't fight for teaches almost nothing; a problem isn't really "done" the first time you solve it, because first-solve recall fades fast. Re-solving from a blank file forces genuine recall instead of pattern-matching against a memorized solution, if you can't re-derive it cold, you never owned it. The schedule is to re-solve after 1 day, then 1 week, then 1 month, tracking in a log whether you're confident yet.	15_1-coding-interviews
**Pick three patterns and write their template from a blank file**, then state the time/space complexity of each out loud.	This is the pattern-playbook exercise: re-derive each pattern's template pseudocode from a blank file in your own words rather than copying it, so it becomes half-internalized. Three worked examples: **Two Pointers** (converging indices scanning toward each other on a sorted array) runs O(n) time, O(1) space. **Sliding Window** (expand the right edge, shrink the left edge when the constraint is violated) runs O(n) time, O(min(n, alphabet)) space. **Backtracking** (choose, recurse, un-choose over partial solutions, e.g. generating subsets) runs O(n times 2^n) time, since there are 2^n subsets and O(n) to copy each. Stating the dominant term and why it dominates, out loud, is what interviewers listen for.	15_1-coding-interviews
**What do you do when you're stuck for 30 seconds in an interview?** (Say what you know, work an example, brute force, take the hint gracefully, never go silent.)	A model response follows five steps for being stuck. Say what you know and what's blocking you, for example "I know this needs the K-largest, so a heap fits, but I'm not sure how to handle ties," which invites a hint. Go back to a concrete example and work it by hand to surface the mechanical insight. Try the brute force, since a working slow solution beats an elegant blank screen and you can optimize after. Take any hint gracefully and not defensively. And never go silent, a few seconds of thinking is fine but thirty seconds of silence is a red flag, so narrate even your confusion.	15_1-coding-interviews
**Recite the 9-step framework** from memory, and state the two unbreakable rules (requirements before solutions; estimates before architecture).	The 9 steps: **Requirements** (functional and non-functional, ask clarifying questions first), **Scope** (explicitly cut features), **Estimates** (back-of-envelope QPS, storage, bandwidth), **API** (key endpoints/method signatures), **Data model** (entities and access patterns, then pick storage), **High-level design** (boxes and arrows), **Deep dive** into the hardest one or two parts, **Bottlenecks** (find the limiting resource, add cache/replica/shard/queue), and **Tradeoffs** (say what you optimized for and gave up). The two unbreakable rules: requirements before solutions (don't design for a billion users when they said a thousand) and estimates before architecture (the math tells you whether you even need a cache or a shard).	15_2-system-design-interviews
**For each building block** (LB, cache, CDN, replicas, queue, rate limiter, sharding), what pressure does it relieve, in one sentence?	**Load balancer**: relieves the need for many app servers to look like one service and lets you survive node death. **Cache**: relieves read-heavy load on the DB and cuts latency. **CDN**: relieves geographic latency for static/cacheable content. **Replicas**: relieve read load by scaling reads across copies of the database. **Queue**: relieves slow, spiky, or fan-out work by decoupling it into async processing. **Rate limiter**: relieves abuse/overload pressure on the system. **Sharding**: relieves a single database when data or writes exceed what one primary can hold.	15_2-system-design-interviews
**Walk the URL shortener** end to end out loud in under 6 minutes.	A model walkthrough for the URL shortener. Requirements: `shorten(long_url) -> short_code` and a redirect endpoint returning a 301; redirects must be very low latency and highly available, the workload is read-heavy, links are effectively permanent; scope is shortening and redirecting, analytics is secondary. Estimates: a large volume of new links per month with reads roughly 100x writes, storage in the low terabytes, meaning caching matters a lot and sharding can wait. API: an endpoint to shorten and an endpoint to redirect by code. Data model: a single links table (code, long_url, created_at, click_count), a key-value shape. Code generation: base62 of an auto-increment counter, simple and collision-free, versus random plus collision check. Diagram: client, load balancer, app servers, a Redis cache mapping code to long_url, and the database on a cache miss. Deep dive: cache the code-to-URL mapping since link popularity is heavily skewed, so hit rate is high. Tradeoffs: optimize for read latency and availability, accept eventual consistency on click counts by incrementing them asynchronously via a queue instead of on the hot redirect path.	15_2-system-design-interviews
**Explain fan-out on write vs. read** and when you'd use the hybrid, this is the Twitter-lite signal.	**Fan-out on read (pull)**: at feed time, fetch posts from everyone you follow and merge by time; writes are simple but feed reads are expensive. **Fan-out on write (push)**: when a user posts, push the post into each follower's precomputed feed list, so feed reads become a cheap lookup, at the cost of more work and storage at write time. Since a feed is typically read-heavy, fan-out on write fits the common case, but it breaks down for the celebrity problem, a user with tens of millions of followers would trigger tens of millions of writes per post. The fix is a **hybrid**: fan-out on write for normal users, and fan-out on read, merging in at read time, for celebrities.	15_2-system-design-interviews
**Why must a distributed rate limiter's counter live in Redis, and why does the decrement need to be atomic?**	With many app servers behind a load balancer, a per-server in-memory counter is wrong because a client could get N requests per server instead of N total, so the counter has to be shared and centralized across all servers. It also has to be fast and in-memory since the limiter runs on essentially every request, which rules out hitting a SQL database and points at Redis. The check-and-decrement must be atomic, for example via a Lua script or an atomic increment with expiry, to avoid a race condition where two concurrent requests both read the counter before either decrements it, letting more requests through than the limit allows.	15_2-system-design-interviews
**List four red flags** that tank a junior design round.	Four red flags: jumping straight to a diagram without requirements or estimates (the number one mistake), buzzword salad (naming Kafka, Kubernetes, or microservices with no reason a pressure demands them), over-engineering (designing for a billion users when they said a thousand), and going silent while thinking instead of narrating. Two more: giving no explicit tradeoffs, and refusing to commit to a decision.	15_2-system-design-interviews
**Design a deck of cards (or parking lot) out loud**, naming each class, its responsibility, and whether you chose composition or inheritance and why.	A model walkthrough for a deck of cards: `Suit` and `Rank` are enums, fixed sets that prevent invalid cards; `Card` is immutable rank-plus-suit data; and `Deck` has-a list of `Card` objects, composition rather than inheritance, exposing `shuffle()` and `deal(n)` as its responsibilities. Composition is chosen because a deck isn't a kind of card, it contains cards; extending to multiple decks just means multiplying the card list in `Deck.__init__` without changing the rest of the API. The same pattern applies to a parking lot: `ParkingLot` has-a list of `Level`s, each `Level` has-a list of `Spot`s, and a `Spot` holds a size and an occupying `Vehicle`; `Vehicle` is the one place inheritance fits, as a base class with `Car`/`Motorcycle`/`Truck` subclasses, with the lot exposing `park(vehicle)` and `leave(ticket)`.	15_2-system-design-interviews
**What does each letter of STAR stand for, and which two letters should dominate the answer?**	STAR stands for **Situation** (set the scene briefly), **Task** (what your specific responsibility or goal was), **Action** (what you did, step by step), and **Result** (the outcome, quantified if possible, plus what you learned). **Action and Result** should dominate the answer, since the most common failure is living in Situation and Task forever and never getting to a concrete Action and Result.	15_3-behavioral-resume-jobsearch
**Deliver your "tell me about yourself"** in 60-90 seconds, ending with a tie to a specific role.	A model answer follows the arc of who you are, proof through concrete projects, then why this specific role: state your background and area of strength, walk through one or two real projects that demonstrate it with specifics, mention any related work experience, and close by tying it directly to why this role and company fit that trajectory. It isn't really STAR, it's a 60-90 second narrative that always ends by connecting to the specific role you're interviewing for rather than trailing off generically.	15_3-behavioral-resume-jobsearch
**State the resume bullet formula** and turn one weak bullet from your own resume into a strong one out loud.	The formula is: strong action verb, plus what you built or did with the technology named, plus a measurable impact or result. Example transformation: a weak bullet like "Helped build a dashboard for a finance app" becomes a strong one like "Built a real-time analytics dashboard (React, FastAPI) serving sub-second queries over 1M+ records via Redis caching and indexing." The strong version names the action, the tech, and a concrete, quantified impact; numbers don't have to be huge, they have to be concrete.	15_3-behavioral-resume-jobsearch
**List four things to cut from a new-grad resume** and three things that help it survive an ATS.	Four things to cut: an "Objective" statement, high school anything once you have a degree, a skills bar or rating (like a Python skill meter), and soft-skill claims with no evidence such as "team player" or "hard worker." Three things that help survive an ATS: a clean single-column layout (multi-column or graphic templates get bullets scrambled or dropped), standard section headers like Experience, Projects, Skills, and Education, and honestly mirroring keywords from the job description while submitting as a PDF with selectable text.	15_3-behavioral-resume-jobsearch
**Why are referrals the highest-ROI channel, and how do you ask for one** in a way that's easy to say yes to?	Referrals are the highest-ROI channel because a referral can be five to ten times more likely to get an interview than a cold application. To ask in a way that's easy to say yes to, name the specific role or team, tie it to something real you've built, ask directly whether they'd be open to referring you or pointing you to the right person, and make it effortless by attaching your resume, the exact job link, and a two-to-three sentence blurb they can paste, while offering an explicit out like "no worries if not."	15_3-behavioral-resume-jobsearch
**Walk through the negotiation script** for a first offer, including what to say when asked for a number first.	When asked for a number first, deflect: express interest in learning more about the role and ask what range they had in mind, and if pressed, give a researched range pulled from public salary data for that company, level, and location. Get the offer in writing, then ask for a few days to consider it rather than accepting on the spot. If you have leverage, like a competing offer or being in final rounds elsewhere, mention it, then make a specific ask to move the base toward the top of that range. Negotiate the whole package, sign-on bonus, equity, start date, relocation, not just base salary, since sign-on is often the easiest lever for new grads, and stay gracious throughout since the worst outcome of asking is a polite no.	15_3-behavioral-resume-jobsearch
**Describe your weekly job-search routine** and which funnel number tells you to fix the resume vs. practice patterns vs. mock more.	A weekly cadence of roughly 10-12 hours: apply to several tailored roles and send a couple of referral asks early in the week, split coding practice by pattern with a mock interview mid-week, do system design practice plus polishing behavioral stories, spend a day on follow-ups (thank-you notes, nudging stale referrals, updating the tracker), a day on project or GitHub polish, and a day to rest and review the week's funnel numbers. The funnel diagnosis: lots of applications with no callbacks means fix the resume or get more referrals; lots of screens with no onsites means practice the coding patterns more; onsites with no offers means mock more and work on behavioral answers.	15_3-behavioral-resume-jobsearch
**Why does a deployed project beat a resume claim**, what three jobs does a portfolio project do at once?	A deployed project beats a resume claim because an interviewer can't verify "proficient in React/FastAPI" as a sentence, but they can click a live link, read the README, and browse clean commits, no trust required. Projects do three jobs at once: proof over claims (a deployed app demonstrates skill instead of asserting it), interview fuel (every behavioral question gets a real, specific answer instead of a hand-wave), and differentiation (an interesting, deployed project is what makes a recruiter stop scrolling among thousands of new grads with similar coursework).	15_4-capstone-projects
**Name four things that separate an impressive project from a forgettable tutorial clone.**	Four things that separate an impressive project: solving a real problem you or someone else actually has, rather than a todo app or exact tutorial clone; being end-to-end, covering data, logic, API, and UI (or the full systems path), rather than a single isolated script; being deployed with a live URL anyone can click, rather than only running on your laptop; and being tested with CI passing, rather than having no tests at all. Two more: a documented README explaining the why, how, and demo, and showing a decision or tradeoff you can actually discuss in an interview.	15_4-capstone-projects
**What's the #1 reason projects die, and what's the discipline that prevents it?** (Scope → ship the MVP first, deployed.)	The number one reason projects die is scope, building forever and never shipping. The discipline that prevents it: define the MVP brutally, the smallest version that solves the core problem end to end, ship that MVP first while deployed, since an ugly deployed MVP beats a polished unfinished thing on localhost and deploying early surfaces the hard parts like env config and secrets while the app is still small, then add stretch features one at a time, each on its own branch, and timebox the whole effort to a few weeks.	15_4-capstone-projects
**What are the two highest-value sections of a README, and why?**	The two highest-value sections are a visible demo, a GIF, screenshot, or live link near the top, which earns the click, and a "what I learned / tradeoffs" section near the bottom, the honest, interesting part covering a hard problem you hit and how you solved it, or a decision you'd revisit. That second section is what an interviewer actually reads and asks about, so it hands them their questions and hands you your STAR stories.	15_4-capstone-projects
**Pick two of the six projects and, for each, name the chapters it exercises and the one thing you'd highlight in an interview.**	A full-stack CRUD-and-auth app exercises frontend and backend chapters, auth and permissions, relational schema design and indexing, Docker, CI/CD, git workflow, and web app security; the thing to highlight in an interview is how you secured it, password hashing, token expiry, and scoping every query to the authenticated user to avoid an authorization bug. A mini key-value store exercises hash tables (since you're building the storage engine itself), memory, concurrency for many clients, TCP sockets, protocol design, eviction concepts, and complexity analysis; the thing to highlight is a benchmark plus the line that building a mini Redis gives you a genuinely deeper understanding of caching, eviction, and the cost of persistence, which makes your system-design answers more credible.	15_4-capstone-projects
**Walk through how you'd present a project in an interview** (problem → role & decisions → hard part → result/learning).	Lead with the problem, what real problem the project solves and for whom, not a tech stack dump. Then your role and key technical decisions, your chance to show design thinking, like why you picked a given architecture or data model. Then a hard part and how you handled it, ideally a nasty bug or a real tradeoff, since that becomes a behavioral story. Then the result and what you learned, the outcome plus a thoughtful "what I'd do differently," which signals growth. Practice this roughly two-minute version out loud, since you'll give it in nearly every interview.	15_4-capstone-projects
**Why write the README before the feature code?**	Writing the README first, the pitch, the problem, planned features, and the stack and why, forces you to clarify what you're actually building before you build it, the same requirements-before-solutions discipline used in system design interviews. It also means your first commit is the scaffold plus README, so the git history tells a clean story from day one.	15_4-capstone-projects
**Entities:** Name the four entity types and the liability/tax/raising trade-off of each. Why is a VC-backed startup almost always a *Delaware C-corp*?	The four entities are sole proprietorship, LLC, C-corporation, and S-corporation. Sole proprietorship has no liability protection, profit flows onto your personal return with self-employment tax, and you can't raise money since there are no shares to sell. An LLC gives limited liability and pass-through taxation but is awkward for VC because funds generally don't want LLC membership interests. A C-corp has limited liability, faces double taxation in the classic case, and is ideal for raising because it offers clean preferred stock and a standard option pool. An S-corp keeps limited liability and pass-through taxes but restricts the number and type of shareholders, which collides with how VC investing works. VC-backed startups converge on a Delaware C-corp because C-corp status is what VC funds require off the shelf, and Delaware specifically offers deep, predictable corporate case law, so every VC lawyer already knows how to paper the deal.	21_1-software-company
**Cap table:** What is dilution, and why can it *raise* the value of your stake even as your percentage falls? Compute an investor's ownership from investment and post-money.	Dilution happens when the company issues new shares, to investors or an option pool: total shares outstanding grows, so everyone who didn't get new shares owns a smaller percentage. It can still raise the value of your stake because a good round grows the whole pie, so a smaller percentage of a much bigger company can be worth as much or more in dollar terms than a bigger percentage of a small one. Investor ownership equals investment divided by post-money valuation; for example, a $2,000,000 investment on an $8,000,000 pre-money valuation gives a $10,000,000 post-money, so the investor owns 2,000,000 divided by 10,000,000, or 20%.	21_1-software-company
**Vesting:** What is a 4-year vest with a 1-year cliff, and what problem does it solve?	A 4-year vest with a 1-year cliff means shares are earned over time rather than owned outright on day one: nothing vests for the first year, then 25% vests at once at the one-year mark, the cliff, and the remaining 75% vests monthly over the following three years. It solves the problem of a co-founder or employee quitting after a few months and walking away with a permanent slice of the company; with vesting they leave with nothing before the cliff, or only their earned portion after it. Investors require it, but founders should want it regardless, since it's the mechanism that makes shared commitment actually enforceable.	21_1-software-company
**PMF:** Give two concrete signals you'd actually have found product-market fit.	Retention curves that flatten instead of decaying to zero, meaning people keep coming back, is the single most honest signal of product-market fit. Another is the "very disappointed" test: survey users on how they'd feel if they could no longer use the product, and roughly 40% or more answering very disappointed is a strong PMF signal. Both beat vanity metrics like signups or pageviews, which feel good but don't tell the truth about whether people actually need the product.	21_1-software-company
**Unit economics:** Define CAC, LTV, churn, gross margin, payback. Why compute LTV on *gross profit*? What are the healthy targets for LTV:CAC and payback?	CAC is the fully loaded cost to acquire one customer, sales and marketing spend divided by customers acquired. LTV is the total gross profit one customer generates over their lifetime. Churn is the rate customers cancel per period; its inverse gives average customer lifetime. Gross margin is revenue left after the direct cost of serving a customer, hosting, APIs, support. Payback is CAC divided by monthly gross profit, how many months it takes to earn back the acquisition spend. LTV is computed on gross profit rather than revenue because using revenue overstates the truth by ignoring cost-to-serve. Healthy targets: an LTV to CAC ratio of at least 3 to 1, and CAC payback under 12 months.	21_1-software-company
**Market sizing:** Compute TAM/SAM/SOM bottom-up. Why is "we just need 1% of a huge market" a red flag?	TAM, SAM, and SOM are built bottom-up as count of buyers times price. For example, TAM might be all companies in a category that could use the product times an annual price, giving a total addressable market in the billions; SAM narrows that to the realistic sweet-spot segment, say a few hundred million; and SOM is the realistic share of SAM captured in a few years, in the low millions of ARR. "We just need 1% of a huge market" is a red flag because it's a lazy top-down number with no defensible inputs, signaling you haven't thought about how you'd actually reach customers, whereas a bottom-up number is defensible because every input, buyer count and price, is something you can argue for.	21_1-software-company
**Funding:** SAFE vs priced round? What is the SAFE-stacking surprise? Why might *grants* matter specifically for Anneava?	A priced round sets a valuation now and issues priced preferred stock with full legal docs, standard from Series A on. A SAFE gives an investor money now for the right to shares later at the next priced round, without setting today's valuation, using a valuation cap or discount to reward the early investor; it's faster, cheaper, and standard for pre-seed and seed. The SAFE-stacking surprise is that SAFEs feel dilution-free today since nothing converts immediately, but stack several SAFEs with low caps and they all convert at once at the next priced round, leaving founders far more diluted than any single instrument suggested. Grants might matter specifically for a healthcare venture like Anneava because it has access to research and health-focused, non-dilutive grants that pure consumer software apps don't, widening the funding menu beyond just raising from VCs.	21_1-software-company
**Runway:** Compute runway from cash and net burn. Why start raising with 6+ months left? Default-alive vs default-dead?	Runway equals cash in the bank divided by net burn, where net burn is cash going out minus cash coming in per month. You should start raising with 6 or more months of runway left because a raise itself takes months to close and running out of cash mid-raise is fatal, so you need to start the next raise well before the money runs out, not right before it does. Default-alive means current growth makes the company profitable before cash hits zero, so it's in control of its own fate; default-dead means it must raise again or die regardless of how growth looks.	21_1-software-company
**Execution:** What's the most valuable Scrum ceremony, and why? Score three features with RICE and rank them.	The retrospective is the most valuable Scrum ceremony because it's how the team improves itself, reflecting on what went well, what didn't, and what to change, rather than status theater. RICE score equals reach times impact times confidence divided by effort. Scoring three example features: a new dashboard with high reach, high impact, moderate confidence, but higher effort scores highest; dark mode, cheap effort with full confidence but low impact, scores second; and SSO login, moderate reach and impact but lower confidence and moderate effort, scores lowest. Ranked by score, the cheap high-confidence feature can beat a more impactful but expensive, uncertain one.	21_1-software-company
**Regulatory mindset:** Explain *in one paragraph* why Anneava routes payments through a licensed facilitator, and state the general mindset it illustrates. ---	Anneava routes payments through a licensed payment facilitator because moving money on behalf of others is heavily regulated in the US; a business that transmits money for others risks being classified as a money services business or money transmitter, which triggers federal registration and a punishing state-by-state licensing patchwork. Rather than take on that classification itself, Anneava lets a facilitator that already holds the licenses move the funds while Anneava orchestrates the workflow around it, getting the functionality without the licensing burden. The general mindset: ask what activity you're actually doing legally, not what you call it, find out which regulatory classification it falls into before building, and architect the business so the regulated activity sits with the party licensed to handle it, since being demonstrably compliant is itself a sales asset in regulated markets.	21_1-software-company
**Von Neumann model.** One memory holds both instructions and data; CPU (control unit + ALU + registers) talks to it over a bus. "Code is data" enables compilers, JITs, and self-modifying code. Real chips dodge the von Neumann bottleneck with split I-cache/D-cache (Harvard *inside*).	The von Neumann model uses a single memory to hold both instructions and data, with the CPU, control unit, ALU, and registers, connected to that memory over a bus. Because code and data are the same kind of stuff in memory, "code is data," which is what makes compilers, JIT compilers, and self-modifying code possible, a JIT can write new machine-code bytes into memory and then jump into them. That shared path also creates the von Neumann bottleneck, since the CPU can't fetch an instruction and access a data word over the same channel at the same instant; real chips work around this at the microarchitecture level with separate instruction and data caches, a Harvard-style split, so the system is von Neumann overall but Harvard inside the chip.	25_1-computer-architecture
**ISA vs microarchitecture.** The ISA is the stable software-visible contract (instructions, registers, memory model); the microarchitecture is the ever-changing implementation. RISC (ARM, RISC-V, simple, fixed-length, load-store) vs CISC (x86, complex, variable-length); modern x86 is RISC-inside, CISC-outside.	The ISA is the documented, stable contract a CPU makes with software, specifying its instructions, registers, and memory model, while the microarchitecture is the actual implementation underneath, pipeline depth, caches, branch predictors, which changes every chip generation without breaking that contract. RISC ISAs like ARM and RISC-V use few, simple, fixed-length instructions in a load-store design where only load and store touch memory, while CISC ISAs like x86 use many complex, variable-length instructions that can each do more work. Modern x86 chips decode their complex CISC instructions into small RISC-like micro-ops and run those on an internally RISC-style pipeline, so today's chips are RISC on the inside and CISC on the outside purely for backward compatibility.	25_1-computer-architecture
**Fetch-decode-execute.** PC names the next instruction; fetch into IR, decode, execute (ALU / memory / write reg / change PC), repeat. Control flow is just *writing a new value into the PC*.	The program counter holds the address of the next instruction to run. Fetch loads that instruction into the instruction register and advances the PC, decode figures out the operation and its operands, and execute actually performs it, whether that means an ALU operation, a memory access, writing a register, or changing the PC, then the cycle repeats. All control flow, branches, loops, jumps, comes down to nothing more mysterious than writing a new value into the PC.	25_1-computer-architecture
**Single-cycle CPU.** Each instruction completes fully before the next. We built one in Python: registers, data memory, PC, an ALU, and a handful of instructions running a real program.	A single-cycle CPU completes each instruction fully, fetch through execute, before starting the next one; it's the simplest correct CPU design. The chapter builds one in Python with registers, a data memory array, a program counter, an ALU, and a small instruction set (things like LOADI, ADD, SUB, MUL, LOAD, STORE, JZ, JMP, HALT), then runs a real program on it to show fetch-decode-execute actually happening, one cycle charged per instruction.	25_1-computer-architecture
**Pipelining.** Overlap instruction stages like a laundry assembly line. Throughput → ~one instr/cycle; speedup approaches the number of stages for long runs. **Hazards** (structural, data, control) force stalls; fixed by forwarding, bubbles, and branch prediction. Hazards raise effective CPI.	Pipelining overlaps the stages of successive instructions the way an assembly line overlaps loads of laundry: the next load starts washing while the first is drying instead of waiting for it to finish completely. This pushes throughput toward about one instruction completed per cycle, and for long instruction runs the speedup approaches the number of pipeline stages, since the one-time fill cost becomes negligible. Hazards break that ideal: structural hazards (two instructions wanting the same hardware unit), data hazards (an instruction needing a result not yet produced), and control hazards (not knowing which instruction to fetch after a branch) all force stalls or flushes, addressed by duplicating hardware, forwarding results between stages, and branch prediction; every hazard that forces a stall pushes the effective CPI above the ideal 1.0.	25_1-computer-architecture
**Memory hierarchy.** registers→L1→L2→L3→RAM→disk; each ~10× bigger and slower. Caches exploit **temporal** and **spatial locality**, fetch **64-byte lines**, and use direct-mapped / set-associative / fully-associative mapping with write-through or write-back policies. Hit rate dominates performance because of the ~100× L1-vs-RAM cliff.	The memory hierarchy runs registers, L1, L2, L3, RAM, then disk, each level roughly 10x bigger and 10x slower than the one above it. Caches work because programs show temporal locality, recently used addresses get reused, and spatial locality, nearby addresses get used soon after, so caches fetch data in 64-byte lines and use direct-mapped, fully-associative, or set-associative schemes to decide where a line can live, paired with a write-through or write-back policy for handling writes. Hit rate dominates real performance because of the roughly 100x latency cliff between an L1 hit and a RAM access, so a small change in hit rate swings runtime dramatically.	25_1-computer-architecture
**Going wider.** Superscalar (multiple instr/cycle), out-of-order (hide latency), SIMD (vector ops), multicore (separate streams). All to keep the silicon busy.	Beyond pipelining's roughly one instruction per cycle, architects add more parallelism: superscalar issues multiple instructions per cycle using multiple execution units, out-of-order execution reorders work so the CPU can keep running independent instructions while a slow one, like a cache-missing load, is still pending, hiding its latency, SIMD applies one instruction to multiple data values at once, and multicore puts multiple full CPUs on one chip to run separate instruction streams. All of these exist for the same reason, keeping the silicon busy instead of idle.	25_1-computer-architecture
**Iron law.** `CPU time = instructions × CPI × cycle time`. You must reason about all three (and memory behavior), never judge a CPU by clock speed or instruction count alone. ---	The iron law of performance states CPU time equals instructions times CPI (cycles per instruction) times cycle time. Because these three factors trade off against each other, for example RISC-style code runs more instructions but at a lower CPI and faster clock than CISC-style code, you can't judge a CPU by clock speed or instruction count alone; you have to reason about the product of all three, plus memory and cache behavior, to know whether a design or change is actually faster.	25_1-computer-architecture
**Why assembly.** Demystification (closes the stack from Python to electrons), debugging (ground truth in crashes/optimized builds), performance (know what your code compiles to), security (overflows are an asm-level phenomenon, 12.x), compilers (codegen is emitting asm, 24.2). The skill is *reading without panic*, not fluent writing.	Learning assembly isn't about writing large programs by hand, the compiler is better at that bookkeeping, it's about being able to read it without panic. There are five reasons to learn it: demystification, since assembly is the rung where your code meets the hardware, closing the loop from a high-level language down to electrons; debugging, because a crash's stack trace, an optimized build, or a core dump often only makes sense at the assembly level, the ground truth; performance, since making code fast requires knowing what it actually compiles to; security, since buffer overflows and related exploits are assembly-level phenomena; and compilers, since a compiler's back end is a program that emits assembly, so understanding codegen means understanding this.	25_2-assembly-programming
**Mental model.** Registers (16 fast slots inside the CPU), memory (the big array), flags (ZF/SF/CF/OF set by ops). `cmp`/`test` set flags; conditional jumps read them, that pair builds *all* control flow.	The CPU operates on three things: registers, a small set of ultra-fast storage slots inside the CPU where almost all work actually happens; memory, the big addressable array where everything not currently being worked on lives; and flags, bits in the status register (zero, sign, carry, overflow) set by operations, especially comparisons. `cmp` and `test` set these flags without storing a result, and conditional jumps read them to decide whether to branch; that flag-setting-then-conditional-jump pair is the entire mechanism behind every `if`, `while`, and `for` loop.	25_2-assembly-programming
**Syntax.** x86-64 primary; **AT&T syntax** (`op src, dst`, destination on the right, `%reg`, `$imm`) is the GNU/`objdump` default. Intel is `op dst, src`. ARM64 is RISC, load-store, args in `x0..x7`, same concepts, different spelling.	x86-64 is the primary architecture covered, using AT&T syntax, the GNU/`objdump` default on Linux and Mac, where instructions take the form `op src, dst` with the destination on the right, registers prefixed with `%`, and immediates prefixed with `$`. Intel syntax reverses the operand order to `op dst, src` with no such prefixes, and is used by Intel's manuals and Windows tooling; either can be forced with a compiler or objdump flag. ARM64 is a RISC, load-store architecture where only `ldr`/`str` touch memory, with arguments passed in `x0` through `x7`; the underlying concepts, registers, flags, compare-and-branch, stack, call and return, are identical to x86, only the spelling differs.	25_2-assembly-programming
**Core instructions.** `mov`/`lea` (move/address), `add`/`sub`/`imul`/`xor` (arithmetic & idiomatic zeroing), `cmp`/`test` (set flags), conditional/unconditional jumps, `push`/`pop` (stack), `call`/`ret` (functions).	The core vocabulary covers moving data with `mov` and computing addresses without touching memory with `lea`; arithmetic and logic with `add`, `sub`, and `imul`, plus idioms like `xor reg, reg` to zero a register faster than a `mov`; setting flags for comparison with `cmp` and `test`, neither of which stores a result, they only set flags; conditional and unconditional jumps that read those flags to decide whether to branch; `push`/`pop` for moving data on and off the stack; and `call`/`ret` for invoking and returning from functions.	25_2-assembly-programming
**Calling convention (System V AMD64).** Integer args in `rdi, rsi, rdx, rcx, r8, r9`; return in `rax`. Caller-saved (`rax, rcx, rdx, rsi, rdi, r8-r11`) vs callee-saved (`rbx, rbp, r12-r15`). A function call = put args in registers, `call` (pushes return address), prologue builds a stack frame, body runs, epilogue tears it down, `ret` pops the return address. The return address sits on the stack above the locals, *which is why buffer overflows can hijack control flow*, and why canaries/NX/ASLR exist (12.x).	Under the System V AMD64 calling convention, the first six integer or pointer arguments go in `rdi`, `rsi`, `rdx`, `rcx`, `r8`, and `r9` in order, and the return value comes back in `rax`. Registers split into caller-saved, which a called function may freely overwrite, and callee-saved, which a function must save and restore if it uses them. A function call works by putting arguments in those registers and executing `call`, which pushes the return address and jumps to the function; the callee's prologue then builds a stack frame, the body runs, the epilogue tears the frame down, and `ret` pops the return address back into the instruction pointer. Because that return address sits on the stack directly above the local variables, a buffer overflow that writes past a local array can overwrite it and hijack control flow when `ret` executes, which is exactly why defenses like stack canaries, non-executable stack, and address space layout randomization exist.	25_2-assembly-programming
**Reading compiler output.** `gcc -S` emits the compiler's asm; compare `-O0` (literal, stack-heavy, debuggable) vs `-O2` (register-resident, hoisted, sometimes loop-eliminated). `objdump -d` disassembles the actual binary, showing the real machine-code bytes the CPU fetches. **godbolt.org** does all this in the browser.	`gcc -S` emits the compiler's own assembly for a source file, before assembly or linking, letting you compare `-O0` output, literal and stack-heavy, reloading variables from stack slots every iteration, deliberately kept dumb so debuggers can map every variable to source, against `-O2` output, values kept in registers, loop-invariant work hoisted out, and sometimes a loop replaced entirely with a closed-form calculation. `objdump -d` disassembles the actual compiled binary, showing the real machine-code bytes the CPU fetches alongside the mnemonics, the ground truth of what actually runs versus what the compiler emitted as text. godbolt.org, the Compiler Explorer, does all of this interactively in the browser, showing source and generated assembly side by side.	25_2-assembly-programming
**How HLL maps down.** Locals → registers/stack slots; arrays → base + scaled index (cache-friendly, 25.1); structs → base + offsets; `if` → `cmp`+jump; loops → label + `cmp`+jump-back; calls → convention; recursion → nested stack frames (why it can overflow, 05.1). ---	Local variables map to registers when there's room, or to stack slots when there isn't or when their address is taken; arrays map to a base address plus a scaled index, base plus index times element size, which is exactly why contiguous arrays are cache-friendly, since sequential indices walk sequential addresses; structs map to a base address plus fixed byte offsets per field, with gaps showing up as alignment padding. An `if` compiles to a comparison followed by a conditional jump around a block, a loop compiles to a label, a comparison, and a conditional jump back to that label, and function calls compile to loading arguments into the calling convention's registers and issuing `call`. Recursion is just ordinary call and return, but each call pushes a new stack frame, which is literally why deep recursion can overflow the stack, since every frame consumes finite stack space.	25_2-assembly-programming
Explain the live-interpreter versus translated-book distinction to a Python programmer, and use it to account for three facts: C++ catches type errors before running, has no REPL workflow, and runs faster.	Running Python is like giving a speech through a **live interpreter**: the interpreter reads your source, and then sits in a loop doing fetch-decode-typecheck-execute for every single bytecode instruction, re-translating the whole speech every time you run it. C++ is a **translated book**: the **compiler** reads your entire program once, ahead of time, and produces finished machine code that the CPU reads directly, with nothing standing between the text and the reader. That one difference explains all three facts. Type errors surface early because the translator reads everything before anything runs, so `"3" + 4` is rejected at translation time on every path, including ones your tests never exercise. There's no REPL because a finished book can't be edited live: you edit, recompile, and rerun, a longer cycle traded for a faster program. And it runs faster because the per-operation interpreter overhead is gone, plus the translator is allowed to be slow and clever, spending seconds rewriting your loops into better ones since it pays that cost only once.	29_1-cpp-for-python-programmers
Walk through what each of the three pipeline stages (preprocessor, compiler, linker) does to a `hello.cpp`, and name one error message characteristic of stage 2 and one characteristic of stage 3.	Typing `g++ hello.cpp` launches a three-stage pipeline. The **preprocessor** runs first and is pure text manipulation: `#include <iostream>` literally pastes the contents of that file in place, which is why a five-line hello-world balloons to about 32,000 lines before the compiler proper sees it (watch it with `g++ -E`). The **compiler** then parses the expanded source, enforces the type rules, and emits machine code for your functions into an object file; for functions you call, it only needs declarations, emitting "call sort, address to be filled in later." The **linker** fills in that "later": it matches every unresolved call against a definition in your object files and the precompiled libraries, stitching one executable. A characteristic stage-2 error is a type mismatch like `error: no matching function for call to 'push_back(const char [6])'`, complete with candidate notes. The characteristic stage-3 error is `undefined reference to 'average(...)'` coming from `ld`: a promise was made (a declaration) that nobody kept (no definition), and no amount of editing your `#include`s fixes it.	29_1-cpp-for-python-programmers
Take the mutate-vs-rebind example from 5.1 and narrate what happens to each function when the list becomes a `std::vector`: where does the copy happen, and what single character changes the behavior?	In Python, `mutate(lst)` sees the caller's list because assignment and argument passing copy the arrow, never the object: two names, one shared heap list. C++'s default is **value semantics**: the variable *is* the box, so passing `std::vector<int> v` by value copies the entire vector, all elements duplicated, right at the function call boundary. A function like `try_to_mutate(std::vector<int> v)` then does `v.push_back(99)` on its private copy, the copy dies when the function returns, and the caller's data never moves: the vector still has 3 elements. The single character that changes everything is `&`: declare the parameter `std::vector<int>& v` and now `v` is a **reference**, another name for the caller's actual vector, so the push_back is visible and the size becomes 4. A nice bonus: the mutate-vs-rebind distinction Python needed simply dissolves in C++, because when the variable is the object, the only question left is "did you receive a copy or a reference?"	29_1-cpp-for-python-programmers
A teammate writes `void process(std::vector<double> data)` for a ten-million-element vector and their program is mysteriously slow. Diagnose it, give the fix, and explain the difference between `&` and `const&` in your recommendation.	The diagnosis is value semantics doing exactly what it says: that signature passes by value, so every call photocopies all ten million doubles into a fresh vector just so the function can glance at them, then destroys the copy on return. The fix is to pass by reference, and the right default is `const std::vector<double>& data`, which you should read as one unit: "I need to look at your vector, I won't copy it, and I promise not to change it." The difference between the two reference forms is the permission granted: a plain `&` shares the caller's object *and* hands the function license to modify it, while **`const&`** shares without touching, and the compiler enforces the promise, so a stray `data.push_back(...)` inside won't even compile. The complete rule of thumb from the chapter: small things (ints, doubles, pointers) by value; big things you're only reading by `const&`; things you're deliberately modifying by `&`, where the `&` doubles as a warning label in the declaration.	29_1-cpp-for-python-programmers
Compare Python's `with open(...)` to `std::ifstream`'s cleanup. What runs the cleanup in each, what triggers it, and why does the C++ version need no special syntax?	In Python, the `with` statement runs the file's `__exit__` when the block ends, even if the body raised, and it exists because "acquire, use, release even on the error path" is common enough to deserve syntax. In C++, the cleanup is run by the **destructor**: `std::ifstream`'s destructor closes the file, and it fires automatically at the exact moment the stream object goes out of scope. The trigger is scope exit itself, and crucially *every* path out of a scope counts: normal fall-through, an early `return`, or an exception unwinding past the closing brace. C++ needs no special syntax because this is **RAII** riding on a rule the language already has: objects run their destructor deterministically when they die, so tying "release the resource" to the destructor makes cleanup automatic and unskippable. The deep difference is who opts in: Python's `with` must be remembered by the *user* at every call site, while in C++ the *author* of the class decided the cleanup policy once, and there is simply no way to use the object and forget to close it.	29_1-cpp-for-python-programmers
Your word-count port ran less than 2x faster than Python, but a bare arithmetic loop ran about 73x faster. Explain both numbers with one sentence each, and state the rule of thumb this gives you for deciding what's worth porting to C++.	The word-count race was under 2x (0.217s versus 0.382s on the chapter's machine) because that Python program spends its time inside `str.split`, `str.strip`, and `Counter.__setitem__`, which are not Python at all but the interpreter's C internals, so the benchmark was really optimized g++ output racing CPython's C guts. The bare `% 7` loop was about 73x faster (0.073s versus 5.37s) because every iteration's work is tiny and Python-level, so the interpreter's per-operation fetch-decode-typecheck overhead *is* the entire cost, and compiled code deletes it. The rule of thumb: **interpreter overhead lives per-operation**, so C++ buys a modest constant factor when your hot path is already C-implemented built-ins, and one to two orders of magnitude when the real work is Python-level loops (per-element arithmetic, per-record logic, simulation steps); profile first and port the loops that are actually made of Python. Two supporting morals from the same experiment: never benchmark without `-O2` (the unoptimized C++ build actually *lost* to Python), and make results observable, because the optimizer will happily replace a whole loop with a closed-form answer.	29_1-cpp-for-python-programmers
Explain the storage-unit analogy end to end: what are the key, the manager Python has, and the three key-handling failures? Which C++ tool retires each failure?	The heap is a **self-storage warehouse**: `new` rents a unit, and the pointer is the key, the only way back in. Python's warehouse has a manager who tracks who holds copies of each key (reference counting) and sweeps for units whose keyholders only reference each other (the cycle collector), so you never think about keys. The C++ warehouse has no manager, and every classic memory bug is a key-handling failure: lose the key without returning it and the unit stays rented forever (a **memory leak**); hand the key back twice and the clerk may have re-let the unit, so your second return clears out a stranger's belongings (a **double free**); photocopy the key, return the original, then sneak back in with the copy (a **use-after-free**). The retirement plan is RAII and the smart pointers built on it: `unique_ptr` (or any rule-of-five owning class) guarantees the destructor returns the key exactly once on every exit path, killing leaks; its deleted copy constructor makes "two owners of one key" a compile error, killing double frees; and for observers, `weak_ptr.lock()` gives a safe "is it still alive?" check instead of a stale photocopied key, defusing use-after-free.	29_2-memory-and-object-lifetime
A Python friend asks why C++ people are obsessed with destructors. Using the `Noisy` output and the `with`-statement comparison, explain what deterministic destruction buys and why Python needed special syntax to approximate it.	The `Noisy` experiment prints the whole lifetime model: the global constructs before `main` and destructs after it, the automatic local constructs and destructs on *every* call at the closing brace, the static local constructs once and dies at program exit, and the heap object allocated with `new` shows `construct heap` but never `destroy heap`, because nobody returned the key, so its destructor and whatever cleanup it owed simply never ran. The contrast with Python is that `__del__` runs "eventually, probably," whenever the refcount hits zero or the GC gets around to it, with no ordering or timing guarantees. C++ destruction is **deterministic**: automatic objects die at the closing brace, in reverse construction order, on every path out of the scope, including early returns and exceptions. That guarantee is what makes **RAII** work: weld "release the resource" to the destructor and cleanup becomes a consequence of scope rather than a line of code someone must remember. Python needed the special `with` syntax precisely because its destructors aren't deterministic, and `with` is opt-in at every call site, while RAII is opt-out-impossible: the author of `File` decides the cleanup policy once and every user gets it automatically.	29_2-memory-and-object-lifetime
State the rule of zero and the rule of five, and explain why writing a destructor obligates you to deal with the other four. Use the `Name` bug from the exercises as your cautionary tale.	The **rule of zero** says most classes should define none of the special member functions: if your members are themselves RAII types like `std::string`, `std::vector`, or smart pointers, the compiler-generated destructor, copies, and moves all do the right thing memberwise, so push ownership down into vocabulary types and stay boring. The **rule of five** says that if your class directly owns a raw resource (a pointer from `new`, a file descriptor), you must write or explicitly delete all five: destructor, copy constructor, copy assignment, move constructor, move assignment. The reason they travel as a package is that they encode one coherent answer to one question: *what does ownership mean for this type?* Writing a destructor announces "I own something," but the compiler's default copy still just duplicates the pointer, not the thing it points to, manufacturing two owners of one resource. The `Name` class is the cautionary tale: it `new[]`s a char buffer and deletes it in its destructor but leaves copying to the compiler, so `Name b = a;` makes `b.data_` alias `a.data_`, and at scope exit both destructors free the same buffer, a textbook double free that ASan flags instantly. The best fix is actually the rule of zero: store a `std::string` and delete all the hand-written specials.	29_2-memory-and-object-lifetime
Walk through what `std::string t = std::move(s)` does at the byte level, why it's cheap, what state `s` is left in, and how all of this differs from Python's `t = s`.	A **move** is a transfer of ownership, not a copy: `t` steals `s`'s internal heap buffer pointer (plus size and capacity), and `s` is scrubbed so it no longer claims the buffer. The chapter proves it with a megabyte string: after the move, `t.data()` equals the address `s.data()` held before, so one million characters changed owners and not one byte of them moved, which is the entire pitch. `std::move` itself moves nothing at runtime; it's a cast to rvalue reference that says "I'm done with this one, you may cannibalize it," which is what permits the move constructor to be chosen. Afterward `s` is in a **valid but unspecified state**: alive, destructible, assignable, but an empty storage unit with the lights off, so don't read from it and expect anything in particular. Python's `t = s` is a third thing entirely, name binding: no copy and no transfer, just two names for one heap object, with the reference-counting manager keeping it alive while either name exists. C++ has no such manager, so "two variables, one buffer, whoever dies last cleans up" isn't expressible with plain ownership, and the language offers the two honest options instead: deep copy or move.	29_2-memory-and-object-lifetime
Draw the ownership diagram for the `shared_ptr` cycle, show why the counts never reach zero, and show how flipping one edge to `weak_ptr` fixes it. Connect it to why CPython needs a cycle collector on top of refcounting.	In the demo, two heap `Node`s each hold a `shared_ptr` to the other: `a->next = b; b->next = a`. The stack handles `a` and `b` die at the end of `main`, dropping each node's count from 2 to 1, but each node still owns the other, so each count is pinned at 1 by an object that can only die when its own count hits zero, which requires the *other* node to die first: stalemate, no `node destroyed` lines print, and ASan reports both allocations leaked. The fix is to make one direction non-owning: keep `next` as the owning `shared_ptr` edge but make the back-edge `prev` a **`weak_ptr`**, which observes without counting as an owner and is read safely via `.lock()`, which returns a real `shared_ptr` if the object is alive and an empty one if not. With the cycle broken, both destructors run. The CPython connection: refcounting alone has exactly this blind spot, which is why CPython runs a tracing **cycle collector** on top of it to find groups reachable only from each other. C++ refuses that machinery because a tracer needs a runtime that knows where every pointer lives, plus pauses and per-object metadata, so instead C++ asks you to keep the *ownership* graph acyclic by design, demoting back-edges (child to parent, cache to entry, observer to subject) to `weak_ptr` or non-owning raw pointers.	29_2-memory-and-object-lifetime
Your teammate's code returns `Widget*` from a factory function. Argue for changing the return type to `std::unique_ptr<Widget>`: what does the new signature communicate, and which entire bug classes does it delete?	The old signature `Widget*` carries an invisible obligation: *someone* must delete this, exactly once, after everyone is done with it, and the type says nothing about who, so callers must read documentation or guess. **`std::unique_ptr<Widget>`** makes the contract part of the type: "you own this now," unambiguous documentation the compiler enforces, at exactly a raw pointer's size and speed, so there's no performance excuse to refuse. It deletes whole bug classes at once. Leaks die because the destructor calls `delete` automatically on every exit path, early returns and exceptions included. Double frees die because the copy operations are deleted, so "two owners of one pointer" is a compile error rather than a 3 a.m. incident, and ownership transfers must be explicit and visible via `return` or `std::move`. Ownership confusion dies with them, since the type system guarantees exactly one owner exists at any instant. Prefer `std::make_unique<Widget>(...)` over naked `new` in the implementation, and this is the modern-codebase default the chapter's review rules demand: no owning raw pointers.	29_2-memory-and-object-lifetime
Explain to a Python developer why `malloc` can't just "hand out the next chunk of memory": what three requirements force it to keep free lists and size classes, and what do those cost on every call?	Think of `malloc` as the office of a public **self-storage facility** with brutal constraints: customers arrive in any order wanting any size of unit, they keep units for wildly different lengths of time, and the office can never move a customer's stuff to tidy up, because each customer holds a key to one specific unit (a pointer, and pointers must stay valid). Those three requirements (any size, any lifetime and order, no compaction or coordination) mean the allocator must keep a ledger: **free lists** of vacated blocks (with the link pointers stored inside the freed blocks themselves), **size classes** so requests round up to the nearest bin instead of searching one giant list, and splitting and coalescing to fight fragmentation. The cost lands on every call: round to a size class, pop a free list, write a header, and on free, read the header, maybe coalesce, push a list. There's a hidden space tax too: on glibc, asking for 1 byte reserves 24 and asking for 25 reserves 40, which is exactly why Python's `__slots__` trick saved so much memory, since every Python object is a small taxed heap allocation. Worse than slow is unpredictable: usually tens of nanoseconds, but occasionally a lock, a cache refill, or a trip to the OS makes the same line cost 20 microseconds, which is why real-time code bans it.	29_3-allocators-arenas-cache
A colleague's struct got 40% smaller when they reordered its fields. Walk through why, using alignment and padding, with a concrete before/after layout.	Every type has an **alignment**, a power of two its address must be divisible by: a `char` can live anywhere, a 4-byte `int` wants a multiple of 4, an 8-byte `double` a multiple of 8, because the memory system moves data in aligned chunks and a straddling value costs extra reads on x86 and can raise a bus error on stricter ARM and embedded cores. Inside a struct the compiler enforces this with invisible **padding**. Concrete before/after from the chapter: `struct Loose { char tag; double value; char flag; }` is 24 bytes, because `value` can't start at offset 1, so 7 pad bytes push it to offset 8, and then the struct's total size must be a multiple of its alignment (so arrays stay aligned), adding 7 more bytes of tail padding after `flag`. Reorder to `struct Tight { double value; char tag; char flag; }` and it's 16 bytes: the double sits at 0, the two chars pack at 8 and 9, and only 6 tail-pad bytes remain. Same three members, one third smaller, purely from ordering, and the rule of thumb is to order members from largest alignment to smallest. Across a million-element array, the sloppy layout wastes 8 MB, so this is a real capacity and cache-traffic knob, not trivia.	29_3-allocators-arenas-cache
Using the row-major/column-major numbers from your own machine, explain what a cache line is and why the same arithmetic ran 4x slower in one loop order. Then explain what SoA layout has to do with the same principle.	A **cache line** is the unit the hardware actually fetches: touch any byte and the surrounding 64-byte block comes into cache with it, a whole tray hauled back from the pantry, so eight consecutive `double`s become fast together. The chapter's benchmark sums a 4096x4096 grid (one flat row-major array) both ways: row-by-row visits addresses in order, so one fetch covers eight elements and it takes 21.1 ms; column-by-column jumps 32 KB every step, forcing a fresh cache line per access, and by the time the loop wraps to the next column the old lines are evicted, giving 82.9 ms, about **4x slower for identical arithmetic** (the theoretical ceiling is 8x, and prefetching claws some back). The struct-of-arrays idea is the same principle applied to field grouping: an array-of-structs of 64-byte particles drags all eight fields through the cache when a hot loop only reads `x` and `vx`, while **SoA** stores each field in its own contiguous array so the loop touches only the bytes it needs, measured at 29.9 ms versus 17.8 ms, about 1.7x. The shared moral: data you use together should live together, and traversals should walk memory in address order so every fetched tray gets fully used; SoA also feeds SIMD, which wants eight consecutive `x` values, which is literally what SoA stores.	29_3-allocators-arenas-cache
Derive the arena allocator from its contract: start from "everything dies together," and show how that single assumption eliminates free lists, size classes, per-object frees, and fragmentation, leaving three instructions. State clearly what you gave up.	Start from the contract: a whole batch of objects is created together and dies together, like one game frame, one web request, or one wafer's polish pass. If nothing is freed individually, there are never any vacated holes to track, so **free lists vanish**; with no holes to fit requests into, there's no matching problem, so **size classes vanish**; "free" for the whole batch is just moving one pointer back to zero, so **per-object frees vanish**; and since allocations pack contiguously with no gaps ever forming, **fragmentation is impossible by construction**. What's left is the whiteboard: `allocate` rounds the offset up to the caller's alignment with `(used_ + align - 1) & ~(align - 1)`, checks it fits, and bumps, roughly an add, a mask, and a compare, with `reset()` as a single store. As a bonus, consecutive allocations are physically adjacent, so traversing what you built runs at row-major speed, and the chapter measures the payoff at roughly 10-30x over `new`/`delete` with a worst case you can state exactly, which is what real-time systems actually buy. What you gave up: no individual free (churn workloads are disqualified outright), and `reset` never runs destructors, so the arena is only safe for trivially destructible types (an arena-allocated `std::string` leaks its buffer), a contract worth enforcing with a `static_assert`.	29_3-allocators-arenas-cache
Your pool recycles a freed slot on the very next allocation. Explain the free-list mechanics that cause this, why malloc does the same thing with its bins, and the stale-pointer bug this enables in both.	The pool threads its **free list** through the vacant slots themselves: a slot is a `union` of "a live T" or "a next-pointer," since an empty slot's bytes are free to hold bookkeeping. `destroy` runs the destructor and pushes the slot onto the head of the list; `create` pops the head, so the last slot freed is the first reused: **LIFO by construction**, which is why the chapter's test asserts `w4 == w2` after freeing `w2` and creating `w4`. `malloc` behaves the same way for the same reasons: its size-class bins are free lists too, recently freed blocks sit at the front, and LIFO reuse is deliberately good for cache warmth since the recycled memory is probably still in cache. The bug class this sharpens is **stale-pointer aliasing**: any pointer still held to the destroyed object now points at a live, *different* object of the same type, so reads return plausible values (right type, wrong object) and writes corrupt the new occupant, far harder to spot than a crash. Related trap: recycled memory is not clean, so any field your constructor forgets to initialize reads as stale data from the dead previous occupant. The standard debug defense is memsetting destroyed slots to a poison pattern like `0xDD` so stale use fails loudly.	29_3-allocators-arenas-cache
A teammate says "we run valgrind, so our arena-based code is memory-safe." Give the two-part correction: what the tools actually catch, and why a custom allocator hides use-after-reset from them.	Part one: the tools are genuinely good at what they see. **AddressSanitizer** instruments every access and quarantines freed memory, so a heap use-after-free produces a report with the three points you need: the bad access with its line number, where the memory was freed, and where it was allocated, at about 2x runtime cost, making it a test-and-CI mode. **Valgrind** checks an unmodified binary on a synthetic CPU (10-50x slower) and adds leak classification at exit. Part two: a custom allocator partially blinds both, because from the tools' perspective your arena grabbed one big legitimate allocation and still owns every byte of it. After `reset()`, every pointer previously handed out is logically dangling, but a use-after-reset touches memory the process *validly owns*, so no alarm fires; the same goes for overflowing one arena object into the next. Production arenas fix this by **poisoning** reclaimed regions when built under ASan (`ASAN_POISON_MEMORY_REGION`, and valgrind's equivalent client-request macros), which ours doesn't. The practical correction to offer: add poisoning, and keep a build flag that swaps the arena for plain `new` so the sanitizers can see every object individually during tests.	29_3-allocators-arenas-cache
Explain to a web developer why "the machine does not pause when the program does" forces bans on allocation, blocking, and exceptions in a control loop, and why none of those bans matter in their CRUD service.	When a CRUD service stalls for 100 ms, requests queue up and retry: failure is cheap and the world politely waits. When a CMP controller stalls, **physics keeps happening**: the pad keeps spinning, the pressure stays wherever the last command left it, and the wafer polishes past its target into scrap, so the program must respond on a fixed schedule because the machine does. The three banned operations share one shape: each trades a great average case for an unbounded worst case, which is exactly the trade real-time code refuses. **Allocation** (`new`, a growing `vector`, a `std::string`) is usually 100 nanoseconds but occasionally takes a lock or a page fault through the kernel, and "occasionally" is indistinguishable from a hang as far as the wafer is concerned. **Blocking** (file writes, a debug `printf`, mutex waits, network) can stall for milliseconds; the classic beginner version is a print in the loop that works fine until the terminal buffer fills. **Throwing** is worst of all: the unwind has unpredictable timing and it's a non-local jump that abandons the rest of the tick, so the ACTUATE step never runs and the outputs stay stale, which is why hot paths often compile with `-fno-exceptions`. The web developer's service cares about average latency and can restart; the controller cares only about the worst-case tick, forever.	29_4-industrial-embedded-cpp
Define hard versus soft real time without using the word "fast," and give one example of each from a CMP tool.	Real-time software is software whose correctness depends on *when* answers arrive, not just what they are, and the split is about the cost of lateness. A **hard real-time** deadline is one where a late answer is a wrong answer: missing it means you have failed, full stop, regardless of how correct the eventual result is. A **soft real-time** deadline is one where lateness degrades value but doesn't destroy it. On a CMP tool, the loop holding polish downforce at 100 Hz is hard: if this tick's valve command arrives 50 ms late, the pressure wandered unsupervised for five ticks, and no correct arithmetic afterward undoes what the pad already did to the wafer. The operator screen updating at 10 Hz is soft: a stuttering display is annoying, and chronically stale data is a problem, but one late frame harms nothing. Real tools are layered along this line: servo loops and interlocks run on an RTOS or dedicated microcontroller that can *guarantee* the CPU on schedule (a general-purpose OS can park your thread for 9 ms of a 10 ms budget, as the chapter measured), while recipe management and the operator UI run as ordinary software, and the skill is never letting soft-ring habits leak into the hard ring.	29_4-industrial-embedded-cpp
Walk through the four phases of a control tick (read, decide, actuate, record) and explain why actuation must happen in exactly one place in the code.	Every tick, on a fixed period that the whole design keeps time to, the controller runs the same four steps in order. **READ** samples every sensor exactly once (pressure, rotation, switches), judging errors right there with debouncing so a dying sensor can fault the tool from any state. **DECIDE** runs the state machine and the control laws, computing intent: which state comes next, what valve percentage would hold the target. **ACTUATE** writes all the outputs, and **RECORD** pushes a fixed-size telemetry snapshot into a pre-allocated ring, unconditionally, faults included, which is precisely when you'll want the data. Actuation lives in exactly one place because that's what makes the **fail-safe guarantee** checkable: in the chapter's controller, the ACTUATE step has one branch for `Process` and exactly one `else` that writes zeros, so you can prove by reading a single screen of code that every non-processing state commands safe outputs every tick. Scatter valve writes across five functions and no one can say what the tool does in a given state; everything outside ACTUATE should record intent for ACTUATE to enact. The pacing detail matters too: schedule each deadline from the previous deadline with `sleep_until` (`next += period`), because `sleep_for` adds the work time to every period and drifted 426 ms in a single second in the chapter's demo.	29_4-industrial-embedded-cpp
Your friend says "just use `volatile` for the flag shared between your two threads; it worked on my microcontroller." Untangle what `volatile` actually guarantees, why it seemed to work, and what they should use instead.	**`volatile`** has a narrow, precise meaning: every read and write of this object is an observable effect, so the compiler must perform each one exactly as written, with no caching in registers, no elimination, and no reordering among volatile accesses. It exists for hardware: a device register at a mapped address changes on the silicon's own schedule, so without `volatile` the compiler sees no writes to `status` inside `while ((regs->status & 1) == 0) {}`, hoists the read, and spins forever on a stale value. What it does *not* provide is anything threads need: no atomicity, no memory barriers, no ordering guarantees between cores. It seemed to work on the microcontroller because `volatile` does defeat the compiler's caching of the flag, and on a simple single-core machine with simple access patterns that's often the only failure mode you'd notice, so the code worked by accident rather than by contract. The correct tools for shared state are **`std::atomic`** and the concurrency machinery from 5.2, which supply the atomicity and ordering `volatile` lacks. The rule to keep: hardware registers get `volatile`, shared state gets `std::atomic`, and confusing them compiles fine and fails intermittently, the worst combination.	29_4-industrial-embedded-cpp
Explain why a telemetry ring buffer overwrites its oldest record instead of blocking or growing, and connect that policy to the difference between a scrapped wafer and a lost log line.	Telemetry lives in the RECORD step of the hot loop, so it inherits the loop's bans: it can't grow (that's allocation) and it can't block (a file write or a full pipe can stall for milliseconds, and one stalled tick means the valve command goes stale while the pad keeps spinning). The **ring buffer** resolves this: the loop appends fixed-size binary records to a pre-allocated circular array, a couple of stores and an index increment, and a separate low-priority path drains it to disk or network whenever it gets around to it. The overwrite-oldest policy is a deliberate ranking of harms: **the loop's schedule outranks the completeness of the log**, because losing thirty stale telemetry records is a shrug while delaying a valve command is a scrapped wafer. A well-behaved ring still counts what it dropped, since a healthy system should be able to report how lossy its own logging is. Two supporting details from the chapter: records are plain structs of fixed-size fields with no strings, because formatting numbers into text is expensive and variable-timed, so pretty-printing happens on the drain path; and the same ring, sized to hold the last several seconds, becomes a flight recorder: when a fault trips, freeze it and you have a tick-by-tick record of everything leading up to the event.	29_4-industrial-embedded-cpp
Defend this claim to a skeptical application programmer: "MISRA-style restrictions make code *easier* to reason about, not harder: the style is the safety mechanism."	The rules of standards like **MISRA C++** sound draconian out of context: no dynamic memory after initialization, no exceptions, no recursion, every `switch` covers every case, warnings are errors. But each one is a lesson frozen into law, and each buys a *bound* you can state by reading the code. No allocation after init means memory behavior is deterministic and the worst-case tick is knowable. No exceptions means control flow never jumps past the ACTUATE step, so error handling happens at the call site, this tick, and the outputs stay fresh. No recursion means stack depth is provable at compile time, because a stack overflow in a controller isn't an error message, it's undefined behavior in charge of a machine. The style deliberately favors "dumb" constructs (plain structs, explicit switches, fixed arrays) not because the authors don't know the clever alternatives, but because every construct must be **reviewable**: a colleague, an auditor, or you-in-five-years must be able to bound its behavior by reading it, and cleverness that resists that reading is a liability no matter how well it works. The honest kicker for the skeptic: constraints this tight are clarifying, since you always know where memory lives, what every state means, and what happens when things fail, and the cost model justifies it, because one field failure can outweigh a year of developer time.	29_4-industrial-embedded-cpp
Give the tool tour: walk someone through a wafer's path from FOUP to process chamber and back, naming each subsystem (load port, EFEM, aligner, load lock, transfer chamber) and what lives in the subfab below.	Wafers travel the fab inside a **FOUP**, a sealed 25-slot pod whose interior is cleaner than the fab air, delivered by the overhead AMHS rail to a **load port** on the tool's front face, which clamps the pod, reads its ID tag, and mates the pod door to the tool so it opens without exposing wafers to room air. Behind the ports is the **EFEM**, the tool's lobby: a filtered, slightly pressurized mini-environment housing the atmospheric wafer-handling robot, which slides its end effector under the wafer and carries it by the edge, never touching the patterned face, passing it through the **aligner**, which spins the wafer to find its notch so it enters the process at a known orientation. For vacuum processes the robot places the wafer in a **load lock**, a small two-door airlock that pumps down in seconds precisely because it's small, then opens its inner door to the **transfer chamber**, where a vacuum robot sits at the hub with process chambers arranged around it like petals: the cluster tool architecture, whose scheduler juggles robot moves to keep every chamber fed. After processing, the wafer retraces the path and the FOUP is picked back up by the rail. Below the fab floor, the **subfab** holds the machine's basement: dry vacuum pumps and forelines, chillers, RF generators, gas panels, slurry delivery, and abatement units, all connected up through a vertical bundle of pipes and cables.	17_7-fab-equipment-and-tool-software
Explain CMP end to end: why planarization is mandatory for multi-level metal (use depth of focus), how pad + slurry + downforce remove material, what Preston's equation captures and what it hides in Kp, and how endpoint detection knows when to stop.	Modern chips stack ten-plus levels of metal wiring, and lithography's depth of focus scales like `k2*lambda/NA^2`, collapsing to tens of nanometers at high NA, so each layer must be flat enough to sit entirely inside that focus window; without planarization the bumps would compound until printing simply fails, and the **damascene** copper process additionally requires polishing back the blanket copper overburden so only the metal in the trenches remains. The machine presses the wafer face-down via a rotating multi-zone **carrier head** against a polyurethane **pad** on a rotating platen, with **slurry** (abrasive nanoparticles plus chemistry, oxidizers for metal polish) dripped on and a diamond conditioner keeping the pad textured. The chemistry softens the top few atomic layers and the mechanical action wipes the softened layer preferentially from the high points, because the high points are what actually touch the pad: that's why CMP planarizes rather than merely thins. **Preston's equation**, `RR = Kp * P * V`, captures the first-order truth that removal is proportional to pressure times velocity, while `Kp` is an empirical catch-all hiding slurry chemistry, pad state, film material, and temperature, which is why it's measured, not derived, and why it drifts as pads glaze and wear. Since timed polishing fails the moment the rate drifts, tools detect the **endpoint** live: motor current for metal (copper dragging on the pad feels different from the barrier beneath, so friction changes as it clears) or optical interference for dielectrics, with signal-processing code filtering the noisy, gradual transition and a deliberate **overpolish** carrying past detection to clear the last patchy islands.	17_7-fab-equipment-and-tool-software
Tell the pump-down story: why the curve is exponential at first, why it flattens, what sets the ultimate pressure, and why the fix for a stalled chamber is usually the walls, not a bigger pump. Include the dry-pump/turbo division of labor.	Close the door and start pumping, and at first pressure falls exponentially, `P(t) = P0*e^(-St/V)`, because the pump removes a fixed fraction of the chamber's gas per time constant `V/S` (2.7 seconds in the chapter's 80 L, 30 L/s model). If that held, any chamber would hit perfect vacuum in a minute, but once the free gas is gone the walls take over: every interior surface **outgasses** adsorbed water and other molecules, desorbing slowly for hours, roughly as 1/t, so the plunge bends into a long crawl. The ultimate pressure settles where the pump's removal balances the walls' supply, `P_ultimate ~ Q/S`, gas load over pumping speed: in the simulation, the chamber sits a full 10x above the volume-only prediction at 60 seconds and takes two hours to reach the balance point. That's why the fix for a stalled chamber is usually attacking Q, not buying a bigger pump: bake or purge to dry the walls, and diagnose with a rate-of-rise test (close the pump valve; a straight-line pressure rise means a real leak with constant inflow, a decelerating rise means outgassing from a depleting supply). The hardware divides by regime: **dry pumps**, positive-displacement screw or claw machines, handle rough vacuum from atmosphere down to about 10^-3 Torr, while **turbomolecular pumps** take over in high vacuum where gas stops behaving like a fluid, batting individual molecules downward with blades spinning at tens of thousands of RPM; a turbo can neither start from atmosphere nor exhaust to it, which is why the two are always paired, dry pump roughing first and then backing the turbo.	17_7-fab-equipment-and-tool-software
Draw the fab software stack from tool controller to MES, and explain what SECS/GEM standardizes, including what an S6F11 event report is for and roughly what one carries.	Layer 1 is the onboard **tool controller**: I/O and fail-safe interlocks across thousands of sensors, recipe sequencing with per-step tolerance checks, robot scheduling for the cluster tool, and explicit state machines reported upward. Layer 2 is **SECS/GEM**, the standardized phone line so the host doesn't need a dialect per vendor: SECS-II (SEMI E5) defines the message vocabulary as `SxFy` stream/function pairs where odd functions are requests and the next even one is the reply, GEM (SEMI E30) defines the required behavior on top (communication, control, and processing state machines plus event reporting, alarms, remote commands, and recipe management), HSMS (E37) carries it all over TCP/IP, and the 300mm standards (E87, E40, E94, E90) add the object model for fully automated fabs. Layer 3 is fab-side: a **station controller** per tool translating GEM into the factory's language, the **MES** as headquarters and system of record for every lot, and a dispatcher deciding which lot each tool pulls next. Layer 4 is **APC**, where measurements become actions: run-to-run control, SPC, and FDC. An **S6F11** is the tool-to-host event report, the workhorse of data collection: the host subscribes to events like LotStarted, WaferComplete, or LotComplete and attaches lists of status variables to each, so a CMP tool's WaferComplete might carry the slot number, polish time, and endpoint time, streaming every wafer's process data into the fab's databases automatically.	17_7-fab-equipment-and-tool-software
Defend the R2R + SPC pairing: why feedback handles drift but not steps, why feedforward handles steps, and why you still chart a controlled process. Use your run-60 excursion as the example.	**Run-to-run feedback** erases drift without needing to understand it: in the mini-project, pad wear pulls the true rate down 0.3% per run, and open loop that walks the process to a mean error of -274 A with 59 out-of-control points, while the closed loop's EWMA estimate tracks the drift to a mean error of -13 A, despite having no model of pad wear at all, because feedback corrects any slow disturbance regardless of cause. But feedback cannot see the future: at run 60 a fresh pad is installed and the rate jumps 6% overnight, a step disturbance, and the controller, confidently tuned to the worn pad, takes its single worst error of the whole campaign, about 1350 A, worse than anything open loop produced, before the EWMA absorbs the new rate over a few runs. **Feedforward** is the fix for exactly that class of event: the pad change is a logged maintenance event the fab knows about in advance, so resetting the rate estimate at that moment collapses the excursion, which is legitimate because it uses information you really have before the run, not a peek at the truth. And you still chart the controlled process because the controller steers while **SPC audits**: the closed-loop chart flags run 60 and little else, exactly right, and charting matters because a controller can silently mask a growing equipment problem by compensating harder and harder, which the chart on its own adjustments is how you catch. One trap to name: control limits (plus or minus 3 sigma from the process's own history) describe what the process *does*, spec limits describe what the product *needs*, and confusing them is the classic rookie error.	17_7-fab-equipment-and-tool-software
Make the career pitch: describe two concrete software jobs in the equipment world and what a normal week looks like in each.	Job one: **equipment control software engineer** at a vendor like Applied Materials, Lam, Tokyo Electron, Ebara, KLA, or ASML, owning part of the tool controller, maybe the recipe engine, a chamber's process control loop, the robot scheduler, or the GEM interface. A normal week mixes implementing features against a hardware simulator, scarce booked slots on a real tool in the lab (tool time is precious), reproducing field bugs from logs, and maintaining code that must run for twenty years; the distinctive skill is debugging across the software/physics boundary, deciding whether a wafer-placement error is a race condition, an encoder fault, or a worn belt. Job two: **APC/process-control engineer** on either the vendor or fab side, designing run-to-run controllers and maintaining SPC systems and FDC models. The daily texture is data analysis with consequences: pull a month of endpoint traces, figure out why chamber B's rate drifts twice as fast as chamber A's, ship a controller change, and watch the charts to see whether it worked. The common thread across both (and neighbors like fab automation/CIM engineering and field support with a software lean) is that the software is inseparable from a physical machine, feedback arrives as measurements rather than unit tests alone, and reliability culture runs deep because bugs are priced in scrapped wafers and tool-down hours; it's a corner of the industry with a persistent shortage of people strong at both software and physical-systems thinking.	17_7-fab-equipment-and-tool-software
ACID	The four guarantees a reliable transaction makes: Atomicity, Consistency, Isolation, Durability. They ensure your data stays correct even when things crash mid-operation.	glossary
Activation function	A small nonlinear function (like ReLU or sigmoid) applied to a neuron's output so a network can learn curves, not just straight lines.	glossary
ADR (Architecture Decision Record)	A short document capturing one important design decision, why you made it, and what you traded off, so future-you remembers the reasoning.	glossary
Agent (AI)	An LLM-powered system that can plan, call tools, and act in a loop toward a goal, instead of just answering one prompt.	glossary
Amortized analysis	Averaging the cost of an operation over a long run, so an occasional expensive step (like resizing an array) still counts as cheap per operation.	glossary
Array	A contiguous block of memory holding elements you index by position; O(1) access, but resizing or inserting in the middle is costly.	glossary
Assembly	Human-readable mnemonics that map almost one-to-one onto a CPU's machine instructions. The lowest level you'll usually write by hand.	glossary
Asymmetric encryption	Encryption using a key pair: a public key anyone can use to encrypt (or verify), and a private key only the owner holds to decrypt (or sign).	glossary
AST (Abstract Syntax Tree)	A tree representation of source code's structure that a compiler or interpreter walks to understand and execute the program.	glossary
Attention	The transformer mechanism that lets each token decide how much to "look at" every other token when building its representation.	glossary
Availability	The fraction of time a system is up and serving requests, often quoted in "nines" (99.9% = three nines).	glossary
Backpropagation	The algorithm that computes how much each weight in a neural net contributed to the error, by applying the chain rule backward through the layers.	glossary
Backpressure	A signal from an overloaded consumer telling producers to slow down, so queues don't grow unbounded and crash the system.	glossary
Backtracking	A brute-force-with-pruning technique: try a choice, recurse, and undo it if it leads to a dead end. The engine behind solving mazes and Sudoku.	glossary
Bayes' theorem	A formula for updating the probability of a hypothesis given new evidence: posterior ∝ likelihood × prior.	glossary
BFS (Breadth-First Search)	Graph traversal that explores all neighbors at the current distance before going deeper; finds shortest paths in unweighted graphs.	glossary
Bias-variance tradeoff	The tension between a model too simple to fit the data (high bias) and one too sensitive to noise (high variance).	glossary
Big-O notation	A way to describe how an algorithm's cost grows with input size, ignoring constants. O(n) scales linearly, O(n²) much worse.	glossary
Binary search	Finding an item in a sorted array by repeatedly halving the search range; O(log n).	glossary
Binary Search Tree (BST)	A tree where every left child is smaller and every right child is larger than its parent, giving O(log n) search when balanced.	glossary
Bit	The smallest unit of information: a single 0 or 1.	glossary
Bytecode	A compact, portable instruction set that an interpreter or virtual machine executes, sitting between source code and machine code.	glossary
Byte	A group of 8 bits, the standard unit for addressing memory and encoding a character.	glossary
B-tree	A balanced, multi-way tree optimized for disk: shallow and wide so databases find rows in few page reads. The backbone of most SQL indexes.	glossary
CAC (Customer Acquisition Cost)	The total sales and marketing spend divided by the number of new customers it won.	glossary
Cache	A fast, small store of recently used data placed close to where it's needed, so repeat lookups skip the slow path.	glossary
Cache line	The fixed-size chunk (often 64 bytes) the CPU moves between memory and cache at once; touching one byte pulls in its whole line.	glossary
Calling convention	The agreed rules for how functions pass arguments, return values, and preserve registers across a call.	glossary
Cap table	The ledger of who owns what slice of a company: founders, investors, and option holders.	glossary
CAP theorem	In a distributed system facing a network partition, you can keep Consistency or Availability but not both at once.	glossary
Capex / Opex	Capital expenditure (buying hardware up front) versus operating expenditure (renting it monthly, like cloud).	glossary
Cardinality	The number of distinct values a field or label can take; high-cardinality labels (like user IDs) can blow up metrics storage.	glossary
CDN (Content Delivery Network)	A network of edge servers worldwide that cache content near users to cut latency.	glossary
Central Limit Theorem	The averages of many independent samples tend toward a normal distribution, regardless of the original distribution's shape.	glossary
Churn	The rate at which customers cancel or stop paying over a period; the enemy of recurring revenue.	glossary
CI/CD	Continuous Integration (auto-build and test every change) and Continuous Delivery/Deployment (auto-ship it), keeping software releasable at all times.	glossary
CISC	A CPU design with many complex, multi-step instructions (e.g., x86), contrasting with RISC's lean instruction set.	glossary
CMOS gate	A logic gate built from complementary pairs of P-type and N-type transistors; draws almost no power while idle.	glossary
CNN (Convolutional Neural Network)	A network that slides learnable filters over data (especially images) to detect local patterns like edges and textures.	glossary
Code smell	A surface symptom in code (a giant function, duplicated logic) that hints at a deeper design problem worth refactoring.	glossary
Concurrency	Structuring a program so multiple tasks make progress in overlapping time periods, whether or not they run truly simultaneously.	glossary
Confidence interval	A range that, under repeated sampling, would contain the true value a stated percentage of the time (e.g., 95%).	glossary
Consensus	Getting a group of distributed nodes to agree on a single value or order of events despite failures.	glossary
Container	A lightweight, isolated package of an app plus its dependencies that shares the host OS kernel; smaller and faster than a VM.	glossary
Context manager	A Python object used with `with` that guarantees setup and cleanup (like opening and closing a file) happen reliably.	glossary
Context-free grammar	A set of rules describing nested, recursive structure (like balanced parentheses) that regular expressions can't capture.	glossary
CORS	Cross-Origin Resource Sharing: browser rules and HTTP headers that control which other origins may call your API.	glossary
Cross-validation	Estimating model performance by repeatedly training on part of the data and testing on the held-out part, then averaging.	glossary
CSRF	Cross-Site Request Forgery: tricking a logged-in user's browser into sending an unwanted authenticated request; blocked with tokens and SameSite cookies.	glossary
Datapath	The hardware components (registers, ALU, buses) that data flows through inside a CPU as instructions execute.	glossary
Deadlock	When two or more threads each wait forever for a resource the other holds, so none can proceed.	glossary
Decidability	Whether some problem can be solved by an algorithm that always halts with a yes/no answer; some problems (like the halting problem) are undecidable.	glossary
Decorator	A Python function that wraps another to add behavior (logging, timing, caching) without changing the wrapped function's code.	glossary
Dependency injection	Passing a component's collaborators in from outside rather than having it create them, making code easier to test and swap.	glossary
Derivative	The instantaneous rate of change of a function; the slope of its curve at a point.	glossary
DFA (Deterministic Finite Automaton)	A simple machine with a fixed set of states and exactly one transition per input symbol; recognizes regular languages.	glossary
DFS (Depth-First Search)	Graph traversal that plunges as deep as possible down one path before backtracking; great for cycle detection and topological sort.	glossary
Dijkstra's algorithm	Finds shortest paths from a source in a graph with non-negative edge weights, using a priority queue to always expand the closest node.	glossary
Dilution	The shrinking of existing owners' percentage stakes when a company issues new shares.	glossary
Distribution (probability)	A description of how likely each possible value of a random variable is.	glossary
Divide and conquer	Solving a problem by splitting it into smaller subproblems, solving those, and combining the results (e.g., mergesort).	glossary
Docker	The most popular tool for building and running containers from declarative images.	glossary
DOM (Document Object Model)	The browser's live, tree-shaped representation of a web page that JavaScript reads and mutates.	glossary
Doping	Deliberately adding impurity atoms to silicon to give it extra electrons (N-type) or holes (P-type), the basis of all transistors.	glossary
Dot product	Multiplying two vectors element-wise and summing; measures how aligned they are and underlies similarity and projection.	glossary
Drift	When the live data a model sees diverges over time from what it was trained on, quietly degrading accuracy.	glossary
DNS	The Domain Name System: the internet's phone book, translating human names like example.com into IP addresses.	glossary
Dynamic programming	Solving problems by breaking them into overlapping subproblems and reusing stored answers instead of recomputing.	glossary
Eigenvalue	A scalar telling how much a matrix stretches a particular vector (its eigenvector) without changing that vector's direction.	glossary
Eigenvector	A special vector that a matrix only scales, not rotates; paired with its eigenvalue.	glossary
Embedding	A dense vector that represents a word, image, or item so that similar things sit close together in space.	glossary
Energy	The capacity to do work; conserved overall, it shifts between forms like kinetic and potential.	glossary
Entanglement	A quantum link where two qubits' states are correlated, so measuring one instantly constrains the other.	glossary
Error budget	The allowed amount of unreliability (1 minus your SLO) you can "spend" on risky changes before you must slow down.	glossary
EUV (Extreme Ultraviolet lithography)	Chipmaking that uses 13.5 nm light to print features only a few nanometers wide.	glossary
Eventual consistency	A guarantee that, given no new writes, all replicas will converge to the same value in time, though reads may be stale briefly.	glossary
Feature	An input variable a model learns from (e.g., square footage when predicting house price).	glossary
FinFET	A 3D transistor whose channel rises like a fin so the gate wraps it on multiple sides, improving control at tiny scales.	glossary
FLP impossibility	A theorem that no deterministic protocol can guarantee consensus in an asynchronous network if even one node may fail.	glossary
FPGA	A chip whose logic you reconfigure after manufacturing by loading a hardware description, blending software flexibility with hardware speed.	glossary
Function	A rule mapping each input to exactly one output; the fundamental object of calculus and programming alike.	glossary
Garbage collection	Automatic memory management that finds and frees objects a program can no longer reach.	glossary
Generator	A Python function using `yield` that produces values lazily, one at a time, without building the whole sequence in memory.	glossary
GIL (Global Interpreter Lock)	CPython's lock that lets only one thread run Python bytecode at a time, limiting CPU-bound multithreading.	glossary
Gradient	The vector of partial derivatives pointing in the direction of steepest increase of a function.	glossary
Gradient descent	The optimization loop that nudges parameters opposite the gradient to minimize a loss function.	glossary
Graph	A set of nodes (vertices) connected by edges, modeling relationships like networks, maps, and dependencies.	glossary
GraphQL	An API query language that lets clients ask for exactly the fields they need in one request, avoiding over- and under-fetching.	glossary
Greedy algorithm	Making the locally best choice at each step, hoping it yields a global optimum; works for some problems (like Huffman coding), not all.	glossary
gRPC	A high-performance RPC framework using HTTP/2 and Protocol Buffers for fast, typed service-to-service calls.	glossary
Halting problem	The classic undecidable problem: no program can determine, for every program-and-input pair, whether it will eventually stop.	glossary
Hash (cryptographic)	A one-way function that maps any input to a fixed-size fingerprint; easy to compute, infeasible to reverse.	glossary
Hash table	A structure that maps keys to values via a hash function, giving average O(1) lookup, insert, and delete.	glossary
Hazard (pipeline)	A situation where an instruction can't execute in its scheduled pipeline stage because it depends on an as-yet-unfinished one.	glossary
Heap (data structure)	A tree-based priority queue where the min (or max) is always at the root; backs scheduling and Dijkstra.	glossary
Heap (memory)	The region of memory for dynamically allocated objects whose lifetime isn't tied to a function call.	glossary
Hexadecimal	Base-16 notation (0-9, A-F) that compactly represents bytes, since two hex digits equal one byte.	glossary
HMAC	A keyed-hash message authentication code that proves a message is both untampered and from someone who holds the shared secret.	glossary
Home lab	A personal collection of servers and gear at home for self-hosting, experimenting, and learning ops hands-on.	glossary
HTTP	The request/response protocol of the web, defining methods (GET, POST), status codes, and headers.	glossary
IaC (Infrastructure as Code)	Defining servers, networks, and cloud resources in version-controlled files so environments are reproducible.	glossary
Idempotency	A property where doing an operation many times has the same effect as doing it once, so safe retries don't cause damage.	glossary
IEEE 754	The standard for representing floating-point numbers in binary using sign, exponent, and mantissa.	glossary
Image (container)	A read-only, layered snapshot of a filesystem and config from which containers are launched.	glossary
Index (database)	An auxiliary structure (often a B-tree) that lets the database find rows fast without scanning the whole table.	glossary
Integral	The accumulation of a quantity over an interval; geometrically, the area under a curve.	glossary
IP	The Internet Protocol that addresses and routes packets between hosts across networks.	glossary
ISA (Instruction Set Architecture)	The contract between hardware and software: the instructions, registers, and behaviors a CPU promises to support.	glossary
Isolation level	How strictly a database keeps concurrent transactions from interfering, trading consistency for performance (e.g., Read Committed, Serializable).	glossary
JOIN	A SQL operation that combines rows from two or more tables based on a related column.	glossary
JWT (JSON Web Token)	A signed, self-contained token carrying claims (like user ID), letting servers verify identity without storing session state.	glossary
Kubernetes	An orchestrator that schedules, scales, heals, and networks containers across a cluster of machines.	glossary
Lambda (AWS)	A serverless service that runs your function on demand without you managing servers, billed per invocation.	glossary
Lamport clock	A simple logical counter that orders events across distributed processes without synchronized wall clocks.	glossary
Latency	How long a single operation takes from request to response.	glossary
Leader election	The process by which distributed nodes agree on one node to coordinate, often after the previous leader fails.	glossary
Lexer	The compiler stage that scans raw source text and groups characters into tokens.	glossary
Limit	The value a function approaches as its input nears some point; the foundation of derivatives and integrals.	glossary
Linearizability	The strongest consistency model: every operation appears to take effect instantaneously at some point between its start and end.	glossary
Linked list	A chain of nodes each pointing to the next; O(1) insert/delete at known positions but O(n) random access.	glossary
LLC	A Limited Liability Company: a flexible US business structure that shields owners' personal assets and passes profits through to them.	glossary
LLM (Large Language Model)	A transformer trained on vast text to predict the next token, enabling it to generate and reason over language.	glossary
Load balancer	A component that spreads incoming traffic across multiple servers to improve throughput and resilience.	glossary
Log	A timestamped, often unstructured record of a discrete event, the rawest observability signal.	glossary
Long polling	A near-real-time technique where the client holds a request open until the server has data, then immediately reconnects.	glossary
Loss function	The number a model tries to minimize, measuring how wrong its predictions are.	glossary
LTV	Customer Lifetime Value: the total revenue you expect from a customer before they churn.	glossary
Matrix	A rectangular grid of numbers representing a linear transformation or a table of data.	glossary
MCP (Model Context Protocol)	An open standard letting AI agents connect to external tools and data sources through a uniform interface.	glossary
Mean	The arithmetic average of a set of numbers.	glossary
Memoization	Caching a function's results by input so repeated calls return instantly; the top-down face of dynamic programming.	glossary
Mergesort	A stable, O(n log n) sort that splits the array, sorts halves recursively, and merges them.	glossary
Message queue	A buffer that decouples producers from consumers, letting work be processed asynchronously and absorbing spikes.	glossary
Metric	A numeric measurement sampled over time (CPU %, request count), cheap to store and aggregate.	glossary
Mock	A stand-in object used in tests to imitate a real dependency and verify how your code interacts with it.	glossary
MLOps	The practices and tooling for deploying, monitoring, and retraining machine learning models reliably in production.	glossary
MOSFET	The metal-oxide-semiconductor field-effect transistor, the voltage-controlled switch that nearly all modern chips are built from.	glossary
MVCC (Multi-Version Concurrency Control)	A database technique that keeps multiple row versions so readers never block writers and see a consistent snapshot.	glossary
MVP (Minimum Viable Product)	The smallest version of a product that delivers real value and tests your core assumption with users.	glossary
Mutex	A mutual-exclusion lock that lets only one thread enter a critical section at a time.	glossary
NAS (Network Attached Storage)	A dedicated file-storage device on your network that multiple machines can share.	glossary
Neural network	A model of layered, weighted connections that learns to map inputs to outputs by adjusting those weights.	glossary
Newton's laws	The three rules of classical motion: inertia, F = ma, and equal-and-opposite reactions.	glossary
NFA (Nondeterministic Finite Automaton)	A finite automaton allowed multiple possible transitions per symbol; equivalent in power to a DFA.	glossary
Normal distribution	The bell-shaped curve defined by a mean and standard deviation; ubiquitous thanks to the Central Limit Theorem.	glossary
Normalization (database)	Organizing tables to eliminate redundancy so each fact lives in exactly one place.	glossary
NoSQL	A family of non-relational databases (document, key-value, wide-column, graph) trading strict schemas for scale and flexibility.	glossary
NP-complete	The hardest problems in NP; if any one had a fast solution, all of NP would. SAT is the canonical example.	glossary
OAuth	A delegation protocol that lets an app access a user's data on another service without ever seeing their password.	glossary
Overfitting	When a model memorizes training data, including its noise, and so generalizes poorly to new data.	glossary
OWASP	A nonprofit known for its Top 10 list of the most critical web application security risks.	glossary
Paging	Splitting memory into fixed-size pages so the OS can map virtual addresses to physical frames and swap pages to disk.	glossary
Partial derivative	The derivative of a multivariable function with respect to one variable, holding the others fixed.	glossary
Partitioning	Splitting a large table or dataset into smaller pieces (by range, hash, or list) for performance and manageability.	glossary
Paxos	A foundational, famously subtle consensus protocol for getting distributed nodes to agree despite failures.	glossary
PCA (Principal Component Analysis)	A technique that finds the directions of greatest variance to reduce data dimensions while keeping the most information.	glossary
Percentile	A point below which a given percent of values fall; p99 latency is the time 99% of requests beat.	glossary
Photolithography	Using light to project circuit patterns onto a light-sensitive coating on a wafer, the heart of chip fabrication.	glossary
P-N junction	The boundary between P-type and N-type silicon; it conducts in one direction, forming a diode and the basis of transistors.	glossary
Pod	Kubernetes' smallest deployable unit: one or more tightly coupled containers sharing network and storage.	glossary
Process	An independent program in execution with its own memory space, managed by the OS.	glossary
Product-market fit	The point where a product satisfies a real market demand strongly enough that growth becomes self-sustaining.	glossary
Prompt injection	An attack that smuggles malicious instructions into an LLM's input to override its intended behavior.	glossary
Public key	The freely shareable half of an asymmetric key pair, used to encrypt messages to you or verify your signatures.	glossary
Pumping lemma	A proof tool for showing a language is not regular (or not context-free) by exposing a structure it can't sustain.	glossary
P-value	The probability of seeing data at least as extreme as observed if the null hypothesis were true; small values cast doubt on it.	glossary
P vs NP	The open question of whether every problem whose solution is quick to verify is also quick to solve.	glossary
QPS (Queries Per Second)	A throughput measure of how many requests a system handles each second.	glossary
Quicksort	A fast, in-place, average O(n log n) sort that partitions around a pivot and recurses on each side.	glossary
Qubit	A quantum bit that can hold a superposition of 0 and 1 until measured.	glossary
Queue	A first-in-first-out (FIFO) structure where elements are added at the back and removed from the front.	glossary
Quorum	The minimum number of nodes that must agree (often a majority) for a distributed read or write to count.	glossary
Race condition	A bug where the outcome depends on the unpredictable timing of concurrent operations on shared state.	glossary
RAG (Retrieval-Augmented Generation)	Giving an LLM relevant retrieved documents at query time so it answers from current, specific facts rather than memory alone.	glossary
Raft	A consensus protocol designed to be understandable, using leader election and a replicated log to keep nodes in sync.	glossary
Rate limiting	Capping how many requests a client may make in a window to protect a service from overload and abuse.	glossary
RBAC (Role-Based Access Control)	Granting permissions to roles and assigning users to roles, rather than granting permissions per user.	glossary
ReAct	An agent pattern that interleaves reasoning ("thoughts") with actions (tool calls), looping until the goal is met.	glossary
Recursion	A function that solves a problem by calling itself on smaller inputs until it hits a base case.	glossary
Recursive descent	A parsing technique using one mutually-recursive function per grammar rule; readable and easy to hand-write.	glossary
Reduction	Transforming one problem into another to show they share difficulty; the workhorse of NP-completeness proofs.	glossary
Refactoring	Restructuring existing code to improve its design without changing its external behavior.	glossary
Register	A tiny, ultra-fast storage location inside the CPU holding values it's actively working on.	glossary
Regularization	Techniques (like L2 penalties or dropout) that discourage overly complex models to curb overfitting.	glossary
Regular language	A language recognizable by a finite automaton or describable by a regular expression.	glossary
Relational model	Organizing data as tables of rows and columns with keys relating them, queried with SQL.	glossary
Replication	Keeping copies of data on multiple nodes for durability, availability, and read scaling.	glossary
REST	An API style using HTTP methods and URLs to act on resources in a stateless, predictable way.	glossary
Reverse proxy	A server that sits in front of backends, forwarding client requests and handling TLS, caching, and routing.	glossary
RISC	A CPU design philosophy favoring a small set of simple, fast, uniform instructions (e.g., ARM, RISC-V).	glossary
RLS (Row-Level Security)	Database policies that filter which rows a given user can see or change, enforced by the database itself.	glossary
RNN (Recurrent Neural Network)	A network with loops that carries state across a sequence, suited to text and time series.	glossary
RPC (Remote Procedure Call)	Calling a function on another machine as if it were local, hiding the network underneath.	glossary
Runway	How many months a company can operate before running out of cash at its current burn rate.	glossary
S3	AWS Simple Storage Service: durable, near-infinite object storage accessed over HTTP.	glossary
SAFE	Simple Agreement for Future Equity: a startup funding instrument that converts an investment into shares at a later priced round.	glossary
Salt	Random data added to a password before hashing so identical passwords produce different hashes, foiling precomputed attacks.	glossary
SAT (Boolean satisfiability)	Deciding whether a Boolean formula can be made true; the first proven NP-complete problem.	glossary
Semaphore	A counter-based synchronization primitive that limits how many threads may access a resource at once.	glossary
Semiconductor	A material like silicon whose conductivity sits between a conductor and insulator and can be tuned by doping.	glossary
Serverless	A cloud model where you deploy functions and the provider handles all server provisioning and scaling.	glossary
Server	A computer (or process) that provides services or resources to clients over a network.	glossary
Session	Server-side state identified by a cookie that tracks a logged-in user across requests.	glossary
Sharding	Splitting data horizontally across multiple databases so each holds only a subset, enabling scale beyond one machine.	glossary
SLI / SLO	A Service Level Indicator is a measured signal (e.g., success rate); a Service Level Objective is the target you commit it to.	glossary
SOLID	Five object-oriented design principles (Single responsibility, Open/closed, Liskov, Interface segregation, Dependency inversion) for maintainable code.	glossary
Span	A single timed operation within a distributed trace, with a parent and child spans forming the call tree.	glossary
SQL	Structured Query Language, the standard way to define and query relational data.	glossary
SQL injection	An attack that smuggles malicious SQL through unsanitized input to read or destroy data; prevented with parameterized queries.	glossary
Stack (data structure)	A last-in-first-out (LIFO) structure where you push and pop from one end.	glossary
Stack frame	The block of stack memory holding one function call's local variables, arguments, and return address.	glossary
Superposition	A quantum state that is a blend of multiple basis states at once until measured.	glossary
SVD (Singular Value Decomposition)	Factoring any matrix into rotation-scale-rotation parts; powers compression, PCA, and recommendation systems.	glossary
Symmetric encryption	Encryption where the same secret key both locks and unlocks the data (e.g., AES).	glossary
TAM / SAM / SOM	Total Addressable Market, Serviceable Available Market, and Serviceable Obtainable Market: nested estimates of how big an opportunity is.	glossary
TCP	A connection-oriented transport protocol that delivers a reliable, ordered byte stream.	glossary
TDD (Test-Driven Development)	Writing a failing test first, then the minimal code to pass it, then refactoring; red-green-refactor.	glossary
Technical debt	The future cost incurred by choosing a quick solution now over a better one that would take longer.	glossary
Test pyramid	A guideline for having many fast unit tests, fewer integration tests, and very few slow end-to-end tests.	glossary
Three-way handshake	TCP's connection setup: SYN, SYN-ACK, ACK, agreeing on sequence numbers before data flows.	glossary
Throughput	How much work a system completes per unit of time (e.g., requests per second).	glossary
Thread	An independent path of execution within a process, sharing the process's memory with sibling threads.	glossary
TLB (Translation Lookaside Buffer)	A small cache of recent virtual-to-physical address translations that speeds up paging.	glossary
TLS	Transport Layer Security: the protocol that encrypts and authenticates web traffic (the S in HTTPS).	glossary
Token (compiler)	The smallest meaningful unit of source code (a keyword, number, or symbol) produced by the lexer.	glossary
Tokenization (LLM)	Splitting text into the subword units an LLM actually processes.	glossary
Trace	A record of a request's full journey across services, made of linked spans.	glossary
Transaction	A group of database operations that succeed or fail as one atomic unit.	glossary
Transformer	The attention-based neural architecture behind modern LLMs, processing whole sequences in parallel.	glossary
Transistor	A tiny electronic switch; billions of them on a chip form all of computing's logic.	glossary
Trie	A tree keyed by character sequences, where shared prefixes share paths; great for autocomplete and dictionaries.	glossary
Truth table	A table listing a logic expression's output for every combination of its inputs.	glossary
Turing machine	An abstract model of computation with an infinite tape; the definition of what is computable.	glossary
Two's complement	The standard binary encoding for signed integers, where negating means flipping bits and adding one.	glossary
Two-phase commit	A protocol where a coordinator asks all participants to prepare, then commits only if all agree; blocks if the coordinator fails.	glossary
Type system	The rules a language uses to classify values and catch mismatched operations, at compile or run time.	glossary
UDP	A connectionless transport protocol that sends datagrams fast with no delivery guarantees; favored for streaming and games.	glossary
Unicode / UTF-8	Unicode assigns a number to every character; UTF-8 is the dominant variable-length way to encode those numbers as bytes.	glossary
Variance	A measure of how spread out a set of numbers is from their mean; the square of standard deviation.	glossary
Vector	An ordered list of numbers representing a point, direction, or feature set.	glossary
Vector clock	A per-process array of counters that captures causal ordering between distributed events, beating a single Lamport clock at detecting concurrency.	glossary
Verilog	A hardware description language for specifying digital circuits at the register-transfer level.	glossary
Virtual machine (compilers)	A software CPU that executes bytecode, providing portability across real hardware.	glossary
Virtual memory	The OS illusion that each process has its own large, contiguous address space, mapped onto physical RAM and disk.	glossary
Wafer	A thin, polished disc of silicon on which hundreds of chips are fabricated together.	glossary
WebSocket	A protocol giving a persistent, two-way connection between browser and server for real-time messaging.	glossary
XSS (Cross-Site Scripting)	Injecting malicious scripts into pages other users view; prevented by escaping output and a content security policy.	glossary
Yield (manufacturing)	The percentage of chips on a wafer that work; the key economic lever in semiconductor fabs.	glossary
